tree
version=v4
num_class=1
num_tree_per_iteration=1
label_index=0
max_feature_idx=9
objective=binary sigmoid:1
feature_names=Column_0 Column_1 Column_2 Column_3 Column_4 Column_5 Column_6 Column_7 Column_8 Column_9
feature_infos=[79.918121337890625:312.05715942382812] [2.7319817543029785:204.84437561035156] [12.207550048828125:523.356689453125] [0.0070042829029262066:0.071314007043838501] [0.046553164720535278:0.19306068122386932] [0.044722720980644226:0.93081760406494141] [1:28] [0.059999998658895493:2.1033332347869873] [0.0010072425939142704:0.16867424547672272] [2.1197483539581299:21.282524108886719]
tree_sizes=3112 3354 3365 3387 3379 3377 3380 3363 3370 3373 3371 3381 3365 3358 3384 3380 3373 3374 3374 3387 3382 3372 3375 3383 3384 3378 3387 3364 3382 3366 3388 3375 3376 3387 3377 3378 3381 3382 3374 3390 3377 3376 3384 3380 3374 3386 3383 3386 3383 3388 3384 3389 3394 3404 3400 3397 3400 3391 3388 3398 3383 3395 3398 3387 3392 3382 3400 3380 3379 3377 3400 3384 3404 3404 3400 3402 3385 3394 3384 3412 3396 3381 3409 3399 3386 3406 3408 3399 3407 3404 3403 3416 3389 3384 3410 3413 3396 3410 3398 3389 3392 3393 3409 3414 3400 3414 3412 3412 3400 3409 3412 3404 3411

Tree=0
num_leaves=31
num_cat=0
split_feature=7 5 9 8 5 4 3 0 4 5 5 0 0 8 5 3 1 5 4 5 3 8 8 7 4 9 5 2 1 0
split_gain=1039.19 82.5279 76.529 30.9357 28.8254 17.1682 15.4531 13.9922 12.4902 14.5641 11.7884 11.9114 11.4343 10.8643 9.29563 7.51557 6.79233 6.60571 5.15714 4.13617 4.12511 3.92734 3.7731 5.89109 4.14848 3.70759 3.66959 2.37935 2.15254 2.00957
threshold=0.19763889163732531 0.54900166392326366 11.52617931365967 0.046063164249062545 0.40783165395259863 0.12519570440053943 0.027614281512796882 177.00214385986331 0.0975187122821808 0.34679749608039862 0.52222236990928661 189.7630310058594 190.90534973144534 0.034971710294485099 0.22639652341604236 0.029708225280046466 28.537297248840336 0.33056472241878515 0.10623472929000856 0.58775746822357189 0.022137821651995186 0.054493507370352752 0.033553307875990875 0.3307142853736878 0.10015597566962244 8.3654236793518084 0.29512862861156469 135.28517913818362 10.997761249542238 166.93327331542972
decision_type=2 2 2 2 2 2 2 2 2 2 2 2 2 2 2 2 2 2 2 2 2 2 2 2 2 2 2 2 2 2
left_child=10 2 3 4 5 20 26 17 15 -10 11 27 14 18 -8 28 -6 25 -11 -3 -2 -16 29 -24 -25 -7 -5 -1 -4 -22
right_child=1 19 8 6 16 7 12 -9 9 13 -12 -13 -14 -15 21 -17 -18 -19 -20 -21 22 -23 23 24 -26 -27 -28 -29 -30 -31
leaf_value=0.09999999999999995 -0.029999999999999999 0.040000000000000008 -0.059999999999999998 -0.072727272727272738 0.071428571428571438 -0.044827586206896516 -0.047826086956521685 0.03125 -0.087654320987654327 -0.091666666666666632 0.099041533546325888 0.016666666666666666 0.07575757575757576 0.014285714285714285 0.061904761904761907 -0.035999999999999997 -0.0099999999999999985 0 -0.023809523809523808 0.099999999999999992 -0.099999999999999978 0.0062500000000000003 -0.089743589743589716 -0.070000000000000021 -0.0083333333333333315 -0.099999999999999978 -0.014285714285714284 0.065714285714285711 -0.093469387755102051 -0.072727272727272738
leaf_weight=12.000000000000005 4.9999999999999991 4.9999999999999982 4.9999999999999991 5.4999999999999982 5.2499999999999982 7.2500000000000053 5.7500000000000062 7.9999999999999991 20.25 6.0000000000000018 156.5 8.9999999999999982 8.2499999999999982 8.7499999999999982 5.2499999999999991 6.2499999999999991 5 4.9999999999999991 5.25 6.75 17.500000000000004 7.9999999999999991 9.7500000000000018 4.9999999999999982 6 5.25 5.25 8.7499999999999982 122.5 10.999999999999998
leaf_count=48 20 20 20 22 21 29 23 32 81 24 626 36 33 35 21 25 20 20 21 27 70 32 39 20 24 21 21 35 490 44
internal_value=0 -0.0555378 -0.060596 -0.03125 -0.0472222 -0.0573668 0.00657895 -0.0235294 -0.0821839 -0.057764 0.093557 0.0647059 0.0266055 -0.0275 0.00526316 -0.0895327 0.0317073 -0.0485714 -0.06 0.0744681 -0.0732719 0.0283019 -0.077665 -0.0614458 -0.0363636 -0.068 -0.044186 0.0855422 -0.0921569 -0.0894737
internal_weight=500 313.75 302 128 90 79.75 38 25.5 174 40.25 186.25 29.75 27.25 20 19 133.75 10.25 17.5 11.25 11.75 54.25 13.25 49.25 20.75 11 12.5 10.75 20.75 127.5 28.5
internal_count=2000 1255 1208 512 360 319 152 102 696 161 745 119 109 80 76 535 41 70 45 47 217 53 197 83 44 50 43 83 510 114
is_linear=0
shrinkage=0.05


Tree=1
num_leaves=31
num_cat=0
split_feature=7 5 9 8 5 4 3 0 4 5 5 0 0 8 5 7 3 2 5 4 5 3 8 8 3 9 5 1 4 0
split_gain=939.825 74.6023 69.3016 27.9622 26.0534 15.5407 13.957 12.6397 11.3333 13.1932 10.7209 10.8201 10.3394 9.81912 8.39361 7.52643 6.8256 6.20282 5.97574 4.67585 3.75774 3.74167 3.55004 3.4261 5.57231 3.36866 3.32059 1.99416 1.93035 2.92481
threshold=0.19763889163732531 0.54900166392326366 11.52617931365967 0.046063164249062545 0.40783165395259863 0.12519570440053943 0.027614281512796882 177.00214385986331 0.0975187122821808 0.34679749608039862 0.52222236990928661 171.48836517333987 190.90534973144534 0.034971710294485099 0.22639652341604236 0.15958333015441897 0.029708225280046466 113.11117553710939 0.33056472241878515 0.10623472929000856 0.58775746822357189 0.022137821651995186 0.054493507370352752 0.033553307875990875 0.03300603665411473 8.3654236793518084 0.29512862861156469 15.361754417419435 0.082847449928522124 234.89003753662112
decision_type=2 2 2 2 2 2 2 2 2 2 2 2 2 2 2 2 2 2 2 2 2 2 2 2 2 2 2 2 2 2
left_child=10 2 3 4 5 21 26 18 16 -10 11 -1 14 19 -8 -13 27 -6 25 -11 -3 -2 -16 -23 -25 -7 -5 -4 -29 -30
right_child=1 20 8 6 17 7 12 -9 9 13 -12 15 -14 -15 22 -17 -18 -19 -20 -21 -22 23 -24 24 -26 -27 -28 28 29 -31
leaf_value=0.089547058477633834 -0.02850652507696393 0.038015466079826934 -0.06916628778978294 -0.069183911385072114 0.068135242067289478 -0.042607981646363487 -0.045461223389903077 0.029694875174095511 -0.083434469029670388 -0.087269611396776178 0.09432443808894736 0.077982979731718582 0.07207482168848578 0.013572131942124003 0.058866871679838673 0.0010584507363551317 -0.034211276906131793 -0.0097043479829386319 0 -0.022622308668016764 0.095241872246060316 -0.085177144377630243 0.005937559642480693 -0.07401912836824058 -0.015278407737610467 -0.095241872246060316 -0.013572131942124 -0.094842328808704982 -0.086184557893275116 -0.045429006059868972
leaf_weight=15.968214437365534 4.9988752603530875 4.9980005621910077 12.978055357933043 5.4927337467670423 5.2436217218637449 7.2463588416576439 5.7467132508754792 7.9980473518371573 20.211152896285057 5.9874132871627825 156.11683785915375 4.996571257710456 8.2381741851568204 8.7495535612106305 5.244973495602606 8.7451995611190778 6.2479753047227851 4.9995627701282501 4.9999999999999991 5.2492561787366867 6.7331531792879105 28.441790550947189 7.9999217987060547 15.230561628937723 5.4936094582080832 5.2368969172239304 5.2497321367263794 71.842972755432129 37.418214976787567 4.9890953302383414
leaf_count=64 20 20 52 22 21 29 23 32 81 24 626 20 33 35 21 35 25 20 20 21 27 114 32 61 22 21 21 288 150 20
internal_value=1.80808e-07 -0.0528443 -0.057657 -0.0297207 -0.0449179 -0.0545714 0.0062548 -0.0223703 -0.0782243 -0.0549495 0.0890853 0.0615554 0.0252946 -0.026144 0.00500235 0.0290286 -0.0852336 0.0301428 -0.0461885 -0.0570694 0.0708608 -0.0697201 0.0268975 -0.0739104 -0.058448 -0.0646886 -0.042007 -0.0877393 -0.089849 -0.0813898
internal_weight=499.093 313.266 301.535 127.862 89.8893 79.6461 37.9722 25.4813 173.674 40.1974 185.827 29.71 27.2298 19.9862 18.9916 13.7418 133.476 10.2432 17.4833 11.2367 11.7312 54.1648 13.2449 49.166 20.7242 12.4833 10.7425 127.228 114.25 42.4073
internal_count=2000 1255 1208 512 360 319 152 102 696 161 745 119 109 80 76 55 535 41 70 45 47 217 53 197 83 50 43 510 458 170
is_linear=0
shrinkage=0.05


Tree=2
num_leaves=31
num_cat=0
split_feature=7 5 9 8 5 6 2 3 4 0 4 5 5 0 0 0 5 3 0 2 8 4 7 8 1 4 1 2 3 0
split_gain=853.203 67.9205 62.3851 26.4757 19.9274 15.1263 12.96 12.6237 10.8708 12.5368 10.1927 11.564 9.88956 10.0902 9.38252 8.42376 7.5863 4.83353 3.99506 5.37504 3.21828 3.03935 3.00359 2.50934 2.47305 2.42163 2.20915 2.12389 1.96382 3.43494
threshold=0.19763889163732531 0.52683210372924816 11.52617931365967 0.046063164249062545 0.38142493367195135 5.5000000000000009 135.28517913818362 0.027614281512796882 0.12519570440053943 177.00214385986331 0.0975187122821808 0.34679749608039862 0.52222236990928661 189.7630310058594 190.90534973144534 185.32576751708987 0.22639652341604236 0.029708225280046466 166.93327331542972 156.66801452636722 0.054493507370352752 0.10418440774083139 0.32774999737739569 0.033553307875990875 18.038700103759769 0.098952170461416258 25.309551239013675 135.28517913818362 0.022289964370429519 214.34320831298831
decision_type=2 2 2 2 2 2 2 2 2 2 2 2 2 2 2 2 2 2 2 2 2 2 2 2 2 2 2 2 2 2
left_child=12 2 3 4 8 -6 -3 21 18 26 17 -12 13 27 16 -13 -9 28 23 -20 -18 -5 -21 -2 -25 -24 -10 -1 -4 -30
right_child=1 6 10 7 5 -7 -8 14 9 -11 11 15 -14 -15 -16 -17 20 -19 19 22 -22 -23 25 24 -26 -27 -28 -29 29 -31
leaf_value=0.091717582000506226 -0.091629786818452685 0.088319356998674978 -0.087889238777767623 -0.067237776016971146 0.077622530299841105 -0.0287758898577903 -0.010980662382407165 -0.04325907815605276 -0.072883903066040853 0.02601009700992564 -0.079701096859827833 -0.059408792687472657 0.090241563327934177 0.014511102139414846 0.068753668871696774 0.0064248279918854654 0.056077499127328623 -0.038204586867099252 -0.010609826640511036 -0.093377270152206801 0.0056408385853432812 -0.013980010513045212 -0.073749542120361417 -0.034858927460636895 -0.080647288606710721 -0.024430502446920355 -0.034612707399426672 0.059221250540840757 -0.080906451150160985 -0.037433951198309057
leaf_weight=11.900025203824049 17.10488019883633 9.6876907348632795 92.476523876190186 5.2357159703969938 5.2356721609830847 9.2280588001012784 4.9723364114761344 5.737508296966559 6.9658645987510708 7.7428081184625617 20.102533087134361 9.4679062962532061 155.04616478085518 8.9928197264671308 8.2050890475511533 9.9818342924118024 5.2309025377035123 5.9926117658615103 5.9750738143920925 6.2159004658460644 7.9997029304504395 5.4856674671173096 4.9759122878313047 4.9835401177406293 7.2229955196380615 4.9799633026123047 8.2205807715654355 8.7071065157651883 27.041252255439758 5.4616707712411872
leaf_count=48 69 39 373 21 21 37 20 23 28 31 81 38 626 36 33 40 21 24 24 25 32 22 20 20 29 20 33 35 109 22
internal_value=8.8147e-07 -0.050424 -0.0556052 -0.029037 -0.043961 0.00973888 0.0546391 0.00595505 -0.0544023 -0.0257682 -0.0753525 -0.0531079 0.0851856 0.0587022 0.0240822 -0.0256222 0.0047586 -0.0820702 -0.0671613 -0.0511338 0.0255817 -0.0399881 -0.0661064 -0.0792712 -0.0619534 -0.04908 -0.0521673 0.0779869 -0.0841735 -0.0736015
internal_weight=496.576 311.93 297.27 126.746 88.8513 14.4637 14.66 37.8946 74.3875 22.9293 170.524 39.5523 184.646 29.6 27.1732 19.4497 18.9681 130.972 51.4583 22.1468 13.2306 10.7214 16.1718 29.3114 12.2065 9.95588 15.1864 20.6071 124.979 32.5029
internal_count=2000 1255 1196 509 357 58 59 152 299 92 687 159 745 119 109 78 76 528 207 89 53 43 65 118 49 40 61 83 504 131
is_linear=0
shrinkage=0.05


Tree=3
num_leaves=31
num_cat=0
split_feature=7 5 9 4 5 0 5 8 2 7 2 5 0 8 3 5 0 1 7 8 4 3 8 7 3 0 5 5 8 4
split_gain=777.034 61.717 58.506 21.2904 21.0925 18.9382 16.747 13.6567 11.8399 9.44864 9.62723 9.23538 9.30441 8.3251 21.9741 11.1441 9.21409 7.94596 6.80386 6.17141 3.62164 8.36594 6.62441 3.01583 2.41473 2.84936 1.89577 4.38555 1.66204 1.47226
threshold=0.19763889163732531 0.52683210372924816 9.463076591491701 0.11259153485298158 0.38142493367195135 172.61579895019534 0.34076623618602758 0.046063164249062545 135.28517913818362 0.31100000441074377 418.80836486816412 0.52222236990928661 171.48836517333987 0.039702592417597778 0.029529532417654995 0.42749039828777319 179.04351806640628 37.713876724243171 0.15958333015441897 0.049228886142373092 0.09418902546167375 0.023858561180531982 0.026563784107565883 0.35928572714328771 0.024286206811666492 183.52262115478518 0.20287784188985827 0.24321253597736361 0.033831251785159118 0.12981983274221423
decision_type=2 2 2 2 2 2 2 2 2 2 2 2 2 2 2 2 2 2 2 2 2 2 2 2 2 2 2 2 2 2
left_child=11 2 4 13 5 7 19 26 -3 -7 -11 12 -1 20 15 24 -16 -8 -14 -5 -4 22 -22 -9 -15 -26 -2 -28 -23 -29
right_child=1 8 3 6 -6 9 17 23 -10 10 -12 -13 18 14 16 -17 -18 -19 -20 -21 21 28 -24 -25 25 -27 27 29 -30 -31
leaf_value=0.08232754942381787 -0.078398122442873155 0.08461142125231752 -0.083052702700392389 -0.082396961259676216 0.086433220724821333 -0.032842597352591596 0.039914192057887266 0.036841390198251334 -0.010430858365996399 0.083564743319850199 -0.0049263354974364675 0.086675239885096067 0.072701466853854618 -0.085113863442271551 -0.031701266362587625 -0.0042109236890900429 0.057451426515516373 -0.033199622729326812 -0.00060568538974295775 -0.023438588961422136 -0.073640577378093694 -0.08593759292640267 -0.0024332340471566135 -0.015359294560195328 -0.081916160176237152 -0.029985517054490825 -0.012541238852389933 -0.077740425643940625 -0.054165574660014586 -0.043388891028303303
leaf_weight=15.734299123287203 7.9129829853773144 9.6085305958986265 95.396568700671196 11.599050790071489 5.2212712615728369 5.2185959517955807 9.2191098630428296 4.9819212853908521 4.972693294286727 7.4559299349784833 5.2292090952396393 153.39475983381271 4.9648261070251456 33.728868454694748 6.9634039700031263 5.6849501579999915 4.9643114656209946 6.2255279123783103 8.7322812527418119 7.1896544694900504 5.6866681575775129 24.171677842736248 7.6734204888343811 6.2232187241315842 5.6815538406372053 4.936456486582756 5.693881660699847 8.3788456469774228 4.9609397798776618 4.9688002318143836
leaf_count=64 32 39 388 47 21 21 37 20 20 30 21 626 20 137 28 23 20 25 35 29 23 98 31 25 23 20 23 34 20 20
internal_value=2.17925e-06 -0.0482193 -0.0531766 -0.0645629 -0.00968577 -0.0186375 -0.0281291 -0.0385428 0.0521988 0.0237883 0.047086 0.0817528 0.0560975 -0.0708038 -0.05558 -0.0701187 0.00540406 0.010443 0.0259661 -0.059836 -0.0776446 -0.0655032 -0.0327424 0.00784967 -0.0785676 -0.0577729 -0.0578284 -0.0492804 -0.0805272 -0.0649527
internal_weight=492.774 309.948 295.367 234.082 61.2847 56.0634 34.2333 38.1597 14.5812 17.9037 12.6851 182.826 29.4314 199.849 61.9595 50.0318 11.9277 15.4446 13.6971 18.7887 137.889 42.4927 13.3601 11.2051 44.3469 10.618 26.9545 19.0415 29.1326 13.3476
internal_count=2000 1255 1196 949 247 226 138 154 59 72 51 745 119 811 251 203 48 62 55 76 560 172 54 45 180 43 109 77 118 54
is_linear=0
shrinkage=0.05


Tree=4
num_leaves=31
num_cat=0
split_feature=7 5 9 5 4 0 5 8 7 5 0 8 3 5 0 1 8 5 4 3 8 7 3 0 2 9 5 8 8 7
split_gain=709.623 56.4343 54.6139 20.9187 20.1632 17.1829 15.9177 12.4485 8.80459 8.7058 8.74912 8.61223 19.2525 13.8154 8.33508 7.51732 5.70656 3.38554 3.25214 7.79229 6.05714 2.72587 2.26081 2.62938 1.9723 1.92217 3.05921 2.01485 1.57753 1.1467
threshold=0.19763889163732531 0.54900166392326366 9.463076591491701 0.38142493367195135 0.11259153485298158 172.61579895019534 0.34076623618602758 0.046063164249062545 0.37612499296665197 0.52222236990928661 189.7630310058594 0.039702592417597778 0.029529532417654995 0.42749039828777319 179.04351806640628 37.713876724243171 0.049228886142373092 0.58775746822357189 0.09418902546167375 0.023858561180531982 0.026563784107565883 0.35928572714328771 0.024286206811666492 183.52262115478518 135.28517913818362 8.0205645561218279 0.21483860164880755 0.036444308236241348 0.033831251785159118 0.22292857617139819
decision_type=2 2 2 2 2 2 2 2 2 2 2 2 2 2 2 2 2 2 2 2 2 2 2 2 2 2 2 2 2 2
left_child=9 2 3 5 11 7 16 25 -7 10 24 18 13 22 -14 -8 -6 -3 29 20 -20 -9 -13 -24 -1 26 -2 -27 -21 -4
right_child=1 17 4 -5 6 8 15 21 -10 -11 -12 12 14 -15 -16 -17 -18 -19 19 28 -22 -23 23 -25 -26 27 -28 -29 -30 -31
leaf_value=0.085358687522520793 -0.069666721611112759 0.031221393306309506 -0.060541117503034231 0.082936904131419339 -0.079083736007951849 -0.013411556610586683 0.039200137356176265 0.035054735714888235 0.056814310043359822 0.083535255181624635 0.012626407795351208 -0.081842077977314048 -0.030164662065652388 0.0043748056104877279 0.054718446773726684 -0.031579679128106608 -0.022274418358334665 0.086003873111726026 -0.070571894200779833 -0.082682450560101609 -0.0023119925847468531 -0.01460301012849196 -0.078631829379897794 -0.028583737938739445 0.05377760816503821 -0.081627750273394722 -0.018806354434087649 -0.043245384220638984 -0.051673334692324158 -0.081124474164932445
leaf_weight=11.637830153107648 5.164992421865465 4.9479650110006315 7.3272772282361975 5.6794369965791693 11.483591169118883 8.6917893588542956 9.4567293375730497 4.9742331206798536 9.1744107604026777 151.25583899021149 8.97383004426956 33.333172664046288 6.9524890780448896 6.1828015744686118 4.9519370496273041 6.2178226262331 7.1872053593397132 6.5583531856536865 5.6384392678737623 24.146040871739391 7.6720575988292694 6.2183653563261032 5.6243324130773527 4.9200397580862045 8.5948955416679365 9.2742989957332593 6.914806142449379 5.4157866537570944 4.9406984597444525 88.39983768761158
leaf_count=48 21 20 30 23 47 35 38 20 37 626 36 137 28 25 20 25 29 27 23 99 31 25 23 20 35 38 28 22 20 364
internal_value=3.73106e-06 -0.046194 -0.0504179 -0.00848429 -0.06142 -0.0177845 -0.026027 -0.0368141 0.0226499 0.0787095 0.0537177 -0.0674952 -0.0520078 -0.0655987 0.00514454 0.011123 -0.0572153 0.0624462 -0.0744431 -0.0629147 -0.0312275 0.00746597 -0.0754587 -0.0552792 0.071943 -0.0553278 -0.0405529 -0.0674773 -0.0774152 -0.079549
internal_weight=487.911 307.449 295.943 61.5081 234.434 55.8287 34.3453 37.9625 17.8662 180.462 29.2066 200.089 61.9648 50.0603 11.9044 15.6746 18.6708 11.5063 138.124 42.3972 13.3105 11.1926 43.8775 10.5444 20.2327 26.7699 12.0798 14.6901 29.0867 95.7271
internal_count=2000 1255 1208 249 959 226 139 154 72 745 119 820 253 205 48 63 76 47 567 173 54 45 180 43 83 109 49 60 119 394
is_linear=0
shrinkage=0.05


Tree=5
num_leaves=31
num_cat=0
split_feature=7 5 9 8 5 1 2 4 9 0 4 5 5 0 0 7 2 8 8 3 6 1 0 8 3 8 3 4 9 5
split_gain=649.704 51.5363 49.5449 22.1824 18.8243 20.6964 10.3739 10.0435 9.59709 12.0738 8.53026 9.79317 8.28904 8.19903 7.85421 6.19859 4.73805 3.9202 3.53543 5.10894 3.62594 3.43956 3.07126 2.63071 2.30346 4.42994 2.1143 2.05485 2.03377 2.16564
threshold=0.19763889163732531 0.52683210372924816 11.52617931365967 0.06138866767287255 0.33056472241878515 30.431875228881839 135.28517913818362 0.12571288645267489 8.8082337379455584 177.00214385986331 0.0975187122821808 0.34679749608039862 0.52222236990928661 171.48836517333987 185.32576751708987 0.15958333015441897 46.14436340332032 0.038265308365225799 0.036444308236241348 0.033911619335412986 5.5000000000000009 16.553851127624515 190.00518035888675 0.044589893892407424 0.023992091417312626 0.040350284427404411 0.027728961780667308 0.093669086694717421 7.9164397716522226 0.21483860164880755
decision_type=2 2 2 2 2 2 2 2 2 2 2 2 2 2 2 2 2 2 2 2 2 2 2 2 2 2 2 2 2 2
left_child=12 2 3 4 8 21 -3 17 9 23 16 -12 13 -1 -13 -15 -4 26 -10 20 -20 -6 -5 28 27 -26 -7 -18 29 -2
right_child=1 6 10 22 5 7 -8 -9 18 -11 11 14 -14 15 -16 -17 24 -19 19 -21 -22 -23 -24 -25 25 -27 -28 -29 -30 -31
leaf_value=0.076590835357448483 -0.065856678173315739 0.079097687735830424 -0.02473982155853181 0.015109025592830547 0.015394925437089584 -0.045593807933243267 -0.010385462262862822 0.028124780789834825 -0.07773738356807447 0.021340658848009213 -0.071323688512414565 -0.053988930981604455 0.080751250002742539 0.068236398722347893 0.0098769105359305092 -0.0020309895319359796 -0.080374073795178191 -0.014752529522319445 -0.030060382273961357 -0.0094891169927597448 -0.083145786013310019 0.063465831223824681 0.062439420753072294 -0.016767692431461659 -0.077452651983385828 -0.033614986117490281 -0.086910024766003152 -0.049062549433253638 -0.077840802420598695 -0.018837781786609119
leaf_weight=15.32724964618683 4.8703604191541761 9.3853675723075849 4.8599966168403617 9.4339548349380475 6.8681629449129096 5.858684524893766 4.9457013905048361 4.9746123850345603 21.227324455976486 9.1964007019996625 19.506629526615143 9.33984223008156 148.710902094841 4.905216470360755 9.9344545751810056 8.7140825688838941 91.211025834083557 4.9341038316488257 4.9215709567070034 5.9254675209522238 9.2858509421348554 8.1212407797574979 5.3833297044038764 5.4607284367084494 15.863255828619005 9.0510657727718336 6.5676290988922119 5.5591192543506613 6.7772039473056784 4.9257717877626419
leaf_count=64 20 39 20 38 28 24 20 20 88 37 81 38 626 20 40 35 382 20 20 24 38 33 22 22 66 37 27 23 28 20
internal_value=5.13478e-06 -0.0443415 -0.0489146 -0.0251239 -0.0328656 -0.00400909 0.0482167 -0.0345105 -0.047703 -0.0267811 -0.0668639 -0.0463478 0.0759863 0.0515068 -0.0210709 0.023277 -0.0731512 -0.0524586 -0.0635008 -0.0484904 -0.0647566 0.0414397 0.0323048 -0.0468658 -0.0750848 -0.061527 -0.0674305 -0.0785753 -0.0567827 -0.0422142
internal_weight=482.046 304.389 290.058 124.732 109.915 37.3244 14.3311 22.335 72.5907 31.2305 165.325 38.7809 177.657 28.9465 19.2743 13.6193 126.544 17.3604 41.3602 20.1329 14.2074 14.9894 14.8173 22.0341 121.684 24.9143 12.4263 96.7701 16.5733 9.79613
internal_count=2000 1255 1196 509 449 152 59 91 297 127 687 159 745 119 78 55 528 71 170 82 58 61 60 90 508 103 51 405 68 40
is_linear=0
shrinkage=0.05


Tree=6
num_leaves=31
num_cat=0
split_feature=7 5 9 5 4 0 5 8 5 7 2 0 8 3 5 4 0 8 4 3 8 5 8 7 3 0 2 9 5 8
split_gain=596.112 47.2322 47.177 18.136 17.6234 14.3458 13.582 10.4716 7.93869 7.86116 8.51233 7.71476 7.67018 16.5908 13.3547 9.09919 7.31387 5.00348 3.23489 6.64137 5.40778 3.17528 2.70538 2.40887 1.9891 2.43318 1.88441 1.64542 2.60777 1.93587
threshold=0.19763889163732531 0.54900166392326366 9.463076591491701 0.38142493367195135 0.11259153485298158 172.61579895019534 0.34076623618602758 0.046063164249062545 0.52222236990928661 0.31100000441074377 418.80836486816412 189.7630310058594 0.040350284427404411 0.029529532417654995 0.42749039828777319 0.092401351779699339 167.51636505126956 0.049228886142373092 0.09418902546167375 0.023858561180531982 0.026563784107565883 0.58775746822357189 0.034148240461945541 0.35928572714328771 0.024286206811666492 183.52262115478518 135.28517913818362 8.0205645561218279 0.21483860164880755 0.036444308236241348
decision_type=2 2 2 2 2 2 2 2 2 2 2 2 2 2 2 2 2 2 2 2 2 2 2 2 2 2 2 2 2 2
left_child=8 2 3 5 12 7 17 27 11 -7 -11 26 18 14 24 -15 -8 -6 -4 20 -20 -3 -21 -9 -14 -26 -1 28 -2 -29
right_child=1 21 4 -5 6 9 16 23 -10 10 -12 -13 13 15 -16 -17 -18 -19 19 22 -22 -23 -24 -25 25 -27 -28 29 -30 -31
leaf_value=0.080349113694497709 -0.064402546788722398 0.027618109625356452 -0.074373957722097261 0.078425321177981899 -0.073731128169653312 -0.030739032756612494 -0.02000571597675373 0.032936470559710065 0.078267496445800583 0.076949827472163321 -0.0065883566526644807 0.01097125665814886 -0.076645452692197955 0.058021022112829425 0.0099614733622952183 -0.033079650510699395 0.048879890277350901 -0.020206491367181521 -0.065934124449244194 -0.078015876638121762 -0.00099002105772017369 0.081197825931885015 -0.037159732456543325 -0.013803260598834528 -0.074174674322001921 -0.02567330506904518 0.049092717427160405 -0.076395409128651004 -0.017115579022116557 -0.03837516401312429
leaf_weight=11.260564267635351 5.0583148300647753 4.8936020880937559 94.157931119203568 5.5923885554075232 11.186918154358866 5.2054024189710644 8.6688822358846647 4.9558987319469434 145.83118805289268 7.3588372170925123 5.207263857126236 8.9461478590965253 31.408933043479919 4.9369404315948469 5.9040396958589545 6.1620503067970276 6.9365267753601065 7.1611898541450492 5.5246063172817212 23.983380407094959 7.6355207115411758 6.3575436770915985 4.8755541741847983 6.2119821757078171 5.5070670843124372 4.8749103844165802 8.4336665719747526 9.0135537534952146 6.8827926814556122 5.3264890015125266
leaf_count=48 21 20 400 23 47 21 35 20 626 30 21 36 133 20 24 25 28 29 23 101 31 27 20 25 23 20 35 38 28 22
internal_value=6.66826e-06 -0.0426183 -0.0465214 -0.007376 -0.0569203 -0.0160654 -0.0236764 -0.0336213 0.0735409 0.0209293 0.0423325 0.0494742 -0.0627096 -0.0476167 -0.0604294 0.00744283 0.0106136 -0.0528407 -0.0692259 -0.05769 -0.0282535 0.0578937 -0.0711135 0.00693813 -0.070374 -0.0514006 0.0669642 -0.0508566 -0.0371466 -0.0622731
internal_weight=475.46 300.989 289.737 60.8129 228.924 55.2205 33.9535 37.449 174.472 17.7715 12.5661 28.6404 194.971 58.7939 47.695 11.099 15.6054 18.3481 136.177 42.0191 13.1601 11.2511 28.8589 11.1679 41.7909 10.382 19.6942 26.2812 11.9411 14.34
internal_count=2000 1255 1208 249 959 226 139 154 745 72 51 119 820 245 200 45 63 76 575 175 54 47 121 45 176 43 83 109 49 60
is_linear=0
shrinkage=0.05


Tree=7
num_leaves=31
num_cat=0
split_feature=7 5 9 8 5 1 2 9 9 0 4 5 5 0 0 4 2 0 8 3 6 1 1 8 3 8 4 9 5 9
split_gain=548.03 43.4228 43.365 19.0058 16.3156 18.2252 9.17375 9.13063 8.3017 10.2896 7.77125 8.74167 7.66771 7.35496 7.01915 5.92266 4.46487 3.65833 3.16495 4.47 3.31138 3.00714 2.98417 2.18811 2.13754 3.84897 1.90231 1.84917 1.85073 1.44255
threshold=0.19763889163732531 0.52683210372924816 11.52617931365967 0.06138866767287255 0.33056472241878515 30.431875228881839 135.28517913818362 9.4934096336364764 8.8082337379455584 177.00214385986331 0.0975187122821808 0.34679749608039862 0.52222236990928661 171.48836517333987 185.32576751708987 0.097313519567251219 46.14436340332032 155.17555236816409 0.036444308236241348 0.033911619335412986 5.5000000000000009 16.553851127624515 16.553851127624515 0.044589893892407424 0.023992091417312626 0.040350284427404411 0.093669086694717421 7.9164397716522226 0.21483860164880755 10.838040828704836
decision_type=2 2 2 2 2 2 2 2 2 2 2 2 2 2 2 2 2 2 2 2 2 2 2 2 2 2 2 2 2 2
left_child=12 2 3 4 8 21 -3 -7 9 23 16 -12 13 -1 -13 -15 -4 -9 -10 20 -20 -6 -5 27 26 -26 -18 28 -2 -19
right_child=1 6 10 22 5 7 -8 17 18 -11 11 14 -14 15 -16 -17 24 29 19 -21 -22 -23 -24 -25 25 -27 -28 -29 -30 -31
leaf_value=0.071909241224188514 -0.060905480278960922 0.074647020468182931 -0.021177972534539041 0.061013547215336167 0.015225078836867462 0.018592179643504039 -0.01016426983695122 -0.086313137913564639 -0.072814048100085557 0.019796070396044876 -0.066753235502855501 -0.050230587170253527 0.07603927342333601 -0.0092434924868996359 0.010410587442990501 0.057239279973927408 -0.075689471532945238 -0.017958458701367291 -0.027010355582181192 -0.0083902057717652433 -0.078139186436465488 0.060385549664706634 0.013833149042492164 -0.01597505283432438 -0.07247856777555349 -0.031215689909224988 -0.045230423527899161 -0.073041344823461585 -0.017119372380923207 -0.055372998706143706
leaf_weight=14.799864798784258 4.7515040338039487 9.0947144627571088 4.7807743549346915 5.16538281738758 6.8162479400634757 6.3376139700412777 4.9097084403038016 5.3022896200418463 20.553188979625702 9.1663648486137372 18.92764388024807 9.2111263424158114 142.67899009585381 7.3901493251323682 9.9013151228427869 6.1275809705257416 87.804514572024345 5.573982819914816 4.8670025169849422 5.9119772017002097 9.0650526136159879 8.0272715985774976 9.5440899431705457 5.44836401939392 15.317276597023012 8.9559471458196622 5.4439500272274008 6.5774262249469748 4.9040785580873489 4.7903456389904022
leaf_count=64 20 39 20 21 28 26 20 22 88 37 81 38 626 30 40 25 382 23 20 24 38 33 39 22 66 37 23 28 20 20
internal_value=8.3089e-06 -0.0410299 -0.0452807 -0.0229214 -0.0301777 -0.00316638 0.0449136 -0.0320476 -0.0441478 -0.0246161 -0.062405 -0.0426677 0.0713224 0.0475561 -0.0188151 0.0208931 -0.068544 -0.0525329 -0.0590625 -0.0448194 -0.0602779 0.0396475 0.030401 -0.0433925 -0.0704708 -0.057254 -0.0739112 -0.0525948 -0.0386665 -0.0352513
internal_weight=468.146 297.149 283.145 122.802 108.093 36.8478 14.0044 22.0042 71.245 30.8477 160.343 38.0401 170.997 28.3176 19.1124 13.5177 122.302 15.6666 40.3972 19.844 13.9321 14.8435 14.7095 21.6814 117.522 24.2732 93.2485 16.233 9.65558 10.3643
internal_count=2000 1255 1196 509 449 152 59 91 297 127 687 159 745 119 78 55 528 65 170 82 58 61 60 90 508 103 405 68 40 43
is_linear=0
shrinkage=0.05


Tree=8
num_leaves=31
num_cat=0
split_feature=7 5 9 8 5 1 2 9 9 0 5 4 5 0 8 7 2 4 0 8 3 6 6 0 3 8 8 4 9 5
split_gain=504.601 39.7651 40.5298 17.3022 14.9667 16.5425 8.52368 8.3365 7.71585 9.3857 7.45006 7.43766 8.18875 6.94799 6.4048 5.6276 4.24206 3.63009 3.4172 3.03379 4.14048 3.11275 2.97735 2.71006 2.08682 3.66963 2.04132 1.84474 1.75142 1.722
threshold=0.19763889163732531 0.52683210372924816 11.52617931365967 0.06138866767287255 0.33056472241878515 30.431875228881839 135.28517913818362 9.4934096336364764 8.8082337379455584 177.00214385986331 0.52222236990928661 0.0975187122821808 0.34679749608039862 171.48836517333987 0.034971710294485099 0.15958333015441897 46.14436340332032 0.10623472929000856 155.17555236816409 0.036444308236241348 0.033911619335412986 5.5000000000000009 5.5000000000000009 190.00518035888675 0.023992091417312626 0.040350284427404411 0.044589893892407424 0.093669086694717421 7.9164397716522226 0.21483860164880755
decision_type=2 2 2 2 2 2 2 2 2 2 2 2 2 2 2 2 2 2 2 2 2 2 2 2 2 2 2 2 2 2
left_child=10 2 3 4 8 22 -3 -7 9 26 13 16 -13 -1 17 -15 -4 -14 -9 -10 21 -21 -6 -5 27 -26 28 -18 29 -2
right_child=1 6 11 23 5 7 -8 18 19 -11 -12 12 14 15 -16 -17 24 -19 -20 20 -22 -23 -24 -25 25 -27 -28 -29 -30 -31
leaf_value=0.069782191754633363 -0.058716716307784404 0.072384397204712375 -0.020207220243648273 0.012850683380353507 0.06234067664501354 0.017655837644707205 -0.0096562480612356963 -0.083355143912915278 -0.07056783499644452 0.018825912707358665 0.074030262198820238 -0.064587038664571703 -0.072434252136928987 0.063347758002671742 0.01449999140803002 -0.0041203158525983221 -0.073600378873756575 -0.013865227101296335 -0.033692950996451011 -0.025761198220948762 -0.0079708144860100739 -0.075543655143583507 0.017288453761750443 0.057619591307425048 -0.070318034953067071 -0.029809811528445564 -0.015183062459261371 -0.043436390564887906 -0.070745710588706129 -0.016302227262205437
leaf_weight=14.496136873960497 4.6839142441749662 8.9146110117435438 4.7604487091302863 9.4215856194496137 6.7380435764789572 6.3399645239114788 4.9096129685640326 5.2180348187685004 20.157075509428978 9.1570366621017438 139.30873784422874 18.592848598957062 5.4216855168342608 4.8008458167314521 8.4582422077655774 8.6769703179597837 85.831882625818253 5.166776567697525 10.303588852286337 4.8483347296714809 5.9118903577327719 8.9115542471408826 8.0466989874839765 5.2719056606292716 15.006388232111933 8.910578176379202 5.4459972232580176 5.3868262767791739 6.4544301480054846 4.8926956206560135
leaf_count=64 20 39 20 38 28 26 20 22 88 37 626 81 23 20 34 35 382 21 43 20 24 38 33 22 66 37 22 23 28 20
internal_value=9.73911e-06 -0.0395293 -0.0436259 -0.0219662 -0.028946 -0.003029 0.043248 -0.0306552 -0.0424249 -0.0235589 0.0693019 -0.0603727 -0.0409826 0.0457548 -0.0179406 0.0199121 -0.0664599 -0.0438547 -0.0503883 -0.0569355 -0.0429668 -0.0580027 0.0378207 0.0289134 -0.0683723 -0.0552262 -0.0416303 -0.0718191 -0.0506149 -0.0370471
internal_weight=460.445 293.163 279.338 121.803 107.109 36.6463 13.8242 21.8616 70.4629 30.6341 167.283 157.536 37.6396 27.974 19.0467 13.4778 119.896 10.5885 15.5216 39.8289 19.6718 13.7599 14.7847 14.6935 115.136 23.917 21.477 91.2187 16.031 9.57661
internal_count=2000 1255 1196 509 449 152 59 91 297 127 745 687 159 119 78 55 528 44 65 170 82 58 61 60 508 103 90 405 68 40
is_linear=0
shrinkage=0.05


Tree=9
num_leaves=31
num_cat=0
split_feature=7 5 9 4 5 0 5 2 2 8 7 3 8 3 0 8 5 7 4 5 1 9 7 2 2 2 3 9 7 0
split_gain=465.62 44.0464 40.3427 14.9544 14.7676 10.9641 10.795 11.925 8.93122 8.77418 7.1035 6.0571 7.63245 10.1526 6.88241 4.48038 3.98969 3.59887 3.31992 2.95711 3.53488 4.28772 2.62854 1.84654 5.65271 4.73185 1.5885 1.76905 2.24599 1.38628
threshold=0.19035714119672778 0.51446503400802623 9.463076591491701 0.11259153485298158 0.38142493367195135 172.61579895019534 0.2932583093643189 328.61180114746099 120.70887756347658 0.046063164249062545 0.37612499296665197 0.02099208161234856 0.039702592417597778 0.029529532417654995 179.04351806640628 0.03949324972927571 0.387596145272255 0.33291667699813848 0.10122180357575418 0.51893743872642528 20.471193313598636 11.618255138397219 0.21062500029802325 141.21437835693362 76.50964736938478 103.55961227416994 0.028641711920499805 8.2225909233093279 0.39208334684371954 208.03928375244143
decision_type=2 2 2 2 2 2 2 2 2 2 2 2 2 2 2 2 2 2 2 2 2 2 2 2 2 2 2 2 2 2
left_child=19 2 4 11 5 9 -5 15 -3 26 -7 18 22 16 -15 -8 29 -11 -4 20 -1 -22 -13 24 -24 -26 -2 28 -28 -14
right_child=1 8 3 6 -6 10 7 -9 -10 17 -12 12 13 14 -16 -17 -18 -19 -20 -21 21 -23 23 -25 25 -27 27 -29 -30 -31
leaf_value=0.076391207461451824 -0.02055646741384079 0.068063872016710186 -0.070860320561125387 -0.061211298021580186 0.072941768388468178 -0.013612305228190928 -0.004602552541337024 -0.062766862525614461 -0.00060308428240065444 0.039620704923199905 0.049986481617730838 -0.027079335599497923 -0.068256019124278561 -0.025411268667963928 0.052317294812360006 0.048226067554129393 -0.011207627230892298 -0.017194506897486452 -0.02785643071558935 0.072211675923206015 0.064746386695718278 0.0084241331758148335 -0.072508551146394096 -0.069187810190623575 0.014065277299474016 -0.056157041064097413 -0.015876596265751539 -0.067428660185513509 -0.06164356064436588 -0.036734648768444594
leaf_weight=9.35736893117428 5.092157498002055 10.276388838887216 74.199218213558197 11.156142279505728 5.4134970605373374 8.6063897460699099 8.1708086431026512 5.7127587348222724 8.7822755426168424 4.9053342193365079 8.9628754705190641 5.6601143330335608 14.204473808407789 6.8342047333717328 4.8823883235454559 7.8879331201314917 5.2453859895467749 6.4551254957914352 4.7769294381141654 134.69996036589146 6.7173854410648328 6.7996813356876373 13.256138637661936 39.645762950181961 4.6533526331186277 4.9517122656106949 5.5805908292531985 9.5639145076274854 5.1586638242006302 4.6233555078506461
leaf_count=42 22 46 336 48 23 35 34 24 37 20 37 24 62 28 20 32 22 26 20 621 29 28 59 176 20 22 23 42 22 20
internal_value=1.11645e-05 -0.0370901 -0.0421737 -0.0522373 -0.00580961 -0.0136572 -0.0212179 -0.000724549 0.036422 -0.0291872 0.0188323 -0.0578208 -0.0498907 -0.0311932 0.00697878 0.0213465 -0.0497718 0.00733774 -0.0682592 0.0693891 0.0527676 0.0364138 -0.0597074 -0.062662 -0.0513449 -0.0221365 -0.0455264 -0.051789 -0.037861 -0.0605156
internal_weight=452.232 294.658 275.599 215.861 59.7385 54.3251 32.9276 21.7715 19.0587 36.7558 17.5693 182.933 103.957 35.7898 11.7166 16.0587 24.0732 11.3605 78.9761 157.574 22.8744 13.5171 68.1671 62.507 22.8612 9.60506 25.3953 20.3032 10.7393 18.8278
internal_count=2000 1280 1197 947 250 227 138 90 83 155 72 809 453 152 48 66 104 46 356 720 99 57 301 277 101 42 109 87 45 82
is_linear=0
shrinkage=0.05


Tree=10
num_leaves=31
num_cat=0
split_feature=7 5 9 8 5 4 5 4 5 0 2 3 1 2 8 9 2 8 4 5 1 9 1 7 3 3 7 3 8 6
split_gain=430.167 40.6068 37.2059 15.2775 14.5498 11.121 9.47508 7.70851 8.20051 7.15867 11.3053 9.60443 6.85017 6.16299 6.10951 4.57558 4.14437 3.42861 3.3472 2.95115 3.39568 3.99563 2.57913 2.28189 2.17826 1.93655 1.9196 1.80914 1.46302 1.36253
threshold=0.19035714119672778 0.52683210372924816 11.52617931365967 0.06138866767287255 0.40783165395259863 0.12915484607219699 0.20287784188985827 0.0975187122821808 0.34679749608039862 159.81677246093753 138.1419372558594 0.037108434364199645 25.593830108642582 135.28517913818362 0.034559708088636405 8.6929473876953143 46.14436340332032 0.033553307875990875 0.10623472929000856 0.51893743872642528 20.471193313598636 11.618255138397219 16.553851127624515 0.4122499972581864 0.038356509059667594 0.029708225280046466 0.37062500417232519 0.023056228645145897 0.012921773362904789 5.5000000000000009
decision_type=2 2 2 2 2 2 2 2 2 2 2 2 2 2 2 2 2 2 2 2 2 2 2 2 2 2 2 2 2 2
left_child=19 2 3 4 5 9 -7 16 -9 17 -11 23 -6 -3 18 -8 -4 -2 -10 20 -1 -22 -5 27 29 28 -24 -12 -18 -19
right_child=1 13 7 22 12 6 15 8 14 10 11 -13 -14 -15 -16 -17 25 24 -20 -21 21 -23 26 -25 -26 -27 -28 -29 -30 -31
leaf_value=0.074486257314760981 -0.07546896299152904 0.068889797960519888 -0.016721631759266373 0.056845368926866639 0.072427645721050524 -0.062817501645330828 0.034558314434190239 -0.061199534798116934 -0.068168247749951574 0.041144420258563873 -0.037386697614272733 0.022837122425821796 -0.0042204420122030082 0.0032437689930153394 0.016868040520702513 -0.016600341476002586 -0.037572778976778166 -0.035951097537196872 -0.012568055570457877 0.070555823612758292 0.062641684087500524 0.0080119729227652176 -0.0093229507705151465 -0.030692926656869852 -0.01636070016441132 -0.033599786253540757 0.035230016265184363 -0.074776286510064224 -0.067394994038500286 -0.065881470162261993
leaf_weight=9.1227853745222109 15.871603086590765 9.3812911957502347 4.6679382324218741 5.1168664544820777 4.6970275044441205 5.1399347335100201 10.90770433843136 17.946460515260696 5.2338176369667071 5.2773306816816321 4.6360014975071016 5.2222457975149146 7.6832911521196365 5.776990294456481 8.6856288909912092 7.2929095029830924 4.2843206673860541 6.360059633851054 5.6065080612897873 131.0604200065136 6.5989439338445646 6.792200431227684 4.8362320065498334 8.1130940169095975 5.1336313635110846 4.7585232704877845 4.8344535678625107 10.707747042179106 102.56527353823185 9.455566465854643
leaf_count=42 72 43 20 21 20 22 45 81 23 22 20 22 32 24 35 31 20 27 23 621 29 28 20 35 21 20 20 46 474 41
internal_value=1.32862e-05 -0.0357986 -0.0401896 -0.0194842 -0.0260967 -0.0327996 -0.00287015 -0.0565232 -0.0368017 -0.0426695 -0.0261109 -0.0384867 0.0248594 0.0438714 -0.0143775 0.0140593 -0.0628788 -0.05794 -0.0394124 0.0676831 0.05096 0.0349326 0.0281385 -0.0521394 -0.0446597 -0.0648093 0.0129494 -0.0634793 -0.0661992 -0.0538453
internal_weight=443.767 290.192 275.034 121.286 106.498 94.1178 23.3405 153.748 37.4724 70.7773 33.9564 28.6791 12.3803 15.1583 19.526 18.2006 116.276 36.8209 10.8403 153.574 22.5139 13.3911 14.7876 23.4568 20.9493 111.608 9.67069 15.3437 106.85 15.8156
internal_count=2000 1280 1213 517 456 404 98 696 162 306 145 123 52 67 81 76 534 161 46 720 99 57 61 101 89 514 40 66 494 68
is_linear=0
shrinkage=0.05


Tree=11
num_leaves=31
num_cat=0
split_feature=7 5 9 4 5 0 5 2 2 8 7 2 3 8 3 4 4 8 5 7 5 1 9 6 7 2 3 3 9 7
split_gain=397.845 37.3775 35.5487 13.3389 13.1107 9.70328 9.64134 10.5404 7.71302 7.56706 6.65897 7.11858 5.82106 7.554 8.86681 6.69569 4.00272 3.86076 3.53625 3.2618 2.95158 3.27376 3.73123 2.4291 2.01899 1.82518 5.57033 1.56009 1.56835 1.97296
threshold=0.19035714119672778 0.51446503400802623 9.463076591491701 0.11259153485298158 0.38142493367195135 172.61579895019534 0.2932583093643189 328.61180114746099 120.70887756347658 0.046063164249062545 0.31100000441074377 418.80836486816412 0.020851403474807743 0.039702592417597778 0.029529532417654995 0.092401351779699339 0.099193606525659575 0.03949324972927571 0.387596145272255 0.33291667699813848 0.51893743872642528 20.471193313598636 11.618255138397219 4.5000000000000009 0.21062500029802325 141.21437835693362 0.023858561180531982 0.028641711920499805 8.2225909233093279 0.39208334684371954
decision_type=2 2 2 2 2 2 2 2 2 2 2 2 2 2 2 2 2 2 2 2 2 2 2 2 2 2 2 2 2 2
left_child=20 2 4 12 5 9 -5 17 -3 27 -7 -12 16 24 18 -16 -4 -8 23 -11 21 -1 -23 -15 -14 26 -26 -2 29 -29
right_child=1 8 3 6 -6 10 7 -9 -10 19 11 -13 13 14 15 -17 -18 -19 -20 -21 -22 22 -24 -25 25 -27 -28 28 -30 -31
leaf_value=0.07276108327966839 -0.017704663436014425 0.064493396120950494 -0.068671494060578389 -0.057963339526091673 0.070141932577815522 -0.029454204747029512 -0.0036786161324474948 -0.059171079191375181 -9.5248453836916663e-05 0.03754015444385185 0.070593344029423299 -0.006528333572595699 -0.029135629979173978 -0.023256045452597979 0.050525353115738282 -0.025963345594803018 -0.024752289273353628 0.04551019825831467 -0.0087659763769838799 -0.016680135185715164 0.069044006696789201 0.06068141167911574 0.0076198003299374891 -0.06514591218915225 -0.0097511085417989769 -0.06594829730917294 -0.064479490041644119 -0.015317917838863547 -0.064066803759126476 -0.05855659100773352
leaf_weight=8.8783282637596148 4.9927476942539242 9.8130366206169146 67.132518842816353 10.863441795110701 5.283504292368888 5.1617784649133709 8.1102740317583102 5.6077919602394095 8.7381827682256681 4.871996656060217 7.1287116557359678 5.156438335776329 6.0348922163248053 4.522833049297339 5.0995748490095121 6.5182619094848633 5.622308447957038 7.8505337387323371 5.1784032434225074 6.4406758099794388 127.32833145558834 6.474680617451666 6.7848808318376541 14.736943572759627 6.6604435592889812 39.028441280126572 15.398357242345808 5.5563234835863131 9.2108878642320615 5.0234670788049698
leaf_count=42 22 46 320 48 23 21 34 24 37 20 30 21 26 20 21 27 24 32 22 26 621 29 28 67 30 181 71 23 42 22
internal_value=1.53559e-05 -0.0345596 -0.0393246 -0.0490151 -0.00500073 -0.0124156 -0.0195503 -0.000202811 0.0340702 -0.0272138 0.0182004 0.0382231 -0.0544467 -0.0468095 -0.0283505 0.00761088 -0.0652775 0.0205156 -0.0454465 0.00667076 0.0661143 0.0492635 0.0335299 -0.0553088 -0.0567252 -0.0594508 -0.0479548 -0.0426808 -0.0489817 -0.0358484
internal_weight=435.209 285.743 267.192 208.365 58.8265 53.543 32.432 21.5686 18.5512 36.0961 17.4469 12.2851 175.933 103.178 36.056 11.6178 72.7548 15.9608 24.4382 11.3127 149.466 22.1379 13.2596 19.2598 67.1221 61.0872 22.0588 24.7834 19.7907 10.5798
internal_count=2000 1280 1197 947 250 227 138 90 83 155 72 51 809 465 157 48 344 66 109 46 720 99 57 87 308 282 101 109 87 45
is_linear=0
shrinkage=0.05


Tree=12
num_leaves=31
num_cat=0
split_feature=7 5 9 8 5 4 1 4 5 9 0 0 2 2 2 1 0 5 0 8 3 6 1 6 3 1 5 5 9 7
split_gain=368.445 34.463 33.1417 13.093 13.256 13.5257 9.86902 7.26664 7.55354 6.16512 7.25297 5.57927 5.50152 4.06142 3.96548 3.25769 3.25716 2.95749 3.17238 2.74366 3.40101 2.82266 2.36234 2.31996 1.8628 5.08698 1.84612 4.48721 1.84029 1.75408
threshold=0.19035714119672778 0.52683210372924816 11.52617931365967 0.06138866767287255 0.33056472241878515 0.12981983274221423 30.431875228881839 0.0975187122821808 0.34679749608039862 8.8082337379455584 177.00214385986331 185.32576751708987 135.28517913818362 242.40199279785159 46.14436340332032 15.874236583709719 155.17555236816409 0.51893743872642528 171.48836517333987 0.036444308236241348 0.033911619335412986 5.5000000000000009 16.553851127624515 7.5000000000000009 0.024622764438390735 34.99682807922364 0.28365683555603033 0.21053409576416018 10.813251972198488 0.37062500417232519
decision_type=2 2 2 2 2 2 2 2 2 2 2 2 2 2 2 2 2 2 2 2 2 2 2 2 2 2 2 2 2 2
left_child=17 2 3 4 9 6 15 14 -9 10 26 -10 -3 -13 -4 -6 -8 18 -1 -11 21 -21 -5 -20 -16 -26 27 -2 -18 -24
right_child=1 12 7 22 5 -7 16 8 11 19 -12 13 -14 -15 24 -17 28 -19 23 20 -22 -23 29 -25 25 -27 -28 -29 -30 -31
leaf_value=0.066043807945259825 -0.05334897237708186 0.065709386137839346 -0.014214412893764603 0.053992340144629072 -0.011148168526690729 0.058213537492846294 -0.06640221587884447 -0.058055935544881414 -0.041155951909251205 -0.064401361755558675 0.016926693754807747 0.045683501484170504 0.0030868182900272555 -0.017340635997682652 -0.064844780776483757 0.043497961357715172 -0.0054096133020635684 0.067658761171952075 0.052622171652263162 -0.020624202603569747 -0.0056615293204701888 -0.069057801804309246 -0.009543036705394678 0.0054640767264166569 -0.01885369565387035 -0.070068022098343327 -0.062906252728247444 0.00038546612675000134 -0.046809477137129657 0.033214186944580074
leaf_weight=11.290390059351923 8.2896366268396431 8.9284962266683561 4.588888853788375 5.0655061155557624 4.6473249644041079 7.849828213453292 6.7093698829412487 17.237511336803436 9.0298118740320223 18.634994953870773 9.0831368118524534 4.8920996785163862 5.776125654578208 5.3537138551473618 86.621638864278793 6.6012251377105713 6.5846247524023038 123.53472249209881 4.9597893655300123 4.7089463919401195 5.8438027203083029 8.3288863599300367 4.8086400926113111 5.5001412630081177 8.5718004852533358 11.162831410765646 5.0653140395879737 7.3123040944337836 4.5316472053527832 4.7861170619726181
leaf_count=55 37 43 20 21 20 33 30 81 39 88 37 20 24 22 423 28 28 621 21 20 24 38 20 23 39 52 22 31 20 20
internal_value=1.77162e-05 -0.0334053 -0.0375198 -0.0178728 -0.0240978 -2.61183e-05 -0.0157504 -0.0533553 -0.0340075 -0.0373112 -0.0203129 -0.0125018 0.0411106 0.0127517 -0.0597228 0.020921 -0.0388912 0.0646654 0.0476641 -0.0507907 -0.0373579 -0.0515648 0.026369 0.027825 -0.0616863 -0.0478229 -0.0366795 -0.0281648 -0.0222866 0.0117854
internal_weight=426.299 281.014 266.31 118.851 104.191 36.924 29.0742 147.458 36.5131 67.267 29.7504 19.2756 14.7046 10.2458 110.945 11.2486 17.8256 145.285 21.7503 37.5166 18.8816 13.0378 14.6603 10.4599 106.356 19.7346 20.6673 15.6019 11.1163 9.59476
internal_count=2000 1280 1213 517 456 159 126 696 162 297 127 81 67 42 534 48 78 720 99 170 82 58 61 44 514 91 90 68 48 40
is_linear=0
shrinkage=0.05


Tree=13
num_leaves=31
num_cat=0
split_feature=7 5 9 8 5 1 5 4 5 4 3 9 0 9 3 3 3 9 8 7 4 9 6 5 5 9 0 5 2 3
split_gain=341.705 26.9378 30.9403 12.464 12.2658 12.5344 6.91431 6.88655 7.18772 6.47391 6.19154 5.85198 7.56606 5.6904 4.17801 3.67644 3.25996 3.67983 2.93817 2.92807 2.68887 2.55945 3.16596 2.36707 4.20006 4.35576 1.92291 1.90312 3.4541 1.84973
threshold=0.19763889163732531 0.5580311417579652 11.52617931365967 0.06138866767287255 0.33056472241878515 30.431875228881839 0.45776180922985082 0.0975187122821808 0.34679749608039862 0.12571288645267489 0.024622764438390735 9.4116024971008319 172.61579895019534 9.65210008621216 0.029708225280046466 0.021528706885874275 0.033174866810441024 10.57711172103882 0.038265308365225799 0.4053571373224259 0.11259153485298158 10.620293140411379 6.5000000000000009 0.28365683555603033 0.20287784188985827 8.4744629859924334 191.36695861816409 0.52222236990928661 153.911979675293 0.027728961780667308
decision_type=2 2 2 2 2 2 2 2 2 2 2 2 2 2 2 2 2 2 2 2 2 2 2 2 2 2 2 2 2 2
left_child=6 2 3 4 11 21 13 14 -9 18 15 12 23 -1 -4 -10 -13 -18 29 -14 -5 22 -6 24 -2 -26 -3 28 -8 -7
right_child=1 26 7 20 5 9 27 8 10 -11 -12 16 19 -15 -16 -17 17 -19 -20 -21 -22 -23 -24 -25 25 -27 -28 -29 -30 -31
leaf_value=0.060834141336109787 -0.056505270344399922 0.030030348948559649 -0.060178220755201052 0.048383054011308234 0.075590311462619048 -0.032985131667511262 0.072041618721116987 -0.056457561883327706 -0.014625889587644693 0.026021167699293964 -0.042381525083137438 -0.064972401287497095 -0.013808807121397508 -0.019495159726561302 -0.016789068228005171 0.045059642920467019 -0.060378996248802552 0.00072423264814924467 -0.0070018434315394203 0.036750471980432062 0.0057379906129898959 0.0053447448250923731 0.0194111014942366 -0.064433501110827157 0.017239345694137348 -0.045003653126417416 0.077037368879430509 0.066429765909152783 0.027082528205934681 -0.073603610871047914
leaf_weight=4.1938571631908399 8.239839002490049 4.4044350385665876 103.2058060914278 6.9809245020151121 5.4427169859409315 5.4251250773668307 8.199067026376726 16.849165886640549 5.2672320455312747 4.8320925682783118 8.8511447161436063 19.013961508870128 5.8532879799604398 4.6479637622833252 5.8633393794298163 5.057267427444458 4.8820721209049207 4.9747800379991531 4.7340892106294623 5.6066206991672516 7.8560450077056885 4.7969738543033591 4.6506629437208176 6.3289552479982367 6.4957330524921399 4.9546787887811661 4.2991075366735458 120.74928975105286 8.919578865170477 5.7987502813339233
leaf_count=20 38 21 513 30 24 24 40 81 22 20 38 90 24 20 25 21 22 22 20 23 32 20 20 28 27 23 20 626 39 27
internal_value=1.94252e-05 -0.0332884 -0.0361636 -0.0170169 -0.0232437 0.000396903 0.061469 -0.0515854 -0.0326316 -0.0246833 -0.0116963 -0.0359567 -0.0229239 0.0186067 -0.0578457 0.01461 -0.0528754 -0.02954 -0.0400367 0.0109267 0.0258029 0.0354142 0.049705 -0.0378331 -0.0292831 -0.00969367 0.0532494 0.0642179 0.0486159 -0.0539704
internal_weight=417.375 270.665 261.961 116.867 102.03 35.6804 146.71 145.094 36.0248 20.7901 19.1756 66.3499 37.4791 8.84182 109.069 10.3245 28.8708 9.85685 15.958 11.4599 14.837 14.8904 10.0934 26.0192 19.6903 11.4504 8.70354 137.868 17.1186 11.2239
internal_count=2000 1255 1214 514 452 155 745 700 162 91 81 297 163 40 538 43 134 44 71 47 62 64 44 116 88 50 41 705 79 51
is_linear=0
shrinkage=0.05


Tree=14
num_leaves=31
num_cat=0
split_feature=7 5 9 4 5 5 2 0 2 2 2 8 3 8 3 4 0 4 8 4 8 3 5 1 9 5 7 4 3 1
split_gain=317.147 29.8183 29.4626 11.7604 11.0424 8.23787 9.11857 7.8158 6.49658 6.33029 7.90212 7.80593 5.58867 7.04993 7.50843 5.88894 3.79606 3.63208 3.47585 3.43809 3.42122 3.03117 2.96949 3.19284 3.43695 2.58642 1.84189 1.82418 2.93411 3.04393
threshold=0.19035714119672778 0.51446503400802623 9.463076591491701 0.11259153485298158 0.38142493367195135 0.2932583093643189 328.61180114746099 107.86373138427736 135.28517913818362 414.37005615234381 168.16127014160159 0.0558815784752369 0.020851403474807743 0.039702592417597778 0.029529532417654995 0.092401351779699339 96.152011871337905 0.099193606525659575 0.052640153095126159 0.12519570440053943 0.03949324972927571 0.031047980301082138 0.51893743872642528 20.471193313598636 11.618255138397219 0.37280671298503881 0.21062500029802325 0.089863125234842314 0.029529532417654995 34.784042358398445
decision_type=2 2 2 2 2 2 2 2 2 2 2 2 2 2 2 2 2 2 2 2 2 2 2 2 2 2 2 2 2 2
left_child=22 2 4 12 7 -5 20 16 -3 10 11 21 17 26 18 -16 -2 -4 25 -11 -7 -9 23 -1 -25 -15 -14 -28 29 -29
right_child=1 8 3 5 -6 6 -8 9 -10 19 -12 -13 13 14 15 -17 -18 -19 -20 -21 -22 -23 -24 24 -26 -27 27 28 -30 -31
leaf_value=0.06915616709635998 -0.01288815982930969 0.058642910527683327 -0.064735583318838039 -0.05340560847867111 0.066457728144969114 -0.0027563272305768231 -0.054892724825925034 0.0052382039794243891 -0.0022037150759470357 -0.053217209937336696 0.058535867705768921 0.045213087524650683 -0.025838057606742171 -0.04184962811239068 0.049044981055583019 -0.023111963738205711 -0.072969758546554159 -0.022325448137507004 -0.062869167407299351 -0.0041187700565760606 0.043843166877677524 -0.04236134598866105 0.065211388086881816 0.056249580085057128 0.0044472400629360842 0.0034988785838400214 -0.066563951661408299 -0.01950642770429821 -0.071154916126129994 -0.054423843783360099
leaf_weight=8.20240665972233 4.4281605482101423 9.8005175888538378 61.752662420272827 10.351807102560999 5.0607346892356864 7.9726549983024615 5.4251320660114279 5.5738538801670137 7.9416174739599219 6.9067488610744459 7.1099412441253653 5.9188692122697821 5.8778982013463965 7.9160178005695361 5.0510080456733686 6.4236655980348587 6.4705670326948166 5.4978986978530875 10.083475634455679 7.3703409135341644 7.7845852226018906 8.3625702261924726 115.86629913747311 6.1357757002115232 6.6965353190898895 5.2159890085458755 21.912648573517799 11.086022302508356 9.990892827510832 14.28294602036476
leaf_count=42 20 49 320 48 23 34 24 24 34 31 30 25 26 38 21 27 29 24 48 31 32 37 621 29 28 23 111 53 49 69
internal_value=2.15644e-05 -0.0312596 -0.03564 -0.044828 -0.00405708 -0.016849 0.00101619 -0.0109011 0.0314071 -0.000949764 0.013304 -0.00289305 -0.0501723 -0.0425453 -0.0244366 0.00865062 -0.0485586 -0.0612685 -0.0407905 -0.0278709 0.0202653 -0.023324 0.0620738 0.0447909 0.0292166 -0.0238374 -0.0524929 -0.0552285 -0.0482039 -0.0391652
internal_weight=408.47 271.569 253.827 196.625 57.2018 31.5342 21.1824 52.1411 17.7421 41.2423 26.9652 19.8553 165.091 97.8406 34.6902 11.4747 10.8987 67.2506 23.2155 14.2771 15.7572 13.9364 136.901 21.0347 12.8323 13.132 63.1504 57.2725 35.3599 25.369
internal_count=2000 1280 1197 947 250 138 90 227 83 178 116 86 809 465 157 48 49 344 109 62 66 61 720 99 57 61 308 282 171 122
is_linear=0
shrinkage=0.05


Tree=15
num_leaves=31
num_cat=0
split_feature=7 5 9 9 8 5 5 0 3 0 2 7 1 5 5 8 5 1 9 4 4 5 1 2 4 7 0 0 6 6
split_gain=294.477 27.4348 27.5055 11.2731 11.3035 10.3615 7.39702 7.35129 12.3991 7.21897 6.1446 5.25134 5.04669 3.83037 4.78919 3.05406 2.99217 3.10028 3.21947 2.73961 3.10056 2.66665 4.75693 2.65017 2.61931 3.10196 4.22934 1.39856 1.91307 0.901717
threshold=0.19035714119672778 0.51446503400802623 9.463076591491701 13.006647586822512 0.03949324972927571 0.33212165534496313 0.44599455595016485 187.62213897705081 0.024622764438390735 172.61579895019534 120.70887756347658 0.37612499296665197 34.99682807922364 0.28365683555603033 0.19663144648075107 0.036444308236241348 0.51893743872642528 20.471193313598636 11.618255138397219 0.11259153485298158 0.094042435288429274 0.33056472241878515 31.168976783752445 276.39814758300787 0.090506386011838927 0.33690476417541509 201.09259796142581 192.5736999511719 5.5000000000000009 7.5000000000000009
decision_type=2 2 2 2 2 2 2 2 2 2 2 2 2 2 2 2 2 2 2 2 2 2 2 2 2 2 2 2 2 2
left_child=16 2 5 4 6 9 21 12 -9 13 -3 -11 19 14 -2 -16 17 -1 -19 20 -6 -4 -23 -7 -5 29 -27 28 -24 -26
right_child=1 10 3 24 7 23 -8 8 -10 11 -12 -13 -14 -15 15 -17 -18 18 -20 -21 -22 22 27 -25 25 26 -28 -29 -30 -31
leaf_value=0.067906558168241579 -0.050352301751470901 0.059301885925113221 -0.061816778981502174 -0.061973447099130108 -0.0052316313905550159 0.057331809345269519 0.002485151179101623 -0.037631245667722003 0.055728449738811851 -0.01746190859615197 4.6883908285742271e-05 0.041302994967986353 -0.061453960268358469 -0.063321765644356542 -0.029611879131745723 0.015916241470335265 0.064125124110965548 0.05466583888430681 0.0042280913286804897 0.018281318718312078 -0.055161655718446501 -0.0099364781230800413 -0.016791921782198772 0.0085342169521778945 -0.076705314663878005 -0.047808187044556395 0.013018869450947324 -0.072184302110653811 -0.057544120704313598 -0.046457126123171599
leaf_weight=7.9422758072614696 8.2492299824953133 8.9256561547517794 29.531730532646179 64.514835357666016 7.7122178077697807 7.0692418515682203 7.1929351687431327 6.1222575902938834 8.4858259856700879 7.2771954387426359 8.5813426524400693 7.9600679725408554 7.7776489704847327 6.4073066115379325 6.3049685060977927 8.8591911643743497 112.03479531407356 6.0012984424829465 6.6915739774703979 4.9824000000953665 5.2095193117856979 8.8570804595947283 4.2536447942256954 4.588295042514801 5.3687983900308627 7.6900431960821134 4.547697439789772 6.8897757679224005 8.9166853278875333 4.5535262823104858
leaf_count=42 39 46 151 343 35 32 33 29 36 30 37 34 35 29 29 37 621 29 28 21 23 39 20 20 25 37 22 34 43 21
internal_value=2.34538e-05 -0.0302462 -0.0344946 -0.0435065 -0.0325647 -0.00389022 -0.0453606 -0.0117171 0.0166013 -0.0147607 0.0302571 0.0132373 -0.027825 -0.0290666 -0.0196923 -0.00301348 0.0609025 0.0434061 0.0280755 -0.0132164 -0.0253614 -0.0512486 -0.0404559 0.0381255 -0.0568793 -0.0420486 -0.0252041 -0.0539311 -0.0443823 -0.0628239
internal_weight=399.499 266.829 249.322 192.607 105.932 56.7155 65.6419 40.2899 14.6081 45.058 17.507 15.2373 25.6818 29.8207 23.4134 15.1642 132.67 20.6351 12.6929 17.9041 12.9217 58.4489 28.9172 11.6575 86.6749 22.1601 12.2377 20.0601 13.1703 9.92232
internal_count=2000 1280 1197 947 499 250 320 179 65 198 83 64 114 134 105 66 720 99 57 79 58 287 136 52 448 105 59 97 63 46
is_linear=0
shrinkage=0.05


Tree=16
num_leaves=31
num_cat=0
split_feature=7 5 9 4 5 3 8 5 9 5 0 4 3 7 3 1 3 7 8 7 0 1 3 9 5 1 9 0 5 5
split_gain=273.586 25.2459 26.253 9.20567 11.4987 7.95262 10.5479 6.80015 6.67605 8.12028 6.6211 6.23858 6.39501 6.16692 5.11351 4.62717 3.98124 5.71841 7.69413 3.3324 3.18064 6.64683 6.1484 6.08185 3.01698 3.01561 3.01836 2.93673 1.95126 1.86571
threshold=0.19035714119672778 0.54587262868881237 11.777173519134523 0.12095094472169877 0.33212165534496313 0.035342745482921607 0.032570911571383483 0.44599455595016485 8.8082337379455584 0.19663144648075107 159.81677246093753 0.0975187122821808 0.024352495558559898 0.35183332860469824 0.022047976031899456 45.037151336669929 0.024509049020707611 0.32944445312023168 0.040350284427404411 0.22522726655006411 116.71424865722658 30.096068382263187 0.022137821651995186 10.838040828704836 0.51893743872642528 20.471193313598636 11.618255138397219 190.45857238769534 0.50721323490142833 0.28365683555603033
decision_type=2 2 2 2 2 2 2 2 2 2 2 2 2 2 2 2 2 2 2 2 2 2 2 2 2 2 2 2 2 2
left_child=24 2 3 5 8 7 -7 20 9 -5 -8 16 14 -11 -13 -6 28 -18 -19 -3 29 23 -23 -22 25 -1 -27 -14 -4 -2
right_child=1 19 11 4 15 6 10 -9 -10 13 -12 12 27 -15 -16 -17 17 18 -20 -21 21 22 -24 -25 -26 26 -28 -29 -30 -31
leaf_value=0.066758456237285976 -0.039899373123246207 0.064640022302880518 -0.061482193937409051 -0.050512238863102944 0.06456320191302424 -0.053382871911717547 -0.011675548206045053 0.022572328432360692 -0.04965400175739032 -0.012253427295905096 0.065039453017994284 -0.025168915171161401 -0.063410486038856198 0.054905194993864072 0.039637484369447161 0.0022832476374186491 -0.066023947353967646 -0.050359835847577597 0.033576554163508042 0.0085373897600696542 -0.026310491586763143 0.00487827474329 -0.053515674499389154 0.046430680624975615 0.063117575546411869 0.053160557909195244 0.0040196290635968043 -0.020134435555898611 -0.026608130536380899 -0.075683785502416626
leaf_weight=7.6815339326858547 6.9537139385938627 7.1105304062366468 73.961754858493805 5.2614751458168092 8.3183474987745267 5.2996244281530407 4.9497227370738965 4.959035411477088 9.1865393221378309 6.5922184586524946 6.5142326653003693 8.9198530465364474 11.611920595169069 7.0996134281158447 4.6206027567386618 4.6492245346307746 8.0682444274425524 5.7563439160585386 5.193498283624649 4.2163797616958618 8.2983572930097562 5.4084710925817481 27.069600969552994 4.3956249803304663 108.22860483825207 5.866125360131262 6.6868032515048981 5.9182022213935843 4.2409656792879096 7.6492705643177032
leaf_count=42 34 36 405 24 37 27 21 22 42 28 29 40 56 30 20 20 40 30 23 20 37 25 130 20 621 29 28 28 20 36
internal_value=2.53222e-05 -0.0292604 -0.0325568 -0.0160122 0.00327886 -0.0257426 0.00495015 -0.0336908 -0.0146728 0.00228242 0.0319167 -0.0483681 -0.0288643 0.0225703 -0.0030541 0.0422342 -0.0546013 -0.0340837 -0.0105489 0.0437561 -0.0383585 -0.0318008 -0.0437915 -0.00112195 0.0598044 0.0420833 0.0269837 -0.0488004 -0.059591 -0.0586438
internal_weight=390.686 262.223 250.896 122.605 41.1074 81.4977 16.7636 64.7341 28.1398 18.9533 11.464 128.291 31.0706 13.6918 13.5405 12.9676 97.2208 19.0181 10.9498 11.3269 59.775 45.1721 32.4781 12.694 128.463 20.2345 12.5529 17.5301 78.2027 14.603
internal_count=2000 1280 1224 562 181 381 77 304 124 82 50 662 144 58 60 57 518 93 53 56 282 212 155 57 720 99 57 84 425 70
is_linear=0
shrinkage=0.05


Tree=17
num_leaves=31
num_cat=0
split_feature=7 5 9 5 6 4 4 0 8 2 5 3 7 9 0 8 1 5 0 4 8 8 4 6 7 1 2 9 8 3
split_gain=254.334 23.5038 24.6414 10.6652 7.72963 7.41881 7.38941 8.30077 7.28782 7.01877 6.6508 6.58035 5.95368 5.94722 5.39713 4.65914 4.64426 3.04355 2.94733 2.59078 3.09521 2.51393 2.68338 2.08768 1.96598 1.87337 1.77898 1.70939 1.65269 1.62259
threshold=0.19035714119672778 0.51446503400802623 10.838040828704836 0.33056472241878515 5.5000000000000009 0.11824803054332735 0.0975187122821808 167.51636505126956 0.077593434602022185 270.18629455566412 0.30126973986625677 0.029708225280046466 0.25774998962879186 8.8082337379455584 185.672966003418 0.033998865634202964 28.944901466369632 0.51893743872642528 171.48836517333987 0.13560091704130176 0.033788658678531654 0.036444308236241348 0.10592114925384523 7.5000000000000009 0.29732143878936773 38.178754806518562 47.015312194824226 10.114126682281496 0.013656842056661846 0.024622764438390735
decision_type=2 2 2 2 2 2 2 2 2 2 2 2 2 2 2 2 2 2 2 2 2 2 2 2 2 2 2 2 2 2
left_child=17 2 3 8 25 27 11 29 13 10 -9 26 16 14 19 -12 -3 18 -1 20 -2 -15 -23 -20 -11 -5 -4 -6 -28 -8
right_child=1 12 6 4 5 -7 7 9 -10 24 15 -13 -14 21 -16 -17 -18 -19 23 -21 -22 22 -24 -25 -26 -27 28 -29 -30 -31
leaf_value=0.060328196956865338 -0.064441779191508647 0.069087588593049545 -0.024845300057732445 0.071949916371413125 -0.015639684239631343 0.030440311709065727 -0.02856336874773345 -0.047996536744990825 0.029028948030085273 -0.024775750156152007 -0.0066596785942759839 -0.010661255294818546 -0.022638098025395764 -0.062891367572940907 0.022276003166885449 0.051362102481596894 0.0068789505896577167 0.062180498560932898 0.046083104036223704 -0.0020092706266361371 -0.018671706673834231 -0.010536069026194658 -0.051236961840860233 0.0003883560065494336 -0.072485859705558417 0.027329095502297385 -0.025166314640519195 -0.057856858578703013 -0.059098204855954718 -0.062108217277424022
leaf_weight=9.7954009175300616 6.2798225134611192 7.9336133450269717 4.3219283372163764 4.9778078347444552 5.3416636437177676 8.0104400515556318 4.8465885221958187 4.150814473629004 6.0976061671972266 4.5930344611406309 6.5194961279630643 8.6699798405170423 4.2713227421045294 11.622736036777498 7.9302265495061866 7.3724823892116547 4.8248274624347687 104.46218393743038 4.6992375701665861 7.7448910772800437 8.9696269035339338 7.51994760334492 8.7752573490142805 5.340064212679863 4.0748689919710159 4.4597247540950775 3.7443935424089423 4.350651353597641 86.203615099191666 14.07107190787792
leaf_count=55 31 42 21 23 24 35 23 21 26 21 29 39 20 62 33 31 21 621 21 34 39 35 39 23 20 20 21 20 480 70
internal_value=2.72116e-05 -0.0283093 -0.0323264 -0.0120032 0.0143188 -0.00516398 -0.0449223 -0.0281734 -0.023004 -0.010226 0.00753895 -0.0523463 0.0284566 -0.0283959 -0.0132926 0.0241325 0.0455623 0.0587712 0.0408157 -0.0255595 -0.0375201 -0.0451257 -0.0324542 0.0217773 -0.0472048 0.0508643 -0.0561801 -0.03459 -0.0576857 -0.0535142
internal_weight=381.975 257.678 240.649 92.0804 27.1403 17.7028 148.568 45.6284 64.9401 26.7107 18.0428 102.94 17.0298 58.8425 30.9246 13.892 12.7584 124.297 19.8347 22.9943 15.2494 27.9179 16.2952 10.0393 8.6679 9.43753 94.2699 9.69231 89.948 18.9177
internal_count=2000 1280 1197 421 122 79 776 215 299 122 81 561 83 273 137 60 63 720 99 104 70 136 74 44 41 43 522 44 501 93
is_linear=0
shrinkage=0.05


Tree=18
num_leaves=31
num_cat=0
split_feature=7 5 9 5 8 3 1 4 4 9 3 4 5 5 0 6 3 3 2 0 5 1 9 0 9 5 7 5 0 5
split_gain=236.556 21.845 24.4433 9.6476 11.6084 6.86606 6.26398 6.19911 6.06785 6.04054 6.01199 5.04153 4.83167 4.5186 8.43667 6.85109 4.26723 3.75733 3.22647 7.26131 3.08446 2.96413 2.77253 2.67603 2.33351 2.30522 2.02121 3.17338 1.96852 1.72659
threshold=0.19035714119672778 0.5580311417579652 11.777173519134523 0.40783165395259863 0.049683047458529479 0.027614281512796882 25.593830108642582 0.0975187122821808 0.10158023983240129 9.3630943298339862 0.024352495558559898 0.10524655506014825 0.2932583093643189 0.19933389872312549 184.84757995605472 5.5000000000000009 0.022047976031899456 0.029708225280046466 147.07643127441409 170.9462585449219 0.51893743872642528 20.471193313598636 11.618255138397219 190.45857238769534 8.2225909233093279 0.39286409318447119 0.29522725939750677 0.34908235073089605 187.08988952636722 0.3123274445533753
decision_type=2 2 2 2 2 2 2 2 2 2 2 2 2 2 2 2 2 2 2 2 2 2 2 2 2 2 2 2 2 2
left_child=20 2 3 4 9 -6 -5 17 -7 11 16 -2 24 -13 15 -15 25 -4 19 -11 21 -1 -23 -12 -10 -9 -20 -28 -3 -17
right_child=1 28 7 6 5 8 -8 10 12 18 23 13 -14 14 -16 29 -18 -19 26 -21 -22 22 -24 -25 -26 -27 27 -29 -30 -31
leaf_value=0.064984796307593934 -0.051275338377156712 0.023496694305478981 -0.05479632999871599 0.065556615322812359 -0.034143159818603774 0.064648273276764853 -0.0022976630922612071 -0.048335022548940211 0.011213790641409207 -0.046776066462346937 -0.060570785312122455 -0.043537953749580249 0.044370679595320039 0.035536550262626559 0.057729562883088614 -0.049349848278197619 0.037412191704384687 -0.012766968840177376 -0.07284673064006196 0.023862823275890011 0.061306701488481712 0.050498702945442689 0.0027337427077354015 -0.018689321976903317 -0.036870920048365605 0.0023479114644690525 -0.056801413727715945 -0.0059430862794132271 0.070837309767739123 -0.009876342225096181
leaf_weight=7.2133899629116085 7.3288430869579306 3.9766945391893369 87.393702819943428 5.6160187572240821 7.2778266966342953 6.0170833468437221 8.6244688183069211 4.2603001296520251 4.6818597763776761 12.263539180159571 11.109409064054491 5.9444957673549679 5.2525014430284491 5.1477842032909455 5.7503330111503592 7.0211901366710645 4.6335814893245688 5.6621009558439246 8.9759796708822268 5.1724840700626364 100.74772158265114 5.5985053032636625 6.642870619893074 5.8080644458532324 5.4720848947763443 4.7392588406801224 11.341592475771902 4.20411592721939 4.9036334007978439 4.5755365341901779
leaf_count=42 36 20 498 27 33 26 38 21 20 62 56 28 23 23 24 33 20 25 45 24 621 29 28 28 23 20 60 20 26 21
internal_value=2.91778e-05 -0.0273953 -0.0301958 -0.0141878 -0.0193594 0.00781509 0.024462 -0.0458232 0.0220688 -0.0293939 -0.0262809 -0.0142972 0.00543913 -0.00476793 0.00547745 -0.0124668 -0.00157278 -0.052239 -0.0422636 -0.0258207 0.0577871 0.0395604 0.0245787 -0.0461921 -0.0146996 -0.0216449 -0.0539553 -0.0430475 0.0496377 -0.0337754
internal_weight=373.357 253.154 244.274 120.668 106.427 28.7014 14.2405 123.606 21.4235 77.7259 30.5506 35.7682 15.4064 28.4393 22.4948 16.7445 13.6331 93.0558 41.9577 17.436 120.202 19.4548 12.2414 16.9175 10.1539 8.99956 24.5217 15.5457 8.88033 11.5967
internal_count=2000 1280 1234 566 501 125 65 668 92 376 145 165 66 129 101 77 61 523 211 86 720 99 57 84 43 41 125 80 46 54
is_linear=0
shrinkage=0.05


Tree=19
num_leaves=31
num_cat=0
split_feature=7 5 9 8 5 7 9 5 4 0 8 9 6 5 5 4 1 1 5 2 3 0 8 0 5 1 5 4 8 8
split_gain=220.392 18.1048 21.8961 10.3494 10.0444 7.57934 6.59026 6.43912 5.6929 5.65712 4.8947 4.53082 4.11707 4.20475 3.69233 6.00006 3.42671 7.09401 3.29582 3.2462 3.21255 5.29609 2.78693 2.5299 2.46907 2.01914 1.87034 1.82176 2.98909 2.84824
threshold=0.19763889163732531 0.57774519920349132 12.280125141143801 0.046063164249062545 0.41031667590141302 0.27732142806053167 9.3630943298339862 0.45776180922985082 0.11443375423550607 177.00214385986331 0.06138866767287255 9.65210008621216 6.5000000000000009 0.34076623618602758 0.48223812878131872 0.075481262058019652 34.99682807922364 18.858830451965336 0.33904670178890234 141.21437835693362 0.018649751320481304 196.89338684082034 0.026563784107565883 189.43071746826175 0.31985129415988928 68.596572875976577 0.24621741473674777 0.12915484607219699 0.033788658678531654 0.030240217223763469
decision_type=2 2 2 2 2 2 2 2 2 2 2 2 2 2 2 2 2 2 2 2 2 2 2 2 2 2 2 2 2 2
left_child=7 2 3 4 6 18 9 11 -6 27 16 -1 13 26 19 -16 17 -7 -5 20 -4 22 -22 -12 -24 -9 -8 28 -2 -29
right_child=1 -3 14 5 8 10 12 25 -10 -11 23 -13 -14 -15 15 -17 -18 -19 -20 -21 21 -23 24 -25 -26 -27 -28 29 -30 -31
leaf_value=0.053206477073509263 -0.06143565198206126 0.059846482730113781 -0.057025199249084682 0.0087503886263387218 -0.0086847175553240452 -0.046797290079729256 -0.065900248287958083 0.059734159124163889 0.062134878656654471 0.01632085386763351 -0.00026148569425811329 -0.022223616194612467 -0.064702715634858202 -0.003095917320533069 -0.06912988375609129 0.0061744598330079172 -0.051036153255381869 0.032780641735384537 0.064618966465756225 -0.058103521251034553 -0.068984088703562582 0.011615010419129768 -0.0022162658834282067 0.046721818958082154 -0.050049369709320217 0.030931471066995082 -0.034629275641292555 0.013499985868548354 -0.014170684311821863 -0.040504699805884968
leaf_weight=3.6260240226984006 7.5713567882776278 5.8005451560020438 15.079429283738135 4.6413434445857984 8.1133596003055555 5.6143420636653953 7.1683342903852525 106.99439568817616 4.3640551120042792 9.9569539427757245 8.4249848127365095 4.4144940823316574 16.223834857344627 8.2696787267923337 4.0752062052488309 7.5381124466657639 7.3503904640674582 5.5879979282617569 6.1212902218103409 53.694116473197937 6.1097172051668229 6.3314487040042868 5.2647524625062925 4.3417856097221366 5.5332922041416168 6.4516246169805518 14.361502334475515 5.1204957962036115 5.9925477206707001 4.6665119677782059
leaf_count=20 40 32 91 20 38 25 40 669 20 42 36 20 86 39 21 36 33 25 27 309 32 33 29 20 31 36 76 23 29 22
internal_value=3.18573e-05 -0.0274291 -0.0295605 -0.0162049 -0.0256164 0.00432784 -0.0321753 0.0550316 0.0160849 -0.0152352 -0.00811125 0.011793 -0.0444351 -0.0334007 -0.0468168 -0.0202504 -0.0245082 -0.00710189 0.0405259 -0.0501698 -0.0390527 -0.0273907 -0.0419972 0.0157168 -0.0267276 0.0580962 -0.0450409 -0.0286909 -0.0405539 -0.0122498
internal_weight=364.804 243.317 237.517 133.891 91.8086 42.0821 79.3312 121.487 12.4774 33.3079 31.3195 8.04052 46.0234 29.7995 103.626 11.6133 18.5527 11.2023 10.7626 92.0128 38.3186 23.2392 16.9078 12.7668 10.798 113.446 21.5298 23.3509 13.5639 9.78701
internal_count=2000 1255 1223 641 455 186 397 745 58 156 139 40 241 155 582 57 83 50 47 525 216 125 92 56 60 705 116 114 69 45
is_linear=0
shrinkage=0.05


Tree=20
num_leaves=31
num_cat=0
split_feature=7 5 9 8 4 5 0 3 7 9 5 1 1 0 0 5 5 1 4 1 0 9 3 9 5 2 7 5 3 5
split_gain=205.101 18.8485 21.7672 11.3745 10.8504 8.7844 8.28622 9.53817 5.23007 5.15835 4.95709 4.18151 3.75567 4.77555 3.33877 3.23115 3.19865 3.01093 2.8284 2.921 5.16657 2.8014 4.59784 2.67601 2.41234 3.71909 3.53403 3.96985 2.38004 2.09541
threshold=0.19035714119672778 0.51446503400802623 13.006647586822512 0.03949324972927571 0.12024287879467012 0.33212165534496313 190.00518035888675 0.028497500345110897 0.25774998962879186 8.6929473876953143 0.20851960033178332 28.944901466369632 15.874236583709719 108.76570510864259 154.23659515380862 0.51893743872642528 0.44599455595016485 20.471193313598636 0.082847449928522124 34.99682807922364 200.06780242919925 11.806501865386965 0.022403026930987838 11.618255138397219 0.2932583093643189 179.67829132080081 0.34549999237060552 0.33575668931007391 0.038356509059667594 0.42049057781696325
decision_type=2 2 2 2 2 2 2 2 2 2 2 2 2 2 2 2 2 2 2 2 2 2 2 2 2 2 2 2 2 2
left_child=15 2 3 4 16 9 12 -8 11 10 -6 -3 13 -5 -7 17 21 -1 -4 20 -20 22 -2 -19 25 -14 27 -26 -24 -21
right_child=1 8 18 6 5 14 7 -9 -10 -11 -12 -13 24 -15 -16 -17 -18 23 19 29 -22 -23 28 -25 26 -27 -28 -29 -30 -31
leaf_value=0.063599487417829975 0.0078558952759886416 0.066738505988416769 -0.059412838065202603 -0.026912386249485023 -0.046227556795467868 0.0031579119246230706 -0.014819937163653971 0.056850372080800016 -0.021973889558580775 -0.066699103048264666 0.02147953288100617 0.006470254648817517 -0.055760353804390275 0.034898975273815545 0.060797152211338738 0.059744818159959107 -0.0068612407256088831 0.048107361559388231 -0.04730973979801998 -0.064632672449668693 0.012898313686222004 -0.061011699380478381 -0.049855925227191705 0.00050169215376056264 -0.061598353694198908 -0.0074152677468613017 0.026319680620762315 -0.0017356331675566512 -0.0086986661384181856 -0.023279824314366059
leaf_weight=6.7772815227508572 4.8588787764310828 7.3246688395738619 44.367574244737625 5.3896732032299024 4.6369922161102348 4.8175736069679242 8.2924851626157778 10.545991018414496 4.1568891406059256 5.2991696149110785 6.4826558083295822 4.7408066987991333 9.9496741592884081 7.4362121522426605 5.2506798356771469 93.610437154769897 5.8870982378721228 5.3557926118373853 9.1389769762754458 12.342851892113687 5.8401117324829093 19.258574903011322 26.838572099804882 6.5770364254713058 4.4443409740924853 6.6280938833951941 4.8740509152412406 7.3491155207157135 4.041580766439437 4.0746312141418448
leaf_count=42 24 42 278 25 22 22 40 47 20 29 28 21 45 33 22 621 29 29 49 68 31 111 145 28 22 30 21 33 21 22
internal_value=3.25811e-05 -0.0256812 -0.0293857 -0.0184896 -0.0302679 -0.00355352 -0.00263545 0.0253019 0.0263937 -0.0261019 -0.00675493 0.0430577 -0.014059 0.0089247 0.0332173 0.0559535 -0.0418896 0.0369845 -0.0512861 -0.0398019 -0.0238356 -0.0456392 -0.0373554 0.0218685 -0.022926 -0.0364311 -0.00949368 -0.0242948 -0.0444693 -0.0543694
internal_weight=356.588 244.268 228.046 152.281 87.3718 26.4871 64.9096 18.8385 16.2224 16.4188 11.1196 12.0655 46.0712 12.8259 10.0683 112.321 60.8847 18.7101 75.7641 31.3966 14.9791 54.9976 35.739 11.9328 33.2453 16.5778 16.6675 11.7935 30.8802 16.4175
internal_count=2000 1280 1197 749 453 123 296 87 83 79 50 63 209 58 44 720 330 99 448 170 80 301 190 57 151 75 76 55 166 90
is_linear=0
shrinkage=0.05


Tree=21
num_leaves=31
num_cat=0
split_feature=7 5 9 5 8 5 8 3 1 4 4 4 0 2 3 0 2 5 4 3 2 0 9 4 8 1 8 1 9 6
split_gain=191.052 17.808 19.5799 7.68396 9.49775 6.38446 8.46667 6.13613 5.73669 5.50071 5.29751 4.55253 4.16851 3.8335 3.83752 5.18765 3.50461 3.26009 3.10423 2.9612 2.94393 7.59495 4.08995 3.73588 3.10145 2.93307 2.63712 3.24109 2.50664 1.81879
threshold=0.19035714119672778 0.57774519920349132 11.777173519134523 0.40783165395259863 0.049111708998680122 0.47257497906684881 0.028565182350575927 0.027614281512796882 25.593830108642582 0.10158023983240129 0.14624729752540591 0.11121446639299394 191.14852142333987 141.21437835693362 0.018649751320481304 196.89338684082034 140.1994552612305 0.51893743872642528 0.12981983274221423 0.022137821651995186 136.13101959228518 162.85224914550784 8.8082337379455584 0.12095094472169877 0.033553307875990875 20.471193313598636 0.026563784107565883 18.858830451965336 11.618255138397219 4.5000000000000009
decision_type=2 2 2 2 2 2 2 2 2 2 2 2 2 2 2 2 2 2 2 2 2 2 2 2 2 2 2 2 2 2
left_child=17 2 3 4 10 11 -7 -6 -5 -9 19 13 18 14 -4 26 -13 25 -11 -2 21 24 23 -22 29 -1 -16 -28 -27 -21
right_child=1 -3 5 8 7 6 -8 9 -10 12 -12 16 -14 -15 15 -17 -18 -19 -20 20 22 -23 -24 -25 -26 28 27 -29 -30 -31
leaf_value=0.0627851227707623 6.32834292968398e-05 0.058821440411063866 -0.058229919812404822 0.062939078088548692 -0.032919366214156913 -0.04633324915151716 0.027875638588786795 0.061435943745037497 -0.0030680942692950883 -0.033023972630206143 0.010741124691673491 -0.043804941448016464 0.047184494885446515 -0.057578278453001647 -0.065192249264729815 0.014434179039130841 0.019641097162913554 0.059024410352813798 0.018487519264738322 -0.025100370988877786 -0.054274904912365411 0.031568207582797381 -0.056623941540336169 0.0044505894198506616 -0.013367803393521211 0.04686639753976421 -0.045348456593177912 0.0094923437024915513 0.00047665760004227191 -0.06881224989306424
leaf_weight=6.5282386541366604 6.5938774496316901 6.1941151916980735 13.425852715969084 5.3474468141794196 7.3136946558952358 8.1988250613212568 7.2357655167579642 5.8607091456651714 8.5623581856489164 6.6496200412511843 8.2887952476739866 4.273017078638075 4.2809500247240058 55.817357957363129 6.1183731406927171 6.2226895391941062 4.4362756162881851 90.10421185195446 5.221172109246254 3.5635648965835625 4.614084064960478 5.2097926735877982 23.229215770959854 6.5564051419496536 8.1458674371242505 5.226051062345503 7.0950005203485471 4.3435041308403015 6.576373279094696 7.1631949841976166
leaf_count=42 32 36 87 27 34 42 35 26 38 28 38 21 20 340 35 33 20 621 22 20 23 23 127 29 39 29 41 24 28 40
internal_value=3.38095e-05 -0.0248561 -0.0270733 -0.0125677 -0.0172917 -0.0415088 -0.011544 0.00675916 0.0223075 0.0199425 -0.0269056 -0.046055 0.00488641 -0.0492914 -0.036859 -0.0247931 -0.0114873 0.055114 -0.0103675 -0.0317007 -0.0352821 -0.0218745 -0.0446684 -0.0198066 -0.0366274 0.0358927 -0.0386964 -0.0245239 0.0210178 -0.0542906
internal_weight=348.396 239.962 233.767 116.601 102.691 117.167 15.4346 29.3261 13.9098 22.0125 73.3648 101.732 16.1517 93.0228 37.2054 23.7796 8.70929 108.435 11.8708 65.076 58.4821 24.0824 34.3997 11.1705 18.8726 18.3307 17.5569 11.4385 11.8024 10.7268
internal_count=2000 1280 1244 566 501 678 77 130 65 96 371 601 70 560 220 133 41 720 50 333 301 122 179 52 99 99 100 65 57 60
is_linear=0
shrinkage=0.05


Tree=22
num_leaves=31
num_cat=0
split_feature=7 5 9 8 5 7 4 9 5 8 0 8 6 5 2 3 4 2 5 1 1 3 8 2 0 1 6 9 0 3
split_gain=178.053 16.4715 18.4908 8.61316 9.13727 7.45015 6.82401 5.56421 5.11308 6.36249 4.99156 4.14214 4.04148 3.98675 3.63659 3.47156 3.4252 6.45994 3.28912 3.09286 6.40889 2.9722 2.94548 3.16611 4.46589 2.85903 2.727 2.34821 1.99954 1.97113
threshold=0.19035714119672778 0.57774519920349132 12.280125141143801 0.046063164249062545 0.40783165395259863 0.27732142806053167 0.11621825769543649 9.3630943298339862 0.48223812878131872 0.031430710107088096 177.00214385986331 0.06138866767287255 6.5000000000000009 0.24621741473674777 141.21437835693362 0.02931705862283707 0.091274309903383269 81.719421386718764 0.51893743872642528 34.99682807922364 18.858830451965336 0.029918252490460876 0.03949324972927571 149.02842712402347 119.39183425903322 20.471193313598636 5.5000000000000009 11.618255138397219 189.43071746826175 0.028641711920499805
decision_type=2 2 2 2 2 2 2 2 2 2 2 2 2 2 2 2 2 2 2 2 2 2 2 2 2 2 2 2 2 2
left_child=18 2 3 4 7 21 26 10 14 -10 29 19 13 -9 15 16 -4 -18 25 20 -7 -5 23 24 -15 -1 -6 -27 -13 -2
right_child=1 -3 8 5 6 11 -8 12 9 -11 -12 28 -14 22 -16 -17 17 -19 -20 -21 -22 -23 -24 -25 -26 27 -28 -29 -30 -31
leaf_value=0.062028532839279886 0.0031805713534081245 0.057672555173691242 -0.050953593515943557 0.012685759161595887 0.02042839005257794 -0.044528603903082623 0.065413756124769212 -0.063933646987105297 -0.042604297190558742 0.028802450190214664 0.015897734922198866 0.00023973390591193203 -0.062057491372613321 -0.045738052836876625 -0.055676686662481781 0.0062333966087042229 -0.065174010394384793 0.021892469168136038 0.05834603135666281 -0.048636148152454012 0.031819207429764067 0.064597795699502678 0.016225415958768346 -0.049997082977372799 0.027861764859923917 0.045665201492778765 -0.034490405086469417 0.0004528675569436375 0.042698777084511662 -0.034151570284032796
leaf_weight=6.2836690992116955 4.4031999707222012 6.0064129978418341 22.70488461852074 5.2313681989908201 4.1053801923990232 5.5060758590698295 4.5001469105482093 6.62255731225014 7.5623226314783079 5.3099115192890167 9.8677869588136655 8.3621731400489789 15.081343367695807 3.9058111160993629 49.904268443584442 4.5039825290441504 3.6373056024312955 5.1424275785684586 86.681011021137238 7.1633385419845572 5.4888106435537338 5.8301944434642792 4.5354030132293692 8.7924853265285474 4.3638720214366913 5.0986094772815687 5.02968730032444 6.5757424980401993 4.1485152989625922 17.949342399835587
leaf_count=42 22 36 148 24 21 25 21 40 38 26 42 36 86 22 313 22 21 26 621 33 25 26 21 50 22 29 23 28 20 91
internal_value=3.49066e-05 -0.0240652 -0.026203 -0.0138787 -0.0226537 0.00486928 0.0150171 -0.0294551 -0.0425358 -0.0131484 -0.0137217 -0.00781848 -0.0411622 -0.0299954 -0.0469399 -0.0348249 -0.0406984 -0.0141778 0.0543112 -0.0230708 -0.00641464 0.0400469 -0.0195887 -0.0291087 -0.00689978 0.0348353 -0.00980941 0.0201987 0.0143191 -0.0267976
internal_weight=340.298 235.659 229.653 130.887 89.157 41.7305 13.6352 75.5218 98.7651 12.8722 32.2203 30.6689 43.3015 28.2201 85.8929 35.9886 31.4846 8.77973 104.639 18.1582 10.9949 11.0616 21.5976 17.0622 8.26968 17.958 9.13507 11.6744 12.5107 22.3525
internal_count=2000 1280 1244 650 461 189 65 396 594 64 155 139 241 155 530 217 195 47 720 83 50 50 115 94 44 99 44 57 56 113
is_linear=0
shrinkage=0.05


Tree=23
num_leaves=31
num_cat=0
split_feature=7 5 9 8 4 5 0 5 7 7 5 3 3 4 0 5 6 8 7 3 5 9 3 2 3 0 1 4 4 0
split_gain=165.996 15.2397 17.5605 8.90943 8.68771 10.5211 6.30488 5.54325 8.15169 5.16034 4.74048 3.98185 3.63659 5.6916 6.3943 3.31804 2.9892 5.7082 3.56592 4.18311 3.42318 2.9588 2.89215 2.81401 3.74247 5.97615 2.78824 2.75398 2.5643 2.23052
threshold=0.19035714119672778 0.57774519920349132 12.71848249435425 0.046063164249062545 0.11713322252035142 0.40783165395259863 177.00214385986331 0.48871119320392614 0.22954545915126803 0.27732142806053167 0.44599455595016485 0.029918252490460876 0.027794647961854938 0.091274309903383269 190.45857238769534 0.51893743872642528 5.5000000000000009 0.035059168934822089 0.45354168117046362 0.025779395364224914 0.25463999807834631 8.3654236793518084 0.039784917607903487 141.21437835693362 0.02099208161234856 116.71424865722658 20.471193313598636 0.094768136739730849 0.091274309903383269 171.48836517333987
decision_type=2 2 2 2 2 2 2 2 2 2 2 2 2 2 2 2 2 2 2 2 2 2 2 2 2 2 2 2 2 2
left_child=15 2 3 4 10 6 21 23 -9 11 16 -5 -11 -14 -15 26 17 18 19 -2 -18 22 -6 24 -4 -26 -1 -19 -27 -28
right_child=1 -3 7 9 5 -7 -8 8 -10 12 -12 -13 13 14 -16 -17 20 27 -20 -21 -22 -23 -24 -25 25 28 29 -29 -30 -31
leaf_value=0.061324550893579799 0.014565956778089813 0.056574189046275786 -0.051459655445730695 0.0037288354435241252 0.012688222495177726 0.062814375146786602 0.017025799103340844 0.029639833480905733 -0.053599164381596766 -0.031672881537937438 0.0060629652192349028 0.062452106077376612 0.055883358240372397 -0.023871173409371133 0.047105253855165223 0.05770568917592174 -0.0079428575460311051 -0.025434488148577822 -0.063719232307493892 -0.057649001878897536 -0.056919763811596948 -0.050695505604563755 -0.043204531669703769 -0.057118052139660175 -0.065407546365615368 -0.020220124892055491 0.050621166490728758 0.028819502886550104 0.034977089082937202 0.003939556357524754
leaf_weight=6.0440813899040249 4.3338363617658668 5.8215824216604224 18.602805554866794 5.8160058408975583 5.3652801066637092 5.1835243999958029 10.355514109134672 5.9393817335367185 5.8267464190721512 9.7001855224370939 6.5981155931949607 5.7314952462911606 4.4092478901147869 13.78545853495598 4.1221194118261328 83.345274671912193 4.1648224294185665 4.2329892069101316 9.8166236728429777 3.732329785823822 24.883486032485962 9.7533152401447278 4.0702890753746033 41.412315621972084 4.12804090976715 4.1109347045421583 3.8272369951009733 5.2277440577745438 4.3103444427251816 7.721649706363678
leaf_count=42 24 36 125 27 24 24 46 28 31 48 33 26 20 59 20 621 24 22 61 22 142 53 20 272 24 24 23 24 21 34
internal_value=3.59101e-05 -0.0232998 -0.0253608 -0.0145836 -0.0229672 -0.00288867 -0.0144162 -0.0434162 -0.0115812 0.00422133 -0.034037 0.0328756 -0.00611334 0.00499632 -0.00753321 0.0535407 -0.0387289 -0.0268637 -0.0434801 -0.0188489 -0.0498977 -0.0313842 -0.0114226 -0.0485782 -0.0372257 -0.0161256 0.0338095 0.00454479 0.008032 0.0194096
internal_weight=332.373 231.435 225.613 141.282 97.7179 34.7279 29.5444 84.3306 11.7661 43.5645 62.9899 11.5475 32.017 22.3168 17.9076 100.938 56.3918 27.3435 17.8828 8.06617 29.0483 19.1889 9.43557 72.5644 31.1521 12.5493 17.593 9.46073 8.42128 11.5489
internal_count=2000 1280 1244 719 519 167 143 525 59 200 352 53 147 99 79 720 319 153 107 46 166 97 44 466 194 69 99 46 45 57
is_linear=0
shrinkage=0.05


Tree=24
num_leaves=31
num_cat=0
split_feature=7 5 9 5 1 1 0 4 8 8 0 3 9 1 5 7 4 5 5 0 4 5 1 2 7 5 3 6 8 4
split_gain=154.823 14.1215 16.1804 9.87062 6.97151 6.84052 5.88673 11.4852 5.70952 4.90922 4.88806 4.75775 4.69464 4.50841 4.21976 4.91913 5.14739 3.96738 3.66541 9.25176 4.61832 3.34957 2.7214 2.56041 3.42095 2.48114 2.4222 2.28922 2.13363 2.39687
threshold=0.19035714119672778 0.58775746822357189 10.838040828704836 0.33056472241878515 26.392292022705082 35.222124099731452 116.28243637084962 0.08352998644113542 0.045612115412950523 0.077593434602022185 154.23659515380862 0.030453242361545566 8.8082337379455584 15.361754417419435 0.21053409576416018 0.26267856359481817 0.12095094472169877 0.43533453345298773 0.44599455595016485 195.32550048828128 0.10982758551836015 0.51893743872642528 20.471193313598636 76.50964736938478 0.33690476417541509 0.50721323490142833 0.034560017287731178 6.5000000000000009 0.032842800021171577 0.11824803054332735
decision_type=2 2 2 2 2 2 2 2 2 2 2 2 2 2 2 2 2 2 2 2 2 2 2 2 2 2 2 2 2 2
left_child=21 2 3 9 27 6 -4 13 17 12 -6 -12 14 -8 26 -16 -17 23 20 -20 -7 22 -1 -9 -25 -15 -2 -5 -14 -30
right_child=1 -3 5 4 10 18 7 8 -10 -11 11 -13 28 25 15 16 -18 -19 19 -21 -22 -23 -24 24 -26 -27 -28 -29 29 -31
leaf_value=0.060668609847850809 -0.004866882188568367 0.063235483629149242 -0.052671506153994997 0.069088861739612831 -0.038004819556466465 -0.058488906939225351 0.0053190250403217848 -0.057342829579666445 0.039262124980898323 0.024835239191522907 -0.010283021211991315 0.058980752635043869 -0.062084777362107595 -0.056144471688313415 -0.042189721526631002 -0.016438552928220728 0.04486742624971185 0.029327107557720625 -0.063499504501938572 0.019158844398529013 -0.014407591204740125 0.057099814116218811 0.018642172033898376 -0.043218982770928116 0.012781787265871758 -0.0067220045920779589 -0.052943333472602931 0.021119577194783454 -0.017990325473275674 -0.058370076606789882
leaf_weight=5.8098885416984585 4.2791186720132846 4.6961363404989234 14.46118552982807 6.2112696468830126 6.0949812084436443 45.464416116476059 4.4819111675024059 3.8569552600383821 8.5832107961177808 5.835199072957038 5.9473648220300657 4.2517408579587936 7.3132819235324886 19.321331501007084 4.2661315202713039 5.9046992957592002 8.1494339257478696 4.965978577733039 7.0048362314701063 6.5513364374637604 6.8350377678871146 80.100377067923546 11.430649444460867 4.6181644499301893 6.6597451567649841 2.9237386137247077 6.7567390948534012 4.1481783390045166 12.398659095168115 5.2231507450342169
leaf_count=42 20 31 83 31 31 299 28 22 42 26 28 20 48 137 20 28 35 24 37 35 35 621 57 26 37 15 34 20 62 26
internal_value=3.61192e-05 -0.0225681 -0.024379 -0.00751673 0.0178105 -0.0351603 -0.0242628 -0.0168487 0.00512463 -0.0187441 -0.00257914 0.0185912 -0.023428 -0.0404311 -0.00987725 0.00483577 0.0191104 -0.00945233 -0.0467223 -0.0235529 -0.0527279 0.0527968 0.0328047 -0.0221765 -0.0101498 -0.0496487 -0.0343018 0.0498808 -0.0393813 -0.029959
internal_weight=324.545 227.204 222.508 86.7799 26.6535 135.728 69.8722 55.411 28.6841 60.1264 16.2941 10.1991 54.2912 26.727 29.3561 18.3203 14.0541 20.1008 65.8556 13.5562 52.2995 97.3409 17.2405 15.1349 11.2779 22.2451 11.0359 10.3594 24.9351 17.6218
internal_count=2000 1280 1249 429 130 820 414 331 151 299 79 48 273 180 137 83 63 109 406 72 334 720 99 85 63 152 54 51 136 88
is_linear=0
shrinkage=0.05


Tree=25
num_leaves=31
num_cat=0
split_feature=7 5 9 8 4 5 5 7 0 3 4 6 5 8 5 4 5 5 4 3 4 2 3 0 0 9 3 4 0 6
split_gain=144.363 13.1191 15.3476 8.23452 7.79136 9.4143 6.41872 6.65195 5.69063 4.62204 5.21806 3.75643 8.5569 3.45477 3.40854 3.27721 2.91158 2.84649 3.13502 2.84215 2.80467 2.72098 3.61965 5.47507 2.71578 2.65103 2.56862 2.17975 2.08306 1.87684
threshold=0.19035714119672778 0.58775746822357189 12.71848249435425 0.046063164249062545 0.11713322252035142 0.40783165395259863 0.48871119320392614 0.22954545915126803 177.00214385986331 0.035342745482921607 0.12571288645267489 5.5000000000000009 0.36995278298854833 0.036444308236241348 0.51893743872642528 0.10592114925384523 0.25112693011760717 0.29512862861156469 0.098952170461416258 0.022495291195809845 0.092401351779699339 141.21437835693362 0.02099208161234856 116.71424865722658 171.48836517333987 8.3654236793518084 0.039784917607903487 0.091274309903383269 236.19557952880862 7.5000000000000009
decision_type=2 2 2 2 2 2 2 2 2 2 2 2 2 2 2 2 2 2 2 2 2 2 2 2 2 2 2 2 2 2
left_child=14 2 3 4 11 8 21 -8 25 10 17 12 13 19 24 -11 -13 20 -19 -2 -5 22 -4 -24 -1 26 -6 -25 -23 -26
right_child=1 -3 6 9 5 -7 7 -9 -10 15 -12 16 -14 -15 -16 -17 -18 18 -20 -21 -22 28 23 27 29 -27 -28 -29 -30 -31
leaf_value=0.0539314896682083 -0.011996250832323342 0.062467008281438974 -0.049988750280802192 0.00090873700537788451 0.011407668903746022 0.060238352011473262 0.02957922622397819 -0.044593492816955217 0.016298020088330478 0.065594664616121567 0.043930532206951124 -0.0042549246966182147 0.028877560595647025 -0.0021906327966607674 0.05652515841526521 0.012177269285476848 -0.050229812886353878 -0.024388185323876994 0.024444231588105797 -0.058884239420936971 -0.049376631442554504 -0.060181506127132328 -0.063739473315155323 -0.018415070752688941 0.038107439895220745 -0.048787300495884436 -0.041671082448967944 0.032750855674594563 -0.026537178605471057 -0.00690245935797022
leaf_weight=7.6029710620641735 4.407629147171984 4.5206594839692107 17.579305529594425 4.215909928083426 5.3689547926187569 5.0812568366527548 6.0760449022054654 6.0152177363634109 10.299911066889761 4.2349711805582038 4.42579062283039 3.9385166466236141 6.9572482407093039 6.0407264381647101 76.948819950222969 8.9170015901327115 27.411651849746704 6.2563385814428312 6.9244213104248047 12.116511091589926 8.1015358120203 33.468463554978371 3.8652008324861518 3.9943598210811597 4.2669100612401945 9.3608704060316068 3.960734486579895 4.3466725647449493 5.3338516801595679 5.06574946641922
leaf_count=55 26 31 125 20 24 24 29 33 46 21 20 23 35 30 621 40 161 31 32 78 37 237 24 24 21 53 20 21 35 23
internal_value=3.61895e-05 -0.0218428 -0.0235855 -0.0134586 -0.0216849 -0.00253987 -0.0409099 -0.00732056 -0.0135432 0.0046729 -0.00618522 -0.0324008 -0.0196013 -0.0345484 0.0520557 0.0293778 -0.044454 -0.0148839 0.00126559 -0.0463774 -0.0321654 -0.0468313 -0.0354646 -0.0145471 0.0317481 -0.029988 -0.0111259 0.00824848 -0.0555567 0.0136762
internal_weight=317.104 223.22 218.699 138.02 94.944 34.0717 80.6791 12.0913 28.9905 43.076 29.924 60.8723 29.5221 22.5649 93.8845 13.152 31.3502 25.4982 13.1808 16.5241 12.3174 68.5879 29.7855 12.2062 16.9356 18.6906 9.32969 8.34103 38.8023 9.33266
internal_count=2000 1280 1249 721 520 167 528 62 143 201 140 353 169 134 720 61 184 120 63 104 57 466 194 69 99 97 44 45 272 44
is_linear=0
shrinkage=0.05


Tree=26
num_leaves=31
num_cat=0
split_feature=7 9 5 8 5 7 3 1 0 8 0 4 4 4 2 2 8 0 1 0 0 5 8 1 1 9 8 3 3 5
split_gain=134.687 12.486 14.9053 9.41983 7.89533 7.6847 6.89782 6.82263 8.75568 5.52608 5.14084 5.10074 4.2076 4.20585 4.16631 6.16224 4.44623 4.0797 3.79408 3.62626 3.58296 3.44812 3.38725 2.75399 2.68515 2.64988 3.63089 2.40903 2.34229 2.25831
threshold=0.19035714119672778 9.463076591491701 0.46682895720005041 0.032344043254852302 0.38142493367195135 0.24279221147298816 0.020851403474807743 35.222124099731452 190.00518035888675 0.045612115412950523 107.86373138427736 0.090506386011838927 0.13104767352342608 0.10198161751031877 414.37005615234381 168.16127014160159 0.0558815784752369 112.23975753784181 32.551208496093757 241.91146087646487 97.126586914062514 0.51893743872642528 0.033553307875990875 30.096068382263187 20.471193313598636 12.71848249435425 0.049946134909987457 0.027728961780667308 0.031047980301082138 0.37280671298503881
decision_type=2 2 2 2 2 2 2 2 2 2 2 2 2 2 2 2 2 2 2 2 2 2 2 2 2 2 2 2 2 2
left_child=21 4 6 5 10 18 13 8 12 11 20 -10 17 -3 15 16 28 -8 -4 25 -2 24 -19 -5 -1 26 27 29 -12 -9
right_child=1 2 3 23 -6 -7 7 19 9 -11 14 -13 -14 -15 -16 -17 -18 22 -20 -21 -22 -23 -24 -25 -26 -27 -28 -29 -30 -31
leaf_value=0.059683295629996275 -0.0033500193491085312 -0.055157009202237331 0.049387315120603237 0.06225296691906626 0.059938769647875971 -0.066513962377668809 -0.054688879819696515 -0.046611887674176393 -0.042563607481688165 0.067010908203981132 0.0083893712591987801 0.033047448887349153 0.022738610744291288 0.00027544674529809439 -0.020820847306692661 0.055114798623439591 0.036891305105771453 -0.041809623922888187 -0.017877741151817429 0.0083464024692608673 -0.065607741685360196 0.055978801651734189 -0.00037508418286993548 0.01089069207390622 0.016795452259603078 -0.06256157845828747 -0.0033792575601952627 -0.063599470165266153 -0.035279054697300485 -0.0047943370929170561
leaf_weight=5.4133854210376766 4.0232293456792814 40.505403481423855 3.5505726113915461 6.7472184002399427 4.999716028571128 5.3542115539312354 12.511152714490889 8.990532606840139 4.1097283214330655 4.3715252429246894 5.2313259392976814 4.8779399394989014 3.8903325200080863 3.7376416474580756 12.987175837159155 6.696462243795394 5.4141768217086783 8.6996110081672686 5.1184739917516708 3.5661585032939902 5.4300275146961212 73.892284862697124 11.390600591897963 4.2561198472976685 11.20089468359947 13.472839385271071 6.6881030797958365 10.122653126716612 7.4351730048656464 5.0375445261597624
leaf_count=42 21 303 20 41 28 32 76 59 26 21 24 25 19 18 62 30 25 52 26 19 28 621 56 20 57 92 32 60 37 28
internal_value=3.63305e-05 -0.0211498 -0.0278224 0.00775587 0.000190262 -0.0194166 -0.0340941 -0.0266787 -0.0137318 0.0209008 -0.00613631 -0.00152669 -0.0264104 -0.0504741 0.00211808 0.0141417 -0.00103327 -0.0322754 0.00967194 -0.0401591 -0.0391114 0.0513511 -0.0183174 0.0423859 0.0307695 -0.0440628 -0.035981 -0.0450095 -0.0172438 -0.031595
internal_weight=309.722 219.216 166.998 25.0266 52.2173 14.0233 141.972 97.7287 49.8509 13.3592 47.2176 8.98767 36.4917 44.243 37.7643 24.7771 18.0807 32.6014 8.66905 47.8778 9.45326 90.5066 20.0902 11.0033 16.6143 44.3117 30.8388 24.1507 12.6665 14.0281
internal_count=2000 1280 1025 139 255 78 886 565 275 72 227 51 203 321 178 116 86 184 46 290 49 720 108 61 99 271 179 147 61 87
is_linear=0
shrinkage=0.05


Tree=27
num_leaves=31
num_cat=0
split_feature=7 9 5 5 4 0 3 1 5 2 4 8 9 3 7 5 5 0 3 5 7 3 0 0 5 8 6 3 5 8
split_gain=125.681 11.69 13.499 9.46242 6.03174 8.27483 6.69196 5.93473 5.36712 6.4534 4.31285 4.04357 4.21946 4.27727 4.6262 4.09603 5.73142 3.59334 3.99904 3.50379 2.91661 2.67007 2.65928 2.26629 2.20322 3.93705 2.15673 1.99496 1.97366 2.36715
threshold=0.19035714119672778 10.838040828704836 0.5580311417579652 0.33056472241878515 0.0975187122821808 167.51636505126956 0.029708225280046466 26.392292022705082 0.30126973986625677 242.40199279785159 0.089766535907983794 0.077593434602022185 8.918154716491701 0.031047980301082138 0.4053571373224259 0.21053409576416018 0.28250834345817571 154.23659515380862 0.030453242361545566 0.51893743872642528 0.26937501132488256 0.03865379840135575 171.48836517333987 190.45857238769534 0.42749039828777319 0.0412097666412592 6.5000000000000009 0.024622764438390735 0.20851960033178332 0.032842800021171577
decision_type=2 2 2 2 2 2 2 2 2 2 2 2 2 2 2 2 2 2 2 2 2 2 2 2 2 2 2 2 2 2
left_child=19 3 4 11 6 27 24 26 -7 23 -8 12 13 14 -2 -15 21 -9 -19 22 -11 -17 -1 -10 -3 -26 -5 -6 -14 -30
right_child=1 2 -4 7 5 8 10 17 9 20 -12 -13 28 15 -16 16 -18 18 -20 -21 -22 -23 -24 -25 25 -27 -28 -29 29 -31
leaf_value=0.052663614442181719 -0.01590919192693864 -0.050724044566861963 0.039490163485298053 0.067252424295959443 -0.016609212247464592 -0.047352943732789157 0.036828017813220787 -0.030032953643149115 0.015524726021800534 0.0057819314261691708 -0.037151395673915739 0.022705823861646074 -0.065659922009662225 -0.050527892591018503 0.05641085722142504 -0.010588975443392171 -0.049020514201724881 -0.008027017516033871 0.056633814931289356 0.055458090911676167 -0.053851516768581513 0.043656472027468432 0.011982992621462055 0.059840753542100146 -0.042491352449137154 0.015851971324162512 0.02028006148221782 -0.055994639863115307 -0.060654050952179156 -0.018612444094577765
leaf_weight=7.1376503780484226 4.4863210618495959 57.279639877378941 6.6584106609225264 6.1836456879973429 4.393797010183337 4.7421838939189938 4.2309872657060614 6.1586857736110714 6.2887427955865878 4.402059078216551 3.6867172867059708 5.7172927856445304 5.0705342441797283 7.7968054115772274 4.3606542944908142 4.2843922525644285 4.8803706765174857 5.798045411705969 4.0694864392280579 70.931775689125061 3.8381320387125015 4.8211939483880997 9.1890849471092206 5.3300613313913345 14.169815964996817 3.6328733861446372 4.0404684320092201 11.985626399517058 4.604856729507449 12.268659994006155
leaf_count=55 21 429 42 33 24 28 20 33 29 22 20 26 31 40 20 20 24 28 20 621 22 21 44 24 96 19 20 72 33 63
internal_value=3.57033e-05 -0.0204895 -0.0298646 -0.00600258 -0.0335893 -0.0178942 -0.0413386 0.0189244 0.000438707 0.011851 0.00238102 -0.017228 -0.0215707 -0.00958124 0.0197372 -0.0214888 -0.00530027 -6.45189e-05 0.0186399 0.0506512 -0.0219943 0.0181327 0.0297676 0.0358545 -0.045949 -0.0305856 0.0486894 -0.0454295 -0.0383058 -0.0300858
internal_weight=302.439 215.18 130.639 84.5414 123.981 40.9806 83 26.2503 24.6012 19.859 7.9177 58.2911 52.5738 30.6297 8.84698 21.7828 13.986 16.0262 9.86753 87.2585 8.24019 9.10559 16.3267 11.6188 75.0823 17.8027 10.2241 16.3794 21.9441 16.8735
internal_count=2000 1280 847 433 805 221 584 134 125 97 40 299 273 146 41 105 65 81 48 720 44 41 99 53 544 115 53 96 127 96
is_linear=0
shrinkage=0.05


Tree=28
num_leaves=31
num_cat=0
split_feature=7 9 5 8 7 5 3 1 0 0 8 4 4 8 2 2 2 8 5 1 0 0 9 8 1 1 3 3 0 8
split_gain=117.281 11.05 13.2172 8.27456 7.13186 7.02602 6.65179 6.31453 7.75017 4.72275 4.25788 5.14636 4.01639 3.91761 3.59831 5.44563 4.12364 3.83959 3.55055 3.41086 3.39364 3.38049 2.72609 3.33764 2.65928 2.57691 2.57065 2.47793 2.32228 3.42135
threshold=0.19035714119672778 9.463076591491701 0.46682895720005041 0.032344043254852302 0.24279221147298816 0.38142493367195135 0.020851403474807743 34.99682807922364 190.00518035888675 107.86373138427736 0.046571103855967529 0.090506386011838927 0.10198161751031877 0.035480394959449775 414.37005615234381 168.16127014160159 126.27373504638673 0.049946134909987457 0.51893743872642528 32.551208496093757 241.91146087646487 97.126586914062514 12.71848249435425 0.049946134909987457 20.471193313598636 30.096068382263187 0.023992091417312626 0.027728961780667308 196.38417816162112 0.035059168934822089
decision_type=2 2 2 2 2 2 2 2 2 2 2 2 2 2 2 2 2 2 2 2 2 2 2 2 2 2 2 2 2 2
left_child=18 5 6 4 19 9 12 8 13 21 11 -10 -3 26 15 16 17 -11 24 -4 22 -2 23 27 -1 -5 -8 28 29 -9
right_child=1 2 3 25 -6 -7 7 20 10 14 -12 -13 -14 -15 -16 -17 -18 -19 -20 -21 -22 -23 -24 -25 -26 -27 -28 -29 -30 -31
leaf_value=0.058862705841601776 -0.002884899919393745 -0.05392795249678925 0.048043905387374491 0.060367266413539358 -0.065010847644775327 0.058238434746664063 -0.0090418751775555462 -0.041356974992122909 -0.040953297692802364 -0.0064912077626995759 0.063216186530921981 0.03683129547210736 0.00061935397610127273 -0.0078652217632215107 -0.01909200293206445 0.052205325005685956 -0.034491332386097945 0.051935746499152106 0.054960582457609146 -0.016426421799721477 0.0090275816252125066 -0.063997454563152326 -0.061544101485008364 -0.0024890077715025269 0.015016554832605689 0.010149226096280647 -0.052845991366134965 -0.062010513902835941 -0.054448466518094707 0.02211506004786833
leaf_weight=5.0452822446823147 3.9844202548265439 37.802626796066761 3.4595463275909442 6.4784876331686956 5.0927739068865767 4.757907733321189 4.5456351935863522 4.7430421337485367 3.9207490012049657 7.1874112784862572 4.0951348841190329 4.6464821249246597 3.7054440081119528 17.74310003221035 12.818742007017134 6.6541440635919562 6.0168636888265601 4.618926465511322 68.067707195878029 5.0408562794327736 3.5277268588542929 5.2372602596879005 12.600715704262255 6.6217793673276892 10.99272161722183 4.2176851481199265 12.725989051163195 9.7419374585151655 5.5482900738716117 3.843618631362915
leaf_count=42 21 303 20 41 32 28 28 33 26 36 20 24 18 89 62 30 28 22 621 26 19 28 92 32 57 20 84 61 37 20
internal_value=3.5697e-05 -0.0198344 -0.026304 0.00766658 -0.0182208 0.000366181 -0.0323795 -0.0250383 -0.0122433 -0.00555308 0.0212794 0.00123358 -0.0490585 -0.0243661 0.00236886 0.0136079 -0.00080217 0.0163668 0.0499739 0.00981211 -0.0381214 -0.0375925 -0.0419806 -0.0338977 0.0288098 0.0405654 -0.0413174 -0.0426083 -0.0292362 -0.0129452
internal_weight=295.483 211.377 160.102 24.2893 13.5932 51.2757 135.812 94.3042 47.6771 46.5178 12.6624 8.56723 41.5081 35.0147 37.2961 24.4773 17.8232 11.8063 84.1057 8.5004 46.6271 9.22168 43.0994 30.4987 16.038 10.6962 17.2716 23.8769 14.135 8.58666
internal_count=2000 1280 1025 139 78 255 886 565 271 227 70 50 321 201 178 116 86 58 720 46 294 49 275 183 99 61 112 151 90 53
is_linear=0
shrinkage=0.05


Tree=29
num_leaves=31
num_cat=0
split_feature=7 4 5 3 8 5 9 5 8 0 0 6 5 2 5 2 8 1 0 4 1 8 1 1 9 2 1 3 3 0
split_gain=109.461 10.6863 11.742 8.82193 8.80209 8.61226 5.43289 7.14168 4.16045 4.05812 3.65864 4.32422 3.60158 3.30711 3.05393 3.0219 2.83323 2.81306 2.61124 8.81488 3.12448 2.84546 2.59956 2.42158 2.10122 1.93687 3.51975 2.97326 1.89951 2.72501
threshold=0.19035714119672778 0.12519570440053943 0.51446503400802623 0.035886285826563842 0.034148240461945541 0.19663144648075107 13.929828166961672 0.44599455595016485 0.038577171042561538 159.81677246093753 178.09719848632815 5.5000000000000009 0.51893743872642528 343.41722106933599 0.35369096696376806 258.77691650390631 0.028565182350575927 25.309551239013675 185.32576751708987 0.099931538105011 8.1547112464904803 0.047825898975133903 20.471193313598636 31.609048843383793 11.618255138397219 147.07643127441409 18.858830451965336 0.023384540341794494 0.023691140115261081 202.498893737793
decision_type=2 2 2 2 2 2 2 2 2 2 2 2 2 2 2 2 2 2 2 2 2 2 2 2 2 2 2 2 2 2
left_child=12 2 3 6 -5 -3 7 13 17 -6 11 -7 22 15 -13 18 -9 -4 20 21 -2 -20 -1 -21 -24 26 -22 -28 -8 -30
right_child=1 5 8 4 9 10 28 16 -10 -11 -12 14 -14 -15 -16 -17 -18 -19 19 23 25 -23 24 -25 -26 -27 27 -29 29 -31
leaf_value=0.058370342825790122 0.0053407161454900355 -0.053806876563064876 0.036963769440502614 -0.056618080474037075 -0.00051011000277644252 0.032476349769564074 -0.051898629423405479 -0.016810130983156604 0.060315539150211352 0.059185049202886121 0.043596315479344921 -0.033862924310361489 0.054484064238605683 -0.045148098948169756 0.018567813168236729 0.014216223636149349 0.040903715812180462 -0.021247772941458659 -0.050182255204282357 0.050746817528382997 -0.04915910859337394 0.0058646442199432065 0.040511184129387895 0.00046184722438932682 -0.004021847556582899 -0.062597176996121301 0.02672794213425177 -0.028305641254334091 -0.05005060028350649 0.012962181009442809
leaf_weight=4.8386759161949149 4.3688444793224326 5.0734953731298438 3.3615568950772268 3.9116374477744094 5.5149661451578122 8.429241701960569 34.524367056787014 3.5880802646279317 4.4609655663371077 5.8850364834070206 8.8550748974084836 7.4602131918072683 65.299974404275417 25.299090184271336 4.4245007038116455 4.8080478534102431 5.2203150540590286 5.4243200272321701 11.281682208180429 4.3421130180358869 16.150741383433346 2.8333282545208922 4.5089967101812345 5.336975634098053 6.4204082787036896 7.2176960930228224 3.3129391670227042 9.4686801433563215 4.0540060475468627 2.9746748432517052
leaf_count=42 25 26 22 27 26 42 286 21 30 30 41 37 621 161 21 27 25 26 81 20 100 17 29 26 28 44 20 53 28 18
internal_value=3.51689e-05 -0.0192065 -0.0242487 -0.0279921 0.00809995 0.00631786 -0.031809 -0.0256639 0.0209912 0.0303064 0.0167756 0.00508417 0.0493053 -0.0296808 -0.0143437 -0.0240196 0.0173941 0.0010245 -0.0268781 -0.0137307 -0.0345987 -0.0389319 0.0278587 0.0230201 0.0143505 -0.0394255 -0.0336449 -0.0140412 -0.0470751 -0.0233824
internal_weight=288.651 207.583 173.34 160.093 15.3116 34.2425 144.782 103.229 13.2468 11.4 29.169 20.314 81.0681 94.4201 11.8847 69.121 8.8084 8.78588 64.313 23.7941 40.5189 14.115 15.7681 9.67909 10.9294 36.1501 28.9324 12.7816 41.553 7.02868
internal_count=2000 1280 1113 1035 83 167 952 620 78 56 141 100 720 574 58 413 46 48 386 144 242 98 99 46 57 217 173 73 332 46
is_linear=0
shrinkage=0.05


Tree=30
num_leaves=31
num_cat=0
split_feature=7 9 5 5 1 6 9 0 8 6 4 4 0 4 5 3 5 8 9 3 7 5 5 0 5 3 4 8 5 8
split_gain=102.191 10.0833 11.1151 8.25375 5.53572 5.47453 4.72577 7.32448 5.04023 4.61131 4.35916 3.96454 4.51594 3.66201 4.3793 6.35892 3.62059 3.33652 3.77948 3.72388 3.96278 3.61556 5.26668 2.54534 2.40574 2.28013 2.23424 2.15109 1.91451 2.29123
threshold=0.19035714119672778 10.838040828704836 0.5580311417579652 0.33056472241878515 35.222124099731452 5.5000000000000009 13.138669013977053 116.28243637084962 0.045612115412950523 5.5000000000000009 0.12095094472169877 0.083831973373889937 190.45857238769534 0.093038402497768416 0.387596145272255 0.024912760592997078 0.51893743872642528 0.077593434602022185 8.918154716491701 0.031047980301082138 0.4053571373224259 0.21053409576416018 0.28250834345817571 171.48836517333987 0.31786282360553747 0.03865379840135575 0.092401351779699339 0.049683047458529479 0.20851960033178332 0.032842800021171577
decision_type=2 2 2 2 2 2 2 2 2 2 2 2 2 2 2 2 2 2 2 2 2 2 2 2 2 2 2 2 2 2
left_child=16 3 4 17 6 -5 7 26 9 24 -7 -8 -13 -6 27 -16 23 18 19 20 -2 -21 25 -1 -9 -23 -3 -15 -20 -30
right_child=1 2 -4 5 13 10 11 8 -10 -11 -12 12 -14 14 15 -17 -18 -19 28 21 -22 22 -24 -25 -26 -27 -28 -29 29 -31
leaf_value=0.050895945608552734 -0.014333919812759008 -0.012381929944622012 0.03727361501281664 0.050077789614124485 -0.054053796123574673 -0.021232489195328445 -0.047095564448421716 -0.010117785949742615 0.047282280311074842 -0.040373141124116385 0.030895187193893503 -0.043095183143541972 0.020659389253692661 -0.057082976874387785 0.031299249725953847 -0.053568230989399147 0.054026490459268474 0.021026632773929976 -0.064003848178890863 -0.047464732504662772 0.052877336657934051 -0.0086771141401597498 -0.046978266737975692 0.0097836333667162181 0.046723095721610673 0.041860058769308213 -0.062641443631341692 -0.016225460310552661 -0.059497116282690589 -0.016637757277173797
leaf_weight=6.4802518859505644 4.4052325040102023 3.6555715128779429 6.2512406185269347 8.9874139800667781 30.863327957689762 9.2051687464118022 20.524644441902641 3.5947007760405558 6.4773683696985236 5.7164408415555954 7.1069844514131537 5.3558010384440404 5.769909180700779 10.629639297723772 5.7596201747655851 3.5785752609372139 62.628044672310352 5.5955255627632132 4.7163467779755619 7.5182732343673733 4.3672772347927094 4.1941998451948148 4.7335676476359358 8.9844277650117856 3.8608785942196846 4.7705169916152954 5.5964932814240456 4.6223524734377852 4.2168051376938847 11.970182210206984
leaf_count=55 21 22 42 50 252 49 170 22 32 34 35 34 34 75 26 21 621 26 31 40 20 20 24 44 20 21 37 26 33 63
internal_value=3.56316e-05 -0.0185805 -0.0276716 -0.00499101 -0.0311714 0.0187431 -0.0207189 -0.00610141 0.0111706 -0.00658736 0.00147883 -0.0340668 -0.0100314 -0.0425848 -0.02819 -0.00122359 0.0486767 -0.015621 -0.0196503 -0.00827439 0.0191263 -0.0196039 -0.00431253 0.0270112 0.0193173 0.0182159 -0.0427835 -0.0447005 -0.0359708 -0.0278029
internal_weight=282.137 204.044 122.257 81.7875 116.005 25.2996 60.5518 28.9015 19.6494 13.172 16.3122 31.6504 11.1257 55.4535 24.5902 9.3382 78.0927 56.4879 50.8924 29.9891 8.77251 21.2166 13.6983 15.4647 7.45558 8.96472 9.25206 15.252 20.9033 16.187
internal_count=2000 1280 847 433 805 134 405 167 108 76 84 238 68 400 148 47 720 299 273 146 41 105 65 99 42 41 59 101 127 96
is_linear=0
shrinkage=0.05


Tree=31
num_leaves=31
num_cat=0
split_feature=7 9 5 5 5 8 0 2 9 1 9 4 4 1 3 5 7 8 2 5 5 6 5 1 7 5 2 5 0 4
split_gain=95.5038 10.6732 10.8344 8.71058 5.32038 6.32401 5.77669 4.92323 4.91772 4.75968 4.41483 3.92846 3.2681 3.24086 3.75498 3.12992 5.23881 3.07807 4.43233 3.30714 2.65338 2.61252 3.8028 3.75247 2.42728 2.28336 2.11851 1.87211 1.60217 1.53658
threshold=0.20145833492279056 12.71848249435425 0.57774519920349132 0.52222236990928661 0.42749039828777319 0.049111708998680122 190.00518035888675 135.28517913818362 10.271853446960451 30.431875228881839 9.4116024971008319 0.10524655506014825 0.079440176486969008 37.035326004028327 0.027614281512796882 0.19933389872312549 0.35464285314083105 0.026563784107565883 162.12917327880862 0.31587518751621252 0.33212165534496313 8.5000000000000018 0.34076623618602758 30.096068382263187 0.32944445312023168 0.43688260018825537 392.27041625976568 0.3856737762689591 203.52185821533206 0.11443375423550607
decision_type=2 2 2 2 2 2 2 2 2 2 2 2 2 2 2 2 2 2 2 2 2 2 2 2 2 2 2 2 2 2
left_child=3 4 12 7 5 10 13 -1 -9 -6 11 -2 -3 14 -7 -13 20 28 19 -19 -17 22 -12 -24 -21 -20 -10 -25 -14 -8
right_child=1 2 -4 -5 9 6 29 8 26 -11 21 15 17 -15 -16 16 -18 18 25 24 -22 -23 23 27 -26 -27 -28 -29 -30 -31
leaf_value=0.049868930633777425 -0.042844962864692956 -0.05154484308573587 0.060836190141423885 0.054276850295212502 0.055640920848705581 -0.035517252994708634 0.058415338881427525 0.042428413008184597 0.0003045422660950937 -0.0053473188819340304 -0.038563773185389949 -0.033083523203872138 -0.064884137323658206 -0.033152243286777239 0.020961076330646776 -0.028724101679651937 0.039603881812823531 -0.034019956143867353 -0.055630656506151378 -0.0080320779187881882 0.021619289754502526 -0.06094359886479335 0.025454893808395745 -0.042947638269792601 0.04469438458628712 -0.0021285066783828378 -0.048228255817242494 0.0019068709853540184 -0.022491019146841887 0.017593884404751559
leaf_weight=7.3027013912797001 6.2713898494839695 29.96713587641716 2.8104511201381674 62.176327660679817 5.3689604103565198 4.0611996725201633 4.5855584442615491 4.3650900349020949 4.8502126112580282 7.9155535623431206 25.675196811556816 5.2587652504444149 7.1946725472807866 8.6402630358934385 10.688189074397085 7.727635286748411 8.6819971129298192 4.6528816670179394 8.3468688577413541 4.3922345265746099 3.957787349820137 6.471657656133174 5.612280271947383 6.0757983624935132 4.3390623107552528 2.6202395111322394 4.1918540149927139 3.7695142924785614 3.2289951369166374 4.6357471495866776
leaf_count=58 37 263 22 634 31 22 25 28 23 40 181 28 53 41 47 39 43 32 65 27 20 44 27 39 26 17 20 23 23 22
internal_value=3.35916e-05 -0.0192493 -0.0352714 0.0449222 -0.0106181 -0.0141633 0.00437819 0.0168371 -0.00115497 0.0193012 -0.0217689 -0.00737486 -0.0394435 -0.00883514 0.00540994 0.0013056 0.0101847 -0.0290151 -0.0192826 2.70558e-05 -0.0116731 -0.0314137 -0.0267676 -0.00717403 0.0181706 -0.042848 -0.022195 -0.025774 -0.0517518 0.0378935
internal_weight=275.836 192.95 67.5525 82.8862 125.397 112.113 32.611 20.7099 13.4072 13.2845 79.502 31.8976 64.7421 23.3897 14.7494 25.6262 20.3674 34.775 24.3513 13.3842 11.6854 47.6044 41.1328 15.4576 8.7313 10.9671 9.04207 9.84531 10.4237 9.22131
internal_count=2000 1237 528 763 709 638 157 129 71 71 481 167 506 110 69 130 102 243 167 85 59 314 270 89 53 82 43 62 76 47
is_linear=0
shrinkage=0.05


Tree=32
num_leaves=31
num_cat=0
split_feature=7 9 5 5 1 6 0 3 8 5 7 8 4 5 4 5 3 0 0 9 3 5 5 5 4 8 0 1 0 8
split_gain=89.0925 8.95398 9.63809 7.19901 5.18642 4.96061 4.38644 9.15649 6.58534 5.28543 4.4287 3.91659 3.89181 3.65675 3.6244 4.08686 5.78911 3.32405 4.8893 3.7176 5.22784 3.61982 4.60358 2.87821 3.91635 2.6472 2.55552 2.49518 2.28611 2.05007
threshold=0.19035714119672778 10.838040828704836 0.5580311417579652 0.33056472241878515 35.222124099731452 5.5000000000000009 116.28243637084962 0.02099208161234856 0.045612115412950523 0.48223812878131872 0.43320512771606451 0.046063164249062545 0.12095094472169877 0.51893743872642528 0.093038402497768416 0.387596145272255 0.024912760592997078 107.86373138427736 95.275806427001967 9.463076591491701 0.027794647961854938 0.28250834345817571 0.19933389872312549 0.35261636972427374 0.085042450577020659 0.042946198955178268 185.672966003418 20.471193313598636 128.77185821533206 0.049683047458529479
decision_type=2 2 2 2 2 2 2 2 2 2 2 2 2 2 2 2 2 2 2 2 2 2 2 2 2 2 2 2 2 2
left_child=13 3 4 17 6 -5 -3 9 10 -8 23 12 -7 27 -6 29 -17 18 -2 21 -21 22 -19 -9 -25 -22 28 -1 -24 -16
right_child=1 2 -4 5 14 11 7 8 -10 -11 -12 -13 -14 -15 15 16 -18 19 -20 20 25 -23 26 24 -26 -27 -28 -29 -30 -31
leaf_value=0.057334587820694831 0.0033067131035775217 -0.046125949585261616 0.035571323227445176 0.048112251074669946 -0.052818192597445725 -0.038150754859365116 -0.046194576097833423 -0.063115822130525884 0.047384588756102922 0.018524024838578887 0.034457284414460936 0.045366429903986545 0.018583439130314561 0.053155757244620266 -0.055680028265566617 0.030322526032157404 -0.051747134152468711 -0.019298800770348457 -0.068493368393996071 -0.064797008066080394 -0.042920343376304862 -0.02737403245900526 0.038953118109236462 -0.060991481070050396 0.013270967302059445 0.019061683422301211 0.05645868162874107 0.01234008947028555 -0.0091481208728210021 -0.015062969626856996
leaf_weight=4.3417713418602935 3.8716459572315198 12.087499260902403 5.9890448674559584 8.764239080250265 28.911898232996464 6.6912988647818583 18.649522311985496 3.4415755644440713 7.6741888001561156 3.7970259040594092 4.3361829146742812 3.8416964858770362 5.5133698210120201 57.53769388794899 9.942610368132593 5.7519432380795461 3.4301551356911659 8.1870915964245849 6.1173451393842697 6.1463527604937536 2.6551544293761253 8.4552546367049199 4.5231548473238927 2.5308918207883817 5.9469547346234322 4.9048828184604645 5.0104727745056143 10.612790644168852 5.4422149509191513 4.5184915438294402
leaf_count=42 24 83 42 50 252 37 165 23 37 21 26 20 27 621 75 26 21 42 37 40 21 42 22 20 30 22 23 57 26 26
internal_value=3.44193e-05 -0.0173948 -0.0262129 -0.00451749 -0.0295459 0.0178605 -0.0192995 -0.0123075 0.00920996 -0.0352469 -0.00881209 0.00133758 -0.0125215 0.0474307 -0.0409442 -0.0264243 -0.000336225 -0.014555 -0.0406643 -0.00880087 -0.03055 0.000627302 0.0108487 -0.0245531 -0.0088986 -0.00270697 0.02733 0.0254034 0.0126844 -0.0429889
internal_weight=269.624 197.132 117.008 80.1242 111.019 24.8106 58.4638 46.3763 23.9298 22.4465 16.2556 16.0464 12.2047 72.4923 52.5551 23.6432 9.1821 55.3136 9.98899 45.3246 13.7064 31.6182 23.1629 11.9194 8.47785 7.56004 14.9758 14.9546 9.96537 14.4611
internal_count=2000 1280 847 433 805 134 405 322 136 186 99 84 64 720 400 148 47 299 61 238 83 155 113 73 50 43 71 99 48 101
is_linear=0
shrinkage=0.05


Tree=33
num_leaves=31
num_cat=0
split_feature=7 9 5 5 8 5 4 3 4 3 0 4 2 9 3 3 4 7 7 9 2 2 4 5 7 5 0 7 2 3
split_gain=83.2198 9.8229 8.84037 8.47657 6.17121 6.83703 6.60249 7.38587 5.0325 4.79232 7.02145 6.18384 4.42444 4.40782 3.97098 4.26903 3.91518 3.30956 3.18044 2.5554 3.13024 2.4928 2.45535 3.01019 3.10724 3.50643 4.20832 2.17929 1.89463 1.8793
threshold=0.20145833492279056 13.116025924682619 0.57774519920349132 0.52222236990928661 0.034148240461945541 0.44375950098037725 0.10652956366539003 0.024352495558559898 0.14624729752540591 0.027460592798888687 198.7400817871094 0.089603852480649962 135.28517913818362 10.271853446960451 0.03052293881773949 0.039784917607903487 0.11755571886897088 0.23607692122459414 0.37325000762939459 9.4934096336364764 343.41722106933599 270.18629455566412 0.075481262058019652 0.50050100684165966 0.32944445312023168 0.36579407751560217 196.89338684082034 0.4053571373224259 392.27041625976568 0.023691140115261081
decision_type=2 2 2 2 2 2 2 2 2 2 2 2 2 2 2 2 2 2 2 2 2 2 2 2 2 2 2 2 2 2
left_child=3 4 22 12 6 9 17 -8 19 16 11 -11 -1 -14 -13 -16 27 -2 -17 20 -9 -12 -3 24 -24 29 -27 -6 -15 -26
right_child=1 2 -4 -5 5 -7 7 8 -10 10 21 14 13 28 15 18 -18 -19 -20 -21 -22 -23 23 -25 25 26 -28 -29 -30 -31
leaf_value=0.048247295242373395 -0.0033679133671590715 -0.053242386388663347 0.059382375646772859 0.053470283411021995 -0.046385795635919658 0.05868008966053543 0.057593784380139047 0.0095707559194624526 0.027480766036214813 0.044687296505128059 0.069785946599751944 0.021767436610296877 0.040868740527406695 0.00028796348916000999 -0.036811424135041321 0.037032801188819867 0.015743037579502839 -0.050029483136583133 -0.022623395436311835 -0.048336666976004056 -0.046266338671704495 0.01687737226676091 -0.056489203169296544 0.0098307189584095622 -0.057611018467728009 -0.034623477850443167 0.042186453243711959 -0.012063744556066007 -0.045790111675823392 -0.013035861438635984
leaf_weight=6.8667088374495533 4.6291193366050747 20.576309360563755 2.3512475490570059 57.189884692430496 11.976902693510061 4.4707670658826819 3.8555257692933109 6.5256502404809051 5.073999620974063 5.358775205910205 4.6171703189611417 6.4603291973471633 4.2248790338635436 4.8126141577959043 16.939891897141937 4.2772537320852262 5.1866981089115134 21.218401163816452 4.6773069500923157 8.8147722706198675 4.0788678526878357 4.2992113828659058 11.893926732242109 3.9285475239157668 6.7217999547719973 3.5821608006954184 3.5510046556591988 7.5344482138752928 4.1585628539323807 3.6477591022849083
leaf_count=58 30 195 20 634 79 24 19 38 26 27 25 32 28 23 86 20 24 166 23 62 21 20 97 21 61 28 25 44 20 24
internal_value=3.08681e-05 -0.018066 -0.0355217 0.0436605 -0.0105124 -0.00130061 -0.023396 -0.00673199 -0.0168576 -0.00506014 0.00437203 -0.00506198 0.0156973 -0.0012405 -0.0133017 -0.022051 -0.0228681 -0.0416727 0.00587211 -0.0284426 -0.0119061 0.044275 -0.0396615 -0.0312761 -0.0367696 -0.0233692 0.00361374 -0.0331321 -0.0210714 -0.0419306
internal_weight=263.5 186.248 56.2528 77.2526 129.995 75.7988 54.1963 28.3488 24.4933 71.328 46.6299 37.7136 20.0628 13.1961 32.3548 25.8945 24.698 25.8475 8.95456 19.4193 10.6045 8.91638 53.9015 33.3252 29.3967 17.5027 7.13317 19.5114 8.97118 10.3696
internal_count=2000 1237 471 763 766 404 362 166 147 380 233 188 129 71 161 129 147 196 43 121 59 45 451 256 235 138 53 123 43 85
is_linear=0
shrinkage=0.05


Tree=34
num_leaves=31
num_cat=0
split_feature=7 9 5 7 8 3 5 1 0 1 0 0 4 5 0 8 0 7 3 5 3 8 4 9 0 4 3 0 5 5
split_gain=77.7203 8.01125 9.16531 8.26838 6.58322 5.87128 5.60624 5.42221 5.61431 5.096 6.48092 3.89918 3.71548 3.68767 3.47488 3.3444 3.31044 2.98938 3.98581 3.92464 3.4289 2.83326 4.2048 2.66967 3.25723 5.69389 2.50121 2.38292 1.9727 2.39442
threshold=0.19035714119672778 9.463076591491701 0.46682895720005041 0.32651513814926153 0.041491212323307998 0.020851403474807743 0.38142493367195135 28.944901466369632 188.9999694824219 34.99682807922364 190.00518035888675 107.86373138427736 0.10198161751031877 0.51893743872642528 241.91146087646487 0.035480394959449775 96.152011871337905 0.26267856359481817 0.03052293881773949 0.18712374567985537 0.03865379840135575 0.046571103855967529 0.090506386011838927 12.71848249435425 185.672966003418 0.11159776151180269 0.023992091417312626 171.48836517333987 0.31786282360553747 0.27130903303623205
decision_type=2 2 2 2 2 2 2 2 2 2 2 2 2 2 2 2 2 2 2 2 2 2 2 2 2 2 2 2 2 2
left_child=13 6 5 4 7 12 11 -4 -9 10 15 16 -3 27 23 26 -2 -13 -19 -20 -21 22 -12 24 -11 -26 -7 -1 29 -17
right_child=1 2 3 -5 -6 9 -8 8 -10 14 21 17 -14 -15 -16 28 -18 18 19 20 -22 -23 -24 -25 25 -27 -28 -29 -30 -31
leaf_value=0.048875838449513077 0.0019221857933499288 -0.050764371618878514 0.040514108007456834 -0.078555387808164526 0.067338640488043125 -0.0045184581218229635 0.055837697926341467 -0.063118452668637276 0.015608943548406834 -0.046952296312546202 -0.03641979894742263 -0.026643302335703847 0.0035717884788307613 0.052340292723928962 0.015650794146594437 -0.015531031899768705 -0.060735229475538215 0.037551009168103229 -0.042579371852757647 -0.0098629899692873994 0.038404803424960207 0.057443001450934776 0.037042355715734852 -0.059218706469544004 -0.035246132367611926 0.03269665721809735 -0.049894956197561909 0.0074197143827344466 -0.022164443018594503 0.037984433890411673
leaf_weight=5.7448290660977355 3.6537131220102292 30.867683604359627 5.448327921330935 2.4883376881480208 5.0567569211125365 4.1773324981331816 4.2807633802294722 4.399893105030058 4.6661843582987785 13.519964702427389 3.4136666283011419 6.7965059205889693 3.5031913593411437 52.818463109433651 3.3184243962168685 4.0615058243274706 4.9831013903021812 9.12635785341263 4.6479730978608158 8.9785017371177656 6.2342344820499411 3.9192123413085938 4.5363226681947708 10.443358555436133 9.1860549300909025 4.6418257728219023 11.123795062303541 8.7398322671651822 8.5251415371894819 4.3063305988907814
leaf_count=55 20 303 36 16 35 28 28 25 27 93 26 34 18 621 19 23 29 44 25 45 30 20 24 92 68 22 84 44 44 22
internal_value=3.01451e-05 -0.0163023 -0.0223186 0.00729376 0.0182089 -0.027783 0.00119064 0.00109229 -0.0225986 -0.0207439 -0.00893067 -0.00407566 -0.0452263 0.0462113 -0.0334058 -0.0205739 -0.0342287 0.00320215 0.0101999 -0.0023684 0.00991733 0.0226504 0.00549825 -0.0377134 -0.0295012 -0.0124387 -0.0375068 0.0238618 -0.00523655 0.0120096
internal_weight=257.608 190.304 141.603 22.0595 19.5712 119.544 48.7012 14.5144 9.06608 85.1729 44.0633 44.4204 34.3709 67.3031 41.1096 32.1941 8.63681 35.7836 28.9871 19.8607 15.2127 11.8692 7.94999 37.7912 27.3478 13.8279 15.3011 14.4847 16.893 8.36784
internal_count=2000 1280 1025 139 123 886 255 88 52 565 271 227 321 720 294 201 49 178 144 100 75 70 50 275 183 90 112 99 89 45
is_linear=0
shrinkage=0.05


Tree=35
num_leaves=31
num_cat=0
split_feature=7 4 5 3 8 5 3 6 0 2 7 5 0 4 1 0 6 0 9 1 8 1 5 5 1 1 7 5 0 9
split_gain=72.5609 7.73792 8.03931 7.02089 7.67974 6.53841 6.33155 4.89174 4.75877 6.4124 3.85129 3.71674 3.28281 3.21063 3.06832 2.99824 3.52413 2.89254 2.60992 2.39423 2.38898 2.91339 2.35474 2.30751 2.25407 2.14924 1.76691 2.52779 3.99984 1.67653
threshold=0.19035714119672778 0.12519570440053943 0.51446503400802623 0.02099208161234856 0.033553307875990875 0.19663144648075107 0.035886285826563842 4.5000000000000009 155.17555236816409 153.31561279296878 0.25774998962879186 0.51893743872642528 159.81677246093753 0.10198161751031877 16.693157196044925 178.09719848632815 5.5000000000000009 190.00518035888675 11.923055171966555 20.471193313598636 0.035480394959449775 30.096068382263187 0.35369096696376806 0.40783165395259863 28.944901466369632 23.708198547363285 0.39708334207534796 0.34679749608039862 190.45857238769534 11.618255138397219
decision_type=2 2 2 2 2 2 2 2 2 2 2 2 2 2 2 2 2 2 2 2 2 2 2 2 2 2 2 2 2 2
left_child=11 2 3 13 8 -3 7 14 -5 18 24 19 -8 -2 -6 16 -7 -16 -10 -1 -9 25 -18 -11 -4 -22 27 -23 -29 -21
right_child=1 5 10 4 6 15 12 20 9 23 -12 -13 -14 -15 17 -17 22 -19 -20 29 21 26 -24 -25 -26 -27 -28 28 -30 -31
leaf_value=0.056468133813503435 -0.046809414098969743 -0.047727486049417601 0.060928880665813284 -0.053882701084302556 0.052295193391417805 0.029963630307409901 0.00065563183183469731 0.015444665213725846 0.050625013509634477 -0.051504686995461048 -0.025208908823017979 0.051952123428323983 0.055935199287355769 -0.0024831650306262961 -0.035551580657317755 0.040438424802194568 -0.030722123285784848 0.023786170606227675 -0.0087420309614534113 0.035821712584772902 -0.02035553360975045 -0.06313601583467153 0.016354940073609738 -0.01013289813275569 0.0092188942639417799 0.021908785589807956 -0.0061223173503732325 -0.061216879627048096 0.0077159676328289756 -0.0054802113166805382
leaf_weight=3.8952029794454566 35.004435382783413 4.7772209867835036 4.5728850513696653 17.199767388403416 3.7446178272366515 8.1068000569939667 5.2489769235253316 3.9305968806147566 3.4810070767998722 10.066159822046755 3.505031816661357 50.608409963548183 5.4996467530727386 4.6248960196971884 3.6519796922802907 8.4535334184765798 7.1315566748380643 4.69309963285923 3.9543187916278839 4.0054479911923391 11.252855367958544 8.8213165625929886 4.2327522560954094 5.0668331980705252 3.9089173078536987 4.1054048463702193 3.6483961567282668 3.9902319461107236 4.4527456313371658 6.3558724075555801
leaf_count=42 343 26 39 140 20 42 26 26 19 86 20 621 30 24 20 41 37 24 27 29 63 57 21 37 19 21 22 22 28 28
internal_value=2.84114e-05 -0.0157683 -0.0204472 -0.0237567 -0.0168646 0.0063263 -0.00601065 -0.0131949 -0.0340703 -0.0189708 0.0188789 0.0455997 0.02894 -0.0416364 0.0146921 0.0155736 0.00477831 -0.00218126 0.0190519 0.0230495 -0.0215812 -0.0255936 -0.0131878 -0.0376526 0.0370979 -0.00905789 -0.0377375 -0.0444186 -0.0248624 0.0104862
internal_weight=251.991 187.126 154.424 142.437 102.808 32.7019 63.0399 52.2912 39.7681 22.5683 11.9868 64.8649 10.7486 39.6293 12.0897 27.9246 19.4711 8.34508 7.43533 14.2565 40.2015 36.271 11.3643 15.133 8.4818 15.3583 20.9127 17.2643 8.44298 10.3613
internal_count=2000 1280 1113 1035 668 167 359 303 309 169 78 720 56 367 64 141 100 44 46 99 239 213 58 123 58 84 129 107 50 57
is_linear=0
shrinkage=0.05


Tree=36
num_leaves=31
num_cat=0
split_feature=7 5 9 7 9 5 0 2 8 4 5 0 0 3 3 0 6 1 3 0 4 1 5 7 9 0 2 7 9 8
split_gain=68.0947 9.83749 11.4494 8.5128 6.08296 5.91732 4.86231 5.41725 4.67988 5.39527 6.53523 4.0647 3.86784 3.10112 3.22277 4.18674 3.16797 2.76401 3.59427 6.9287 2.7523 2.45082 2.83311 3.08467 4.18639 1.99362 2.31602 3.83863 3.82175 1.92294
threshold=0.17348484694957736 0.46682895720005041 12.71848249435425 0.32651513814926153 13.993920326232912 0.5528562366962434 195.32550048828128 126.27373504638673 0.049111708998680122 0.11713322252035142 0.40783165395259863 190.00518035888675 177.00214385986331 0.040387807413935668 0.022403026930987838 201.95106506347659 5.5000000000000009 34.784042358398445 0.023206331767141822 190.45857238769534 0.093669086694717421 15.874236583709719 0.24029816687107089 0.36816667020320898 9.9571766853332537 231.41184997558597 112.36045074462892 0.37325000762939459 10.670877456665041 0.03577838838100434
decision_type=2 2 2 2 2 2 2 2 2 2 2 2 2 2 2 2 2 2 2 2 2 2 2 2 2 2 2 2 2 2
left_child=-1 2 8 4 6 -6 7 -3 9 13 12 21 -11 14 15 16 -2 18 20 -20 -4 -10 -23 24 -24 26 27 28 -16 -28
right_child=1 3 17 -5 5 -7 -8 -9 11 10 -12 -13 -14 -15 25 -17 -18 -19 19 -21 -22 22 23 -25 -26 -27 29 -29 -30 -31
leaf_value=0.049167340957798393 0.042224846900796038 0.062458875221964021 -0.049628009425152025 -0.076525483556527912 -0.038169026184696364 0.034624962081809235 0.092753272244095408 -0.012415298514467281 0.021659212204811856 -0.022464439969885421 0.05988104046497357 0.034765006777943162 0.016755692303374391 0.02304805116722133 0.034689424768771175 -0.050112276015901382 -0.023143580404762224 -0.052116331606899005 -0.042376578808937457 0.051155785105250262 -0.0024669096539053021 -0.050364246752128111 0.01115973902019908 0.027308856443723047 -0.061231420387482451 0.0030689448987892319 -0.036628243386743274 -0.054258627491211499 -0.033970381010557452 -0.067759018963762685
leaf_weight=54.823968879878521 4.4645561277866346 4.9966490119695717 15.175647944211965 2.3760124668478957 6.0592366531491262 5.1769711151719093 3.8408008664846411 4.6769737601280212 6.3808310106396702 17.916194953024394 3.9733971357345572 8.923706002533434 9.6840507537126523 2.9956624135375014 3.797140143811701 3.6345531046390533 3.169142484664917 21.86950645595789 4.3772992715239516 3.6153808757662773 3.8857523649930945 4.1940044984221485 4.3010477721691114 5.0870412588119498 3.7283685356378555 2.9378908425569525 10.867832578718664 6.1634914129972449 4.3469151258468628 9.1258983612060529
leaf_count=655 27 41 161 16 38 49 20 30 31 104 21 48 46 19 21 30 24 218 32 20 24 21 20 23 21 18 89 48 27 58
internal_value=2.75153e-05 -0.0140228 -0.0186203 0.0138763 0.0225547 -0.00462992 0.0451566 0.0262589 -0.0100453 -0.0163462 -7.23121e-05 0.00600445 -0.00870334 -0.0263228 -0.0293718 -0.00594288 0.015087 -0.038898 -0.0282128 -6.84777e-05 -0.040014 -0.00482868 -0.0145924 -0.00315432 -0.0224543 -0.0364612 -0.0398469 -0.0244884 -0.00195796 -0.0508375
internal_weight=246.566 191.742 164.615 27.1266 24.7506 11.2362 13.5144 9.67362 115.692 83.0767 31.5736 32.615 27.6002 51.5031 48.5074 11.2683 7.6337 48.9236 27.0541 7.99268 19.0614 23.6913 17.3105 13.1165 8.02942 37.2392 34.3013 14.3075 8.14406 19.9937
internal_count=2000 1345 1151 194 178 87 91 71 696 532 171 164 150 361 342 81 51 455 237 52 185 116 85 64 41 261 243 96 48 147
is_linear=0
shrinkage=0.05


Tree=37
num_leaves=31
num_cat=0
split_feature=7 5 9 7 9 5 0 2 4 5 1 0 3 2 4 8 0 4 1 3 0 4 6 4 5 5 9 8 2 6
split_gain=63.7181 9.04682 10.8755 7.9041 5.6079 5.43368 4.47954 5.10659 4.34627 6.06767 4.57429 3.97427 6.71586 3.93027 7.93763 3.62635 3.15963 3.07391 2.6969 3.40636 6.27904 2.67749 2.66497 2.46681 2.43444 2.39323 3.11859 1.89918 1.8951 3.85556
threshold=0.17348484694957736 0.46682895720005041 12.71848249435425 0.32651513814926153 13.993920326232912 0.5528562366962434 195.32550048828128 126.27373504638673 0.12519570440053943 0.19663144648075107 8.4049696922302264 165.15481567382815 0.034261686727404601 343.41722106933599 0.10901774093508722 0.035059168934822089 178.09719848632815 0.089603852480649962 34.784042358398445 0.023206331767141822 190.45857238769534 0.093669086694717421 5.5000000000000009 0.10158023983240129 0.35369096696376806 0.25826302170753485 9.2114939689636248 0.019102930091321472 448.34809875488287 8.5000000000000018
decision_type=2 2 2 2 2 2 2 2 2 2 2 2 2 2 2 2 2 2 2 2 2 2 2 2 2 2 2 2 2 2
left_child=28 2 8 4 6 -6 7 -3 10 -10 -2 15 13 14 -13 -12 22 -17 19 21 -21 27 -11 -15 -24 -19 -27 -4 -1 -30
right_child=1 3 18 -5 5 -7 -8 -9 9 16 11 12 -14 23 -16 17 -18 25 -20 20 -22 -23 24 -25 -26 26 -28 -29 29 -31
leaf_value=0.051610836375019557 0.031425016657554254 0.061546606685331719 -0.0019627271138704973 -0.075100062586240079 -0.036711640943481894 0.033666834597913718 0.089900076795255413 -0.011813972029752351 -0.046061916647712087 0.027876797363132696 -0.050365099840196506 -0.025970539917964459 0.033472374472047942 -0.024608589429423389 0.034662308323190533 0.023664235078276852 0.042715695220878702 -0.058258669215348037 -0.051477422063483429 -0.041303639487794502 0.047908351124536737 -0.0023462563282962909 -0.028745155021368408 -0.072973251908251852 0.020196316566399086 0.016347192141698212 -0.035275863335338185 -0.055976293062008742 -0.031422265657897581 0.058665169657567497
leaf_weight=47.923981904983521 4.8776375874876967 4.8216282203793579 1.8659874498844207 2.3019379600882521 5.9866721481084806 5.0610745698213577 3.766442969441413 4.6694753915071487 4.6688924580812481 7.343729652464396 14.349345967173575 16.623598091304306 7.8386219516396514 7.4936982765793783 7.9932241067290297 3.7003746479749706 7.7005394399166098 4.4198311194777515 21.054601714015007 4.2692328244447699 3.6660637781023979 3.8814082741737357 7.0156098902225477 4.0674752071499825 3.9836900308728218 4.7592534124851209 7.5932414382696152 12.729338459670542 2.1349098384380332 2.6768441200256348
leaf_count=606 30 41 21 16 38 49 20 30 26 36 121 114 45 52 39 20 38 24 218 32 20 24 37 26 20 24 44 140 21 28
internal_value=2.44468e-05 -0.0135672 -0.0180078 0.0134523 0.021839 -0.00447061 0.0437632 0.0254543 -0.00966133 0.00642692 -0.0155635 -0.0184706 -0.00848564 -0.0175766 -0.0062827 -0.0310921 0.0158367 -0.0175836 -0.0381288 -0.0274879 -8.81861e-05 -0.0392553 0.00455272 -0.0416243 -0.0110197 -0.0266839 -0.0153862 -0.0490708 0.0486075 0.0186946
internal_weight=241.238 188.503 161.895 26.6072 24.3053 11.0477 13.2575 9.4911 114.429 30.7125 83.7163 78.8387 44.0166 36.178 24.6168 34.822 26.0436 20.4727 47.4666 26.412 7.9353 18.4767 18.343 11.5612 10.9993 16.7723 12.3525 14.5953 52.7357 4.81175
internal_count=2000 1345 1151 194 178 87 91 71 696 157 539 509 276 231 153 233 131 112 455 237 52 185 93 78 57 92 68 161 655 49
is_linear=0
shrinkage=0.05


Tree=38
num_leaves=31
num_cat=0
split_feature=7 5 9 7 9 2 0 2 8 6 5 4 9 4 8 3 5 6 3 4 8 6 1 3 0 4 2 8 0 4
split_gain=59.6513 8.319 10.3236 7.3431 5.17357 5.29505 4.15219 7.35178 4.12507 4.18701 5.55919 3.02845 3.81545 3.01147 3.49775 4.55367 2.9227 4.12743 3.10542 3.34668 2.69857 3.25086 2.63057 3.22663 5.69677 2.60385 2.45216 2.45014 3.36462 2.31485
threshold=0.17348484694957736 0.46682895720005041 12.71848249435425 0.32651513814926153 13.993920326232912 120.70887756347658 186.65872955322268 168.16127014160159 0.046063164249062545 8.5000000000000018 0.3856737762689591 0.11396795511245729 11.740690708160402 0.14624729752540591 0.036444308236241348 0.033911619335412986 0.2932583093643189 7.5000000000000009 0.028497500345110897 0.10356923565268518 0.04171638377010823 5.5000000000000009 34.784042358398445 0.023206331767141822 190.45857238769534 0.093669086694717421 404.99372863769537 0.036128874868154533 181.32503509521487 0.12981983274221423
decision_type=2 2 2 2 2 2 2 2 2 2 2 2 2 2 2 2 2 2 2 2 2 2 2 2 2 2 2 2 2 2
left_child=-1 2 8 4 6 -6 7 -3 9 10 13 12 -12 14 26 20 18 -18 -10 -20 21 -16 23 25 -25 -4 -2 28 -11 -21
right_child=1 3 22 -5 5 -7 -8 -9 16 27 11 -13 -14 -15 15 -17 17 -19 19 29 -22 -23 -24 24 -26 -27 -28 -29 -30 -31
leaf_value=0.048074293413393698 -0.024545542627337016 0.055524127304553077 -0.048519518787209559 -0.07375562126202849 0.035323961974289268 -0.035048130046396529 0.078210679259265503 -0.044711347821309068 -0.04353390308368104 -0.050791860918012958 0.030049646020929313 0.053340482267827297 -0.045337576118980434 0.013943126300727872 0.025917281475893568 0.03571496944125007 0.0020162343213928806 0.054124064749753301 0.033695435541082716 -0.036056602913281985 -0.05629142456141803 -0.036656874405102721 -0.050847764679621966 -0.04024864365210451 0.044936318289989174 -0.0022313821832465898 -0.058142171752917082 -0.076375740216587482 0.018294173224061142 0.011537780190085681
leaf_weight=50.711535006761551 21.564374469220642 5.1783679276704841 14.039131790399557 2.2285687625408164 4.7455202564597112 6.1207815110683441 4.9937390014529219 2.8285330459475517 4.8247179985046413 5.2512964606285077 4.258131228387354 4.3704254925251007 2.7703265771269798 6.5129643008112899 4.1772735267877596 4.9933220148086539 11.280686341226103 5.7309030294418326 5.5227518901228896 5.6498588323593122 3.7472579255700103 4.1255321353673935 20.269512705504894 4.1647648364305487 3.71187774091959 3.8772755041718474 7.2596381008625022 3.8200279772281647 2.6525800377130508 4.6635477542877197
leaf_count=655 164 43 161 16 45 42 30 18 27 37 25 23 21 33 23 25 62 30 28 27 23 27 218 32 20 24 60 24 16 21
internal_value=2.28956e-05 -0.0131251 -0.0174134 0.0130428 0.0211476 -0.0043153 0.0424303 0.0201148 -0.00929145 -0.0160342 -0.010986 0.0206578 0.00033513 -0.0178723 -0.0223899 -0.00443384 0.00422243 0.0195704 -0.0084147 0.00228489 -0.0210708 -0.00517482 -0.037369 -0.0267767 -0.000105123 -0.0385023 -0.0330072 -0.0434969 -0.0276062 -0.0145352
internal_weight=236.045 185.334 159.238 26.0955 23.8669 10.8663 13.0006 8.0069 113.176 75.5032 63.7792 11.3989 7.02846 52.3804 45.8674 17.0434 37.6725 17.0116 20.6609 15.8362 12.0501 8.30281 46.0626 25.793 7.87664 17.9164 28.824 11.7239 7.90388 10.3134
internal_count=2000 1345 1151 194 178 87 91 61 696 501 424 69 46 355 322 98 195 92 103 76 73 50 455 237 52 185 224 77 53 48
is_linear=0
shrinkage=0.05


Tree=39
num_leaves=31
num_cat=0
split_feature=7 5 9 7 8 5 9 0 8 4 5 0 0 6 7 5 7 5 2 4 0 8 3 8 1 5 7 9 2 6
split_gain=55.8073 7.64406 9.79716 6.81849 4.83311 5.01883 5.09149 3.94432 3.81295 4.31609 5.50332 3.56641 3.24102 2.75264 6.98811 3.0217 4.25152 2.95354 2.58329 2.79114 2.63959 2.45255 2.20007 2.14574 2.09939 2.40569 2.69664 4.39813 1.98174 3.7341
threshold=0.17348484694957736 0.46682895720005041 12.71848249435425 0.32651513814926153 0.041491212323307998 0.57774519920349132 13.993920326232912 167.51636505126956 0.049111708998680122 0.11713322252035142 0.40783165395259863 190.00518035888675 177.00214385986331 5.5000000000000009 0.45354168117046362 0.36995278298854833 0.35183332860469824 0.24431785941123965 130.02175903320315 0.093669086694717421 236.19557952880862 0.033998865634202964 0.024854349903762344 0.036974443122744567 15.874236583709719 0.24029816687107089 0.36816667020320898 9.9353322982788104 448.34809875488287 8.5000000000000018
decision_type=2 2 2 2 2 2 2 2 2 2 2 2 2 2 2 2 2 2 2 2 2 2 2 2 2 2 2 2 2 2
left_child=28 2 8 4 5 6 7 -3 9 13 12 24 -11 14 15 16 -2 -15 19 22 -20 -21 -4 -16 -10 -26 27 -27 -1 -30
right_child=1 3 18 -5 -6 -7 -8 -9 11 10 -12 -13 -14 17 23 -17 -18 -19 20 21 -22 -23 -24 -25 25 26 -28 -29 29 -31
leaf_value=0.050764973433613483 -0.036951581725167645 -0.017874715879610741 -0.046033871439098858 -0.07248683019473072 0.05681487721371889 0.057915086979339517 -0.041947910715844763 0.056122845366496546 0.020038911379289648 -0.020877942324020023 0.05605886885425633 0.032933320214863795 0.015320268761499806 0.0063115872288195055 -0.058310098613616058 0.050654818416064763 0.032702752863837614 -0.041829527381668528 -0.053376039307812734 -0.024416797235834137 -0.0077069633049897867 0.037626036731671135 0.0094174978218630311 -0.010122636720484865 -0.047357405578173715 0.014674735958827401 0.025220102680087023 -0.060167895933338357 -0.03260706676483198 0.057912836722613874
leaf_weight=44.201815143227577 4.4347583502531069 3.4910814240574926 10.247485585510733 2.156041517853736 6.5711666420102111 3.6838445439934722 6.0351670756936073 3.7195635214447975 6.3228429257869747 17.449046470224864 3.8208330869674674 8.7169089391827566 9.5780077800154668 3.7106708660721806 6.7778040096163732 3.838408298790454 4.3294139057397842 22.534568503499031 22.194793201982979 3.4438398554921141 3.6899959146976462 2.9635491222143173 2.1670231297612181 3.5048045516014099 4.0468578189611462 4.0575820282101613 5.0761920660734177 3.8025134354829788 2.1115515232086173 2.4743446186184883
leaf_count=606 32 24 117 16 54 39 40 21 31 104 21 48 46 25 64 23 28 170 249 24 34 17 14 19 21 19 23 22 21 28
internal_value=2.04608e-05 -0.0126868 -0.0168288 0.0126123 0.0204196 0.00629298 -0.00806385 0.0202964 -0.00893025 -0.0147678 -0.000109277 0.00564932 -0.00804981 -0.0239716 -0.0112975 0.0136596 -0.00254303 -0.0350231 -0.0366167 -0.0225219 -0.0468657 0.00427929 -0.0363545 -0.0418855 -0.00455544 -0.0137119 -0.00318663 -0.0215322 0.0475191 0.0162334
internal_weight=231.152 182.365 156.708 25.6569 23.5008 16.9297 13.2458 7.21064 112.001 79.9783 30.8479 32.0229 27.0271 49.1304 22.8852 12.6026 8.76417 26.2452 44.7067 18.8219 25.8848 6.40739 12.4145 10.2826 23.306 16.9831 12.9363 7.8601 48.7877 4.5859
internal_count=2000 1345 1151 194 178 124 85 45 696 532 171 164 150 361 166 83 60 195 455 172 283 41 131 83 116 85 64 41 655 49
is_linear=0
shrinkage=0.05


Tree=40
num_leaves=31
num_cat=0
split_feature=7 5 9 7 1 9 0 4 5 1 0 3 8 0 1 4 7 5 7 5 4 3 4 0 8 0 3 6 9 7
split_gain=52.2426 7.0245 9.27343 5.71997 4.84982 4.51005 6.81665 3.65212 5.65758 4.21469 3.70548 3.59785 3.91585 3.54903 2.56828 3.27374 2.58193 3.35355 2.64894 2.38379 2.74432 2.86363 4.79477 2.36552 2.35689 2.33933 4.09486 3.68829 2.71496 2.19847
threshold=0.17348484694957736 0.46682895720005041 12.71848249435425 0.30845238268375402 25.309551239013675 13.993920326232912 186.65872955322268 0.12519570440053943 0.19933389872312549 8.1547112464904803 103.57311630249025 0.035886285826563842 0.046571103855967529 178.09719848632815 37.713876724243171 0.08352998644113542 0.32944445312023168 0.36579407751560217 0.5443750023841859 0.20851960033178332 0.084930270910263075 0.022289964370429519 0.104504331946373 146.89511871337893 0.046063164249062545 190.00518035888675 0.029708225280046466 7.5000000000000009 11.777173519134523 0.34225000441074377
decision_type=2 2 2 2 2 2 2 2 2 2 2 2 2 2 2 2 2 2 2 2 2 2 2 2 2 2 2 2 2 2
left_child=-1 2 7 4 -3 6 -6 9 -9 -2 -11 19 -13 23 15 -4 -17 18 -18 -12 -21 22 -22 24 -10 27 -27 28 29 -23
right_child=1 3 14 -5 5 -7 -8 8 13 10 11 12 -14 -15 -16 16 17 -19 -20 20 21 25 -24 -25 -26 26 -28 -29 -30 -31
leaf_value=0.046991914513263122 0.031540316707394732 0.049414124693278105 -0.04284170117960328 -0.059404053273428348 -0.021513338186001332 -0.031307278744813927 0.070676358582821688 -0.042006421813037605 0.00083819848981241194 -0.055204243094986942 -0.046046559624234699 -0.02153492004484725 0.039640952965138893 0.045385561368420868 -0.051629753818670243 -0.042868988242180134 -0.050960104476381531 0.041770886554598978 0.020848623165255417 -0.044124629200553517 -0.019411001463799059 -0.019467073860444477 0.055180196097034388 -0.026851113884584488 0.046906321007271788 -0.023245405604046896 0.033352803945996455 -0.055521376393319638 -0.050489865821896178 0.022721665511656969
leaf_weight=46.92142391204834 4.7532291039824477 8.7172351405024582 14.409713715314867 2.5089311301708213 3.8698073700070363 5.9047949984669676 4.1613697595894337 5.0515293329954174 9.1959578916430527 5.8554120808839789 6.9789556413888922 4.6365627869963628 6.0018878504633904 7.2861479446291915 16.173808410763741 3.7764135897159568 2.9544343799352628 3.8457265421748161 2.2718226462602615 6.9831062704324713 4.61392694711685 7.3658409416675621 4.0416314154863358 4.6149300113320342 3.9771205335855475 7.6589458361268026 5.4840083494782448 7.2899839729070655 3.6939754337072364 5.316885344684124
leaf_count=655 29 78 175 20 25 46 25 28 51 47 49 30 34 37 186 29 25 23 17 56 35 47 19 22 19 52 29 51 29 32
internal_value=1.93927e-05 -0.0122665 -0.0162628 0.012229 0.0201627 0.00186531 0.0262549 -0.00858678 0.00626818 -0.014134 -0.0169935 -0.0138002 0.0129786 0.0159938 -0.0358453 -0.0264795 -0.00812907 0.00633219 -0.0197453 -0.0185941 -0.0149412 -0.0104588 0.0154187 0.00395458 0.0147468 -0.0165437 0.000370674 -0.0259369 -0.0127676 -0.0017806
internal_weight=226.316 179.394 154.232 25.1621 22.6532 13.936 8.03118 110.8 30.1257 80.6744 75.9211 70.0657 10.6385 25.0742 43.4319 27.2581 12.8484 9.07198 5.22626 59.4273 52.4483 45.4652 8.65556 17.788 13.1731 36.8096 13.143 23.6667 16.3767 12.6827
internal_count=2000 1345 1151 194 174 96 50 696 157 539 510 463 64 129 455 269 94 65 42 399 350 294 54 92 70 240 81 159 108 79
is_linear=0
shrinkage=0.05


Tree=41
num_leaves=31
num_cat=0
split_feature=7 5 9 7 1 8 4 5 1 0 0 3 8 5 1 3 7 0 2 5 5 4 3 5 4 5 6 9 0 8
split_gain=48.8674 6.45362 8.75138 5.27191 4.5243 4.29409 3.34574 5.16268 3.82819 3.52267 3.297 3.29335 3.57665 3.01741 2.52628 3.04387 3.68269 2.57791 2.35567 3.5231 2.24183 2.56482 2.73662 5.15204 3.79656 3.01956 2.46532 2.40624 3.84214 3.07988
threshold=0.17348484694957736 0.46682895720005041 12.71848249435425 0.30845238268375402 25.309551239013675 0.028565182350575927 0.12519570440053943 0.19933389872312549 8.1547112464904803 103.57311630249025 184.84757995605472 0.035886285826563842 0.046571103855967529 0.52683210372924816 34.784042358398445 0.02099208161234856 0.55099999904632579 199.39632415771487 414.37005615234381 0.33212165534496313 0.20851960033178332 0.084930270910263075 0.024685475975275043 0.41031667590141302 0.104504331946373 0.41269868612289434 5.5000000000000009 10.519433021545412 186.10853576660159 0.03949324972927571
decision_type=2 2 2 2 2 2 2 2 2 2 2 2 2 2 2 2 2 2 2 2 2 2 2 2 2 2 2 2 2 2
left_child=-1 2 6 4 -3 13 8 -8 -2 -10 18 20 -13 -6 15 -4 17 -17 19 -9 -11 -22 23 24 26 27 -23 -24 -29 -30
right_child=1 3 14 -5 5 -7 7 10 9 11 -12 12 -14 -15 -16 16 -18 -19 -20 -21 21 22 25 -25 -26 -27 -28 28 29 -31
leaf_value=0.046437420103743396 0.029706475003333462 0.048131319029141417 -0.040996696205946287 -0.057816194512067369 -0.06482956544240831 0.027984203209238896 -0.040454589083965667 -0.0043967018218281839 -0.054315796744353398 -0.044887411401675438 0.048979535846872334 -0.020601021350626157 0.038133177832424814 0.0035833777136256816 -0.049126298892484661 -0.04384865030350369 0.049363095469170538 0.010867409510138204 -0.026383915782872143 0.045551953669998917 -0.042937765591582876 0.0014597346947361218 -0.028301762945384407 0.069304697666030729 0.025509635190985355 -0.06021826706988042 -0.058629189736058719 -0.022661256933281262 -0.0028380884679345443 0.06718569654928809
leaf_weight=45.152587234973907 4.793258771300315 8.507488947361713 12.889568224549295 2.4504486545920363 2.9808135181665403 7.3427451327443123 4.9847659319639233 9.0693887025117927 5.6586409062147132 6.8056643456220618 5.6227578967809668 4.6052314266562444 5.9291262179613113 3.50920370221138 18.159276984632015 5.0194554328918439 2.4120898842811576 3.7691265717148781 4.4618903324007979 5.7804487943649283 6.8214825466275206 3.1635346338152868 12.725328296422964 2.749831296503543 5.2504202127456665 3.8227664828300467 3.7073630467057228 7.334018871188162 3.2893084511160851 3.0047528594732285
leaf_count=655 29 78 155 20 23 50 28 46 47 49 29 30 34 23 218 41 16 25 23 31 56 22 78 14 28 23 33 56 26 14
internal_value=1.74969e-05 -0.0118497 -0.0157117 0.0118033 0.0194397 0.00179363 -0.00825795 0.00599803 -0.0136123 -0.0163857 0.0152846 -0.0132844 0.0124568 -0.0278381 -0.0350441 -0.0244289 -0.00536285 -0.0203828 0.00547404 0.0150463 -0.017906 -0.0143658 -0.0100391 0.00751595 -0.00650139 -0.0186905 -0.0309627 -0.0126665 0.00193299 0.0305909
internal_weight=221.773 176.62 151.829 24.7907 22.3403 13.8328 109.58 29.9193 79.6607 74.8675 24.9345 69.2088 10.5344 6.49002 42.2495 24.0902 11.2007 8.78858 19.3117 14.8498 58.6745 51.8688 45.0473 14.8711 12.1213 30.1762 6.8709 26.3534 13.6281 6.29406
internal_count=2000 1345 1151 194 174 96 696 157 539 510 129 463 64 46 455 237 82 66 100 77 399 350 294 97 83 197 55 174 96 40
is_linear=0
shrinkage=0.05


Tree=42
num_leaves=31
num_cat=0
split_feature=5 9 7 5 7 8 4 1 0 0 4 2 7 4 2 4 3 8 9 7 5 0 9 3 6 7 5 4 4 7
split_gain=45.9866 7.69437 4.97102 4.90211 4.05382 3.94359 5.01651 3.71021 3.70132 3.47214 3.20188 3.18046 4.79263 3.93443 5.74903 3.12603 3.11325 3.05042 2.98892 2.88184 4.01529 3.00772 2.07376 2.03919 1.9913 4.1002 1.91139 1.81274 2.25268 1.75771
threshold=0.52683210372924816 13.006647586822512 0.24279221147298816 0.44599455595016485 0.19944444298744204 0.039253635331988342 0.14624729752540591 22.684321403503422 192.11082458496097 185.672966003418 0.082847449928522124 343.41722106933599 0.21724999696016314 0.10652956366539003 83.837303161621108 0.08045652881264688 0.028497500345110897 0.033072354272007949 11.287379741668703 0.32944445312023168 0.31587518751621252 201.09259796142581 10.688391685485842 0.024352495558559898 4.5000000000000009 0.50099998712539684 0.30637896060943609 0.12519570440053943 0.10041302442550661 0.28937499225139623
decision_type=2 2 2 2 2 2 2 2 2 2 2 2 2 2 2 2 2 2 2 2 2 2 2 2 2 2 2 2 2 2
left_child=1 3 -2 5 -3 6 11 -5 17 15 -6 12 -1 24 -15 -7 22 -9 26 -12 -21 -22 -11 -16 25 -14 27 28 -17 -18
right_child=2 4 -4 7 10 9 -8 8 -10 16 19 -13 13 14 23 18 29 -19 -20 20 21 -23 -24 -25 -26 -27 -28 -29 -30 -31
leaf_value=0.041183764416484747 0.048162865995859561 0.011530955636591135 -0.023406647760616486 0.061854376756187407 -0.048433165473089033 0.031577864721448232 0.025686890534154957 -0.044211601110824048 0.048062759016180921 -0.038058703782782664 -0.04225283030573547 -0.040797447305244428 0.027081437078719951 -0.036021682550373767 0.054200210287105748 -0.0013063231500886556 0.013032982352324458 0.019942895397619238 -0.043854814237083949 -0.045123855280084023 -0.011917761318044576 0.052510903316446859 0.015243282285450611 0.0039516710582012974 -0.053970717678896642 -0.05827773208402403 0.013800834946507544 0.0034872576603919808 -0.050232341053111633 0.056828280560914428
leaf_weight=3.4741272628307334 43.766928240656853 5.3262616135179988 2.568605735898017 4.0895401127636424 20.983392402529716 4.3266539871692649 5.7974518761038771 3.9329602196812612 3.550905741751194 2.8727788031101253 8.4808862693607825 17.328298069536686 2.783000364899638 7.1662594825029364 3.492130830883978 4.0541122779250234 3.9530907645821554 3.5033485814929008 6.535186454653739 3.8083897531032544 3.8692597672343254 3.4059262424707413 5.0021614357829094 4.7865156382322311 9.0182500630617124 2.8450506031513214 8.2638514563441259 7.1686447933316222 5.6057925224304199 5.4491232708096504
leaf_count=22 666 36 16 41 281 24 31 27 18 16 74 141 22 52 16 21 20 24 40 39 32 22 32 30 86 27 48 34 30 32
internal_value=1.52738e-05 -0.011965 0.0441954 -0.00553739 -0.0294792 -0.00920446 -0.0183814 0.0211986 0.00606621 0.00056895 -0.0348661 -0.0234014 -0.0144206 -0.0208403 -0.00323419 -0.00828314 0.0189904 -0.0139875 -0.0137361 -0.0203152 -0.00352899 0.0182449 -0.00420129 0.0251477 -0.0394063 -0.0160687 -0.00589187 -0.0155622 -0.0296988 0.0384149
internal_weight=217.209 170.873 46.3355 124.999 45.8741 109.922 56.6911 15.0768 10.9872 53.2314 40.5479 50.8936 33.5653 30.0912 15.4449 35.9542 17.2772 7.43631 31.6276 19.5645 11.0836 7.27519 7.87494 8.27865 14.6463 5.62805 25.0924 16.8285 9.6599 9.40221
internal_count=2000 1318 682 834 484 724 427 110 69 297 448 396 255 233 98 197 100 51 173 167 93 54 48 46 135 49 133 85 51 52
is_linear=0
shrinkage=0.05


Tree=43
num_leaves=31
num_cat=0
split_feature=7 5 9 8 4 5 5 7 2 6 0 0 3 4 9 2 9 2 2 4 4 5 8 7 3 5 2 6 5 9
split_gain=42.9803 5.71351 6.37987 3.98536 5.00096 3.95825 3.55845 3.51383 2.90294 2.88232 2.95778 2.84184 3.30989 2.85293 2.89933 2.76835 4.31039 4.4281 3.73638 2.55517 2.54179 2.48593 2.45892 2.36685 3.05739 3.03299 2.20056 3.80807 2.03195 1.85558
threshold=0.17348484694957736 0.57774519920349132 13.006647586822512 0.038786740973591811 0.14624729752540591 0.3856737762689591 0.44258807599544531 0.20145833492279056 343.41722106933599 5.5000000000000009 185.672966003418 185.672966003418 0.028497500345110897 0.08045652881264688 11.287379741668703 82.438381195068374 10.114126682281496 138.1419372558594 42.91662788391114 0.075481262058019652 0.11222128197550775 0.42049057781696325 0.032344043254852302 0.32944445312023168 0.018649751320481304 0.31587518751621252 448.34809875488287 8.5000000000000018 0.30637896060943609 10.813251972198488
decision_type=2 2 2 2 2 2 2 2 2 2 2 2 2 2 2 2 2 2 2 2 2 2 2 2 2 2 2 2 2 2
left_child=26 2 3 4 5 8 11 -4 15 -7 29 13 -13 -5 28 18 -17 -18 -2 -9 21 23 -23 -21 -25 -26 -1 -28 -15 -11
right_child=1 -3 7 6 -6 9 -8 19 -10 10 -12 12 -14 14 -16 16 17 -19 -20 20 -22 22 -24 24 25 -27 27 -29 -30 -31
leaf_value=0.04920325887544038 0.0055934637833748753 0.040185947597453961 0.012115753027059632 0.029783983515175375 0.028117719821921495 0.028545953480997421 0.052407449937446504 -0.049582114557585238 -0.048391673816017125 -0.0057932451724680353 0.015813898689670307 -0.0065253569890300128 0.037112091629436926 -0.015575900210880476 -0.042965112552952101 0.032196520846589215 0.020052697555118154 -0.05209590953782435 -0.056327613454549688 -0.056811936777196072 -0.071636383790409389 -0.019916264912672246 0.035356300558294473 -0.054916213597311817 -0.040368128298302983 0.025177446490326702 -0.039090090310902006 0.056827326019269514 0.014602578610546538 -0.059415007950507304
leaf_weight=37.743891917169094 3.5025131106376675 5.2626542784273616 4.8323924206197253 4.3570753782987586 5.9686914235353461 5.8267741315066841 3.4220401979982844 14.872301716357468 12.789779558777807 2.8316328600049001 4.6299100778996944 8.2679525613784808 9.1594727113842946 16.99306861311198 6.5633097514510146 5.1225543320178977 3.394043952226637 5.6953036114573479 8.0022073313593847 5.5429564341902831 2.527546949684619 4.7599919997155649 3.485638365149498 3.5841796919703466 2.7890329919755459 4.806478463113308 1.9883314594626416 2.1577239185571671 8.3031425848603231 3.7500643283128738
leaf_count=606 26 65 30 24 32 40 23 199 113 18 29 52 51 87 41 31 20 55 69 63 16 41 27 48 30 40 21 28 46 29
internal_value=1.28917e-05 -0.0111041 -0.0127323 -0.00654387 -0.0153727 -0.020046 0.00297303 -0.0282791 -0.0289247 1.95621e-05 -0.0148059 -0.000180476 0.0164095 -0.00816359 -0.0133533 -0.0192431 -0.00448313 -0.025155 -0.0374763 -0.0328864 -0.0238558 -0.019019 0.00344886 -0.0300974 -0.0168522 0.00110945 0.0454051 0.010828 -0.00567022 -0.0363454
internal_weight=212.933 171.043 165.78 118.58 61.5135 55.5448 57.0661 47.2005 38.5064 17.0384 11.2116 53.644 17.4274 36.2166 31.8595 25.7166 14.2119 9.08935 11.5047 42.3681 27.4958 24.9683 8.24563 16.7226 11.1797 7.59551 41.8899 4.14606 25.2962 6.5817
internal_count=2000 1345 1280 786 462 430 324 494 314 116 76 301 103 198 174 201 106 75 95 464 265 249 68 181 118 70 655 49 133 47
is_linear=0
shrinkage=0.05


Tree=44
num_leaves=31
num_cat=0
split_feature=5 9 7 5 9 5 8 1 0 7 7 0 4 9 1 1 0 7 5 0 5 2 5 5 5 0 3 3 4 5
split_gain=40.524 6.77566 4.67909 4.10086 3.85974 4.93624 3.91215 3.52648 3.6285 3.48805 3.44948 4.56 3.15186 3.04883 2.98682 2.75026 3.71406 2.65924 3.53593 2.64495 2.61598 3.87031 3.38778 3.60117 2.32924 1.89673 1.73256 3.78987 1.58945 1.54547
threshold=0.52683210372924816 13.006647586822512 0.24279221147298816 0.44599455595016485 9.463076591491701 0.23084857314825061 0.03949324972927571 22.684321403503422 192.5736999511719 0.19944444298744204 0.36650000512599951 187.62213897705081 0.082847449928522124 10.732625961303713 24.506869316101078 34.057649612426765 155.17555236816409 0.32944445312023168 0.31587518751621252 201.09259796142581 0.33212165534496313 427.41348266601568 0.28365683555603033 0.19663144648075107 0.30735825002193456 107.86373138427736 0.03865379840135575 0.031047980301082138 0.11024778708815576 0.45065875351428991
decision_type=2 2 2 2 2 2 2 2 2 2 2 2 2 2 2 2 2 2 2 2 2 2 2 2 2 2 2 2 2 2
left_child=1 3 -2 4 20 -6 15 -5 13 -3 11 14 -11 -9 -8 16 -7 29 -19 -20 22 -22 23 28 -12 -25 27 -27 -1 -14
right_child=2 9 -4 7 5 6 10 8 -10 12 24 -13 17 -15 -16 -17 -18 18 19 -21 21 -23 -24 25 -26 26 -28 -29 -30 -31
leaf_value=0.0057260798372861738 0.047340210430308505 0.010043618544253705 -0.022741962908796751 0.060979410518341798 -0.05738936015036953 -0.031301970451957768 -0.0054992205811951779 0.028176822136785237 0.047926117285551142 -0.04747624098587816 0.042606797217252787 0.019730900683543846 -0.057264841089627407 -0.038887243910627367 -0.062439364126105748 -0.038168037772592402 0.020687016512145988 -0.043541269606596739 -0.011277152497664934 0.049052972111930215 0.049000903034979643 -0.020748590571092698 -0.032129046777355202 -0.018101168031133416 -0.0063693403030838707 0.042595510253265474 0.04959073131989087 -0.015769822134111693 -0.038142339264356409 -0.011932271998203065
leaf_weight=3.3093849122524279 40.537198841571808 5.2645386792719355 2.5303604677319518 3.8224762044847003 6.6196780540049067 7.5894549489021319 4.4446745589375514 2.6521650552749616 3.3793676272034645 19.473202604800463 6.6194796562194806 6.4770484268665305 5.0958658903837222 4.6943304091691971 4.7798776030540466 16.057415727525949 6.2761729136109352 3.5519303530454618 3.8351652547717094 3.4518911987543106 6.1821128614246827 2.9321707263588905 7.993874315172433 3.194980867207053 3.8335938304662704 5.5567549988627416 4.6990164369344702 5.5686177685856819 5.4904979392886162 2.9792832359671593
leaf_count=24 666 36 16 41 57 67 27 22 17 281 33 39 55 30 31 152 39 39 32 22 41 17 46 18 22 27 22 30 32 19
internal_value=9.62956e-06 -0.0112135 0.0432227 -0.00517217 -0.00854015 -0.0165555 -0.0117353 0.0197433 0.00504761 -0.0281221 0.00239042 -0.0124253 -0.0333563 -0.0146764 -0.0350038 -0.0240821 -0.00776954 -0.0188189 -0.00263676 0.0173013 0.00264551 0.0265617 -0.00344105 0.00480246 0.0246451 0.017039 0.0241339 0.0133817 -0.0216447 -0.0405396
internal_weight=208.893 165.825 43.0676 122.173 107.625 62.6974 56.0777 14.5483 10.7259 43.6519 26.1547 15.7016 38.3873 7.3465 9.22455 29.923 13.8656 18.9141 10.839 7.28706 44.9274 9.11428 35.8131 27.8193 10.4531 19.0194 15.8244 11.1254 8.79988 8.07515
internal_count=2000 1318 682 834 724 467 410 110 69 484 152 97 448 52 58 258 106 167 93 54 257 58 199 153 55 97 79 57 56 74
is_linear=0
shrinkage=0.05


Tree=45
num_leaves=31
num_cat=0
split_feature=7 5 9 8 5 9 5 8 3 7 0 1 7 2 3 5 4 6 4 4 5 8 5 8 7 3 5 0 2 6
split_gain=37.8539 4.96193 5.6819 3.56808 3.49322 3.75845 4.40911 3.31146 3.25458 3.18115 4.3118 3.07108 3.05479 2.71209 5.34474 2.50302 2.93384 3.80972 2.4574 2.43419 2.2861 4.28774 2.24326 2.27129 2.25432 2.94085 2.63018 2.24301 2.20041 3.58257
threshold=0.17348484694957736 0.57774519920349132 13.006647586822512 0.017482198774814609 0.44599455595016485 9.463076591491701 0.23084857314825061 0.03949324972927571 0.024912760592997078 0.36650000512599951 187.62213897705081 24.506869316101078 0.20145833492279056 153.31561279296878 0.023301674053072933 0.19663144648075107 0.12519570440053943 4.5000000000000009 0.075481262058019652 0.11222128197550775 0.26536384224891668 0.046571103855967529 0.42049057781696325 0.032344043254852302 0.32944445312023168 0.018649751320481304 0.31587518751621252 162.85224914550784 448.34809875488287 8.5000000000000018
decision_type=2 2 2 2 2 2 2 2 2 2 2 2 2 2 2 2 2 2 2 2 2 2 2 2 2 2 2 2 2 2
left_child=28 2 3 -2 5 15 -7 13 -6 10 11 -9 -4 14 -8 -5 17 -17 -14 22 -19 -22 24 -24 -20 -26 -27 -16 -1 -30
right_child=1 -3 12 4 8 6 7 9 -10 -11 -12 -13 18 -15 27 16 -18 20 19 -21 21 -23 23 -25 25 26 -28 -29 29 -31
leaf_value=0.048457764402026864 -0.051128818390347969 0.038829597536937183 0.010772966046459758 -0.020027788516024644 0.050875626824820865 -0.056487028308000481 0.041417535803682431 -0.0052319098146256342 -0.0073883967914962559 0.023347993143096053 0.01875564475943765 -0.063754166083169403 -0.048586242485557922 -0.037438439459685412 -0.046971735224558893 0.04286343754060043 0.026688011465822836 0.010616760719876866 -0.056126179767288745 -0.070532410567846135 -0.062850762354422829 0.0041838166931944705 -0.019159583272644661 0.034330872591571686 -0.054645650579579035 -0.038627247079077359 0.023586045599315177 0.006247138210972507 -0.038117600272194248 0.056371182698847638
leaf_weight=34.857925292104483 4.2319182567298403 4.966370463371276 4.7848049812018862 8.542545482516287 5.2690868414938432 5.8404381275176993 4.0596155449748066 4.4383422955870646 4.3968642726540565 10.48059396445751 6.4732482209801665 4.5296381264925003 13.801927063614128 14.727546624839304 5.5888096541166288 3.6982372179627445 15.128273114562033 5.9867458045482627 5.0848768763244214 2.4030178412795058 4.6957863271236402 4.8484741151332855 4.6562539190053922 3.4586382582783699 3.3531153649091703 2.6186018623411655 4.8369060717523098 3.0660654120147228 1.9965131431817997 2.0162598229944706
leaf_count=606 34 65 30 54 32 51 28 27 34 55 39 30 199 142 51 23 79 31 63 16 33 24 41 27 48 30 40 19 21 28
internal_value=7.48828e-06 -0.0103946 -0.011913 -0.00606287 -0.00435656 -0.00707625 -0.0152422 -0.0107281 0.0243724 0.00208729 -0.0123432 -0.0347909 -0.0269943 -0.0228335 -0.0059163 0.00419313 0.0102153 -0.00274424 -0.0314881 -0.0225531 -0.0136043 -0.0287973 -0.0177508 0.00363852 -0.0286717 -0.0157559 0.00173484 -0.0281185 0.0444215 0.00935928
internal_weight=204.837 165.967 161 116.002 111.77 102.104 59.2043 53.3639 9.66595 25.9218 15.4412 8.96798 44.9981 27.442 12.7145 42.9001 34.3575 19.2292 40.2133 26.4114 15.531 9.54426 24.0084 8.11489 15.8935 10.8086 7.45551 8.65488 38.8707 4.01277
internal_count=2000 1345 1280 786 752 686 442 391 66 151 96 57 494 240 98 244 190 111 464 265 88 57 249 68 181 118 70 70 655 49
is_linear=0
shrinkage=0.05


Tree=46
num_leaves=31
num_cat=0
split_feature=5 9 7 5 1 9 5 5 2 5 0 5 9 0 7 1 0 4 0 0 7 3 5 9 8 4 8 8 7 5
split_gain=35.7934 5.97319 4.35206 3.35047 3.45715 3.27585 4.5219 3.70489 3.38429 3.48056 3.20977 3.0025 2.7489 2.71423 2.77197 3.00512 4.57142 2.84768 2.4362 3.36946 2.82471 3.22542 2.49721 2.9077 2.42846 2.21695 2.7619 2.2154 2.21489 2.05818
threshold=0.52683210372924816 13.116025924682619 0.24279221147298816 0.44599455595016485 22.684321403503422 9.4934096336364764 0.23084857314825061 0.38142493367195135 343.41722106933599 0.25826302170753485 192.5736999511719 0.42049057781696325 11.324672698974611 112.23975753784181 0.38183332979679113 29.780434608459476 162.85224914550784 0.11259153485298158 107.86373138427736 95.275806427001967 0.26267856359481817 0.03052293881773949 0.18712374567985537 8.0205645561218279 0.031580679118633277 0.1029927507042885 0.035059168934822089 0.017482198774814609 0.36816667020320898 0.30126973986625677
decision_type=2 2 2 2 2 2 2 2 2 2 2 2 2 2 2 2 2 2 2 2 2 2 2 2 2 2 2 2 2 2
left_child=1 3 -2 5 -5 7 -7 18 9 -8 12 -3 -6 -11 15 16 -15 -17 19 -1 -20 28 -23 -24 27 26 -10 -13 -22 -16
right_child=2 11 -4 4 10 6 8 -9 25 13 -12 24 -14 14 29 17 -18 -19 20 -21 21 22 23 -25 -26 -27 -28 -29 -30 -31
leaf_value=0.011448510731881127 0.046519862276834134 -0.03802994230442483 -0.021756971470875047 0.060225222465954492 0.015728175232095527 -0.055825925024980495 0.043760861432287336 0.051801782435879878 -0.049723987270056225 -0.035182651553079536 0.044310076801916481 0.010932784314439182 -0.045938747568200114 -0.029751437556365008 -0.0063948019590138756 -0.045361559554816841 0.03800452574759107 0.0075191480309699764 -0.024882480310508361 -0.055340389609119314 0.0044353062169158047 -0.035259732395509273 0.035344058760092327 -0.010605457390768945 0.012122097318950552 -0.054205584948020094 0.013545511193146337 -0.044375320690772296 0.055864808343866749 0.041893794351894942
leaf_weight=3.2643285505473605 37.594302393496037 24.720186594873667 2.4884169474244109 3.5983803011476985 3.6034612730145437 6.2429153323173514 3.5031181983649722 3.4816868826746932 3.0120518505573255 7.5464283265173426 3.3006975203752518 2.5922848880290967 3.6252110302448273 4.3994523510336929 3.8147858679294568 8.0184705145657045 5.7339086383581161 3.7302278429269782 6.8047495111823073 4.4800728671252728 3.4150787666440028 4.0930185765028027 6.0325891971588126 8.0202237740159017 6.9044924303889266 6.3613437078893185 4.0363190695643425 6.0040887929499149 5.4096343591809273 5.2345762141048908
leaf_count=21 666 329 16 41 28 58 23 26 39 63 17 25 24 28 24 72 35 21 39 31 19 25 28 47 53 51 28 63 27 33
internal_value=3.11125e-06 -0.0105235 0.0422811 -0.00496522 0.0179155 -0.00799661 -0.015485 0.00225939 -0.0109383 -0.00395322 0.00345627 -0.0272122 -0.0151981 -0.00829723 -0.00173792 -0.0113635 0.00858792 -0.0285719 -0.00189505 -0.0271883 0.00390449 0.0111675 -0.000890601 0.00911974 -0.00996045 -0.0328059 -0.0134921 -0.0276969 0.0359621 0.0215376
internal_weight=201.067 160.984 40.0827 120.763 14.1278 106.635 61.6336 45.0014 55.3907 41.981 10.5294 40.2211 7.22867 38.4778 30.9314 21.8821 10.1334 11.7487 41.5197 7.7444 33.7753 26.9705 18.1458 14.0528 15.5009 13.4097 7.04837 8.59637 8.82471 9.04936
internal_count=2000 1318 682 848 110 738 475 263 417 299 69 470 52 276 213 156 63 93 237 52 185 146 100 75 141 118 67 88 46 57
is_linear=0
shrinkage=0.05


Tree=47
num_leaves=31
num_cat=0
split_feature=5 9 5 0 1 7 2 3 4 2 8 1 6 9 0 3 3 5 4 0 3 8 4 8 3 4 5 5 5 9
split_gain=33.412 5.6434 5.9296 4.41982 4.87459 4.13942 4.0478 3.62616 3.15917 3.0165 2.96795 3.82585 2.69557 2.4082 2.68057 2.89673 2.68298 3.10897 2.25586 3.63314 3.48748 2.73324 2.22104 2.19372 2.35107 6.9944 2.1769 1.82455 1.63069 1.6163
threshold=0.52683210372924816 10.838040828704836 0.33056472241878515 251.69226074218753 35.222124099731452 0.24279221147298816 435.72660827636724 0.028641711920499805 0.0975187122821808 34.821166992187507 0.060981422662734992 32.551208496093757 5.5000000000000009 8.8817286491394061 109.40891647338869 0.031047980301082138 0.035342745482921607 0.21053409576416018 0.092624209821224227 142.59743499755862 0.026566058397293094 0.018091131001710895 0.11824803054332735 0.032842800021171577 0.029529532417654995 0.10568128898739816 0.387596145272255 0.48223812878131872 0.41759862005710607 10.114126682281496
decision_type=2 2 2 2 2 2 2 2 2 2 2 2 2 2 2 2 2 2 2 2 2 2 2 2 2 2 2 2 2 2
left_child=1 2 13 4 9 -2 12 -8 27 -3 11 18 -4 14 -1 -16 -17 -18 20 28 21 -11 29 -15 -25 -26 -10 -6 -20 -14
right_child=5 3 6 -5 8 -7 7 -9 26 10 -12 -13 22 23 15 16 17 -19 19 -21 -22 -23 -24 24 25 -27 -28 -29 -30 -31
leaf_value=-0.031950572224214539 0.045977448808941224 0.051251539485508847 0.0616312063575431 0.036689751928036106 -0.053141088247884195 -0.020621130433226342 0.034182108666805745 -0.042071557081377116 -0.035516496730620704 0.0064961992583552272 0.023852736757653439 0.033457547203147614 0.023141480656003348 -0.056022598337693366 0.033383570820218013 -0.040485251228626673 -0.027067535857431782 0.027267921833309124 -0.051242997745107446 0.011878171815807269 0.013946624946295458 -0.051913652072257392 0.042920618417031681 -0.036211024464725371 0.059907347143597182 -0.030613844362739031 0.0028412769224340911 -0.016445653344962795 -0.0013636378651966318 -0.029351806606795035
leaf_weight=5.3796999342739609 36.172105733305216 1.9157506860792626 5.7339747622609201 3.4556284807622424 18.247406631708149 2.4940590336918822 2.5469921156764022 4.0194923989474773 7.484488192945717 2.3462578244507375 4.903737034648656 3.3814551122486582 3.1002637110650522 4.0020229592919376 7.2411480695009258 3.951387181878089 4.1551857441663724 7.1846459582448006 5.0015934184193638 9.3896728977560979 3.1812815070152274 13.683440443128346 5.3083201870322227 7.1878873854875591 3.3294528573751432 5.9432321563363075 7.3130913898348808 4.159636251628398 2.4369658268988132 2.7825248688459396
leaf_count=35 666 17 42 29 253 16 17 29 71 31 35 25 27 48 35 22 24 36 47 55 22 168 36 48 20 33 43 30 22 18
internal_value=1.89044e-06 -0.0101488 0.000217108 -0.0187214 -0.0210161 0.0416817 0.0208269 -0.0124945 -0.0344887 -0.0101762 -0.0128311 -0.0173944 0.0337547 -0.00979135 -0.000239405 0.00733177 -0.00500504 0.00735811 -0.0221657 -0.00879995 -0.0338737 -0.0433642 0.0194716 -0.0228207 -0.0147484 0.00188872 -0.0165598 -0.046329 -0.0349019 -0.00168754
internal_weight=197.433 158.767 71.8662 86.9004 83.4448 38.6662 23.4916 6.56648 37.2046 46.2402 44.3244 39.4207 16.9251 48.3747 27.9121 22.5324 15.2912 11.3398 36.0392 16.8282 19.211 16.0297 11.1911 20.4626 16.4606 9.27269 14.7976 22.407 7.43856 5.88279
internal_count=2000 1318 470 848 819 682 169 46 397 422 405 370 123 301 152 117 82 60 345 124 221 199 81 149 101 53 114 283 69 45
is_linear=0
shrinkage=0.05


Tree=48
num_leaves=31
num_cat=0
split_feature=7 8 5 3 4 7 5 4 4 0 4 2 1 1 7 7 7 9 3 2 2 1 4 3 1 2 9 7 3 0
split_gain=31.5031 4.19972 4.93776 5.35307 6.19435 4.8722 4.83514 4.89985 4.70998 4.28022 4.68051 2.92568 2.80429 3.68229 3.63994 2.80913 2.74432 6.00473 2.21521 2.20305 3.45352 2.17385 1.62756 4.72587 1.57771 4.39393 1.56309 1.47581 1.92482 2.40639
threshold=0.17348484694957736 0.033553307875990875 0.45065875351428991 0.027460592798888687 0.099193606525659575 0.37062500417232519 0.58775746822357189 0.14624729752540591 0.075849901884794249 190.90534973144534 0.08094371855258943 284.17578125000006 15.874236583709719 18.858830451965336 0.36062501370906835 0.36816667020320898 0.21062500029802325 11.777173519134523 0.024468392133712772 448.34809875488287 479.39501953125006 37.902259826660163 0.10623472929000856 0.024352495558559898 23.616579055786136 77.839653015136733 9.4934096336364764 0.32774999737739569 0.020851403474807743 190.45857238769534
decision_type=2 2 2 2 2 2 2 2 2 2 2 2 2 2 2 2 2 2 2 2 2 2 2 2 2 2 2 2 2 2
left_child=19 6 3 4 27 18 7 16 -4 10 -5 -11 15 -14 26 -12 17 -2 -6 -1 -21 -16 24 -24 25 -18 -15 -3 -29 -30
right_child=1 2 8 9 5 -7 -8 -9 -10 11 12 -13 13 14 21 -17 22 -19 -20 20 -22 -23 23 -25 -26 -27 -28 28 29 -31
leaf_value=0.047419351451918959 0.060753651270039323 -0.05497267308487222 -0.034894243848736593 0.064340159572329955 0.0026715846811562632 0.041114029845536984 0.05555030525690749 0.028441734421896243 0.045441200969638391 0.054276043688086653 0.04578426485344575 0.0010601275651025391 -0.074962208238259581 -0.012655392418364199 0.0434753545009961 -0.015043246829514224 -0.043778083753398804 -0.028480657560154523 -0.04628360052966192 -0.039114774804720712 0.056157614386535916 -0.0063207014347741357 0.030584711618512079 -0.030931878937221925 -0.044095308518251636 0.023620146814843763 -0.048345386281897981 -0.048209825450116872 -0.036581452662465069 0.021119863855952228
leaf_weight=31.084147430956364 2.8150345347821695 8.0853855237364787 2.3029058538377276 2.3428537845611563 5.4706653505563718 5.5135044418275347 2.1044564321637145 4.5686971098184577 8.7826788350939733 6.2887687087059003 4.0863829925656345 4.3827029019594193 2.4793564081192043 7.0318111255764979 3.6102779731154424 3.5443761199712753 7.0599929951131326 5.7078671976923943 4.0005896613001823 1.9597673453390592 1.848267614841461 5.5778233781456947 3.9631202965974834 14.710701856762169 21.867567710578442 3.6780391149222851 5.4420785121619701 6.316143758594988 3.9985931776463985 3.2965611591935158
leaf_count=606 21 89 24 11 33 30 31 26 72 40 21 23 13 39 18 20 79 36 29 23 26 34 22 114 290 40 37 93 34 26
internal_value=-1.8064e-06 -0.00944154 -0.00255539 -0.00681554 -0.0209777 0.00374621 -0.0190291 -0.0214673 0.0287524 0.00478366 -0.00386143 0.0324206 -0.00889057 -0.017242 -0.0106356 0.0175308 -0.0252802 0.000992598 -0.0180067 0.0430219 0.00712663 0.0132456 -0.0296468 -0.0178763 -0.0363881 -0.0206925 -0.0282261 -0.0380531 -0.0280026 -0.0105072
internal_weight=193.921 159.029 92.5535 81.4679 36.6814 14.9848 66.4755 64.371 11.0856 44.7864 34.115 10.6715 31.7721 24.1413 21.662 7.63076 59.8023 8.5229 9.47126 34.8922 3.80803 9.1881 51.2794 18.6738 32.6056 10.738 12.4739 21.6967 13.6113 7.29515
internal_count=2000 1345 686 590 334 92 659 628 96 256 193 63 182 141 128 41 602 57 62 655 49 52 545 136 409 119 76 242 153 60
is_linear=0
shrinkage=0.05


Tree=49
num_leaves=31
num_cat=0
split_feature=7 8 5 3 4 5 4 7 4 0 4 6 3 7 9 2 1 0 2 6 5 7 0 1 4 2 2 4 2 5
split_gain=29.4695 3.87913 4.52526 4.92968 5.82006 4.50949 4.49928 4.38249 4.32244 3.99964 4.08545 2.76675 4.90194 2.56522 5.4695 2.51249 2.27636 2.25135 2.15939 3.32186 2.11568 1.69925 1.60866 4.36477 3.10998 2.65537 2.59851 2.05064 1.61912 1.60476
threshold=0.17348484694957736 0.033553307875990875 0.45065875351428991 0.027460592798888687 0.099193606525659575 0.58775746822357189 0.14624729752540591 0.37062500417232519 0.075849901884794249 198.7400817871094 0.089603852480649962 8.5000000000000018 0.03052293881773949 0.21062500029802325 11.777173519134523 284.17578125000006 15.874236583709719 172.61579895019534 448.34809875488287 8.5000000000000018 0.33575668931007391 0.37325000762939459 155.17555236816409 23.616579055786136 0.089863125234842314 153.31561279296878 92.181991577148452 0.097313519567251219 41.451904296875007 0.34908235073089605
decision_type=2 2 2 2 2 2 2 2 2 2 2 2 2 2 2 2 2 2 2 2 2 2 2 2 2 2 2 2 2 2
left_child=18 5 3 4 -3 6 13 20 -4 10 -5 12 -12 14 -2 -11 -14 21 -1 -20 -6 -18 28 26 -25 -26 27 -24 -15 -27
right_child=1 2 8 9 7 -7 -8 -9 -10 15 11 -13 16 22 -16 -17 17 -19 19 -21 -22 -23 23 24 25 29 -28 -29 -30 -31
leaf_value=0.046990686094673842 0.058405796213982633 -0.037222889347112924 -0.033224202702656892 0.039567212726423905 -0.039490669107203544 0.05526949552539491 0.027053263248646667 0.038775382659432707 0.043941197310613862 0.06112979787606402 0.039333629971479656 -0.040395867630841444 0.014650153693570894 -0.0068688765652100987 -0.027124438870147469 0.0058495290587892304 -0.01825229344206342 0.0010756961210792689 -0.038114041679160576 0.055735028423761872 0.0080612967519594243 -0.061620844148516707 -0.046984641249826924 -0.050954116282540429 0.021857570646747732 -0.044956135266760518 0.053669001271188094 0.024545554529905478 -0.047503632461015063 -0.0062862509071953277
leaf_weight=29.831120442599058 2.7826279327273351 21.093449786305428 2.2978652305901042 4.9551977142691603 5.0019358024001104 2.0117343962192527 4.5631626918911925 5.5526884496211997 8.6322571337223035 4.5056814700365049 5.5552851259708467 5.820779424160718 5.1844830513000515 2.9332068562507656 5.6939594708383083 3.7796822860836983 4.649356082081793 5.576040305197238 1.9672406539320939 1.8107979968190191 4.3939085006713867 4.3925330564379692 1.9834918826818455 11.369873184710743 3.5081278979778281 6.1716524660587293 2.5554405823349953 2.024773046374321 14.925962653011082 4.7460789792239666
leaf_count=606 21 242 24 28 36 31 26 30 72 29 33 36 27 27 36 20 29 28 21 28 26 26 28 183 24 55 23 12 155 38
internal_value=-3.35203e-06 -0.00911756 -0.00246848 -0.00656919 -0.0203086 -0.0184276 -0.0207713 0.00355877 0.0277185 0.00457905 -0.00260544 -0.00930794 -0.0021718 -0.0244893 0.000952759 0.0359116 -0.0138156 -0.0239114 0.0424804 0.00686742 -0.0172533 -0.0393207 -0.0287838 -0.0221357 -0.0313987 -0.0159858 0.0142684 -0.0108512 -0.0408297 -0.0281458
internal_weight=190.27 156.661 91.3911 80.461 36.042 65.2701 63.2584 14.9485 10.9301 44.419 36.1337 31.1785 25.3577 58.6952 8.47659 8.28536 19.8024 14.6179 33.6092 3.77804 9.39584 9.04189 50.2186 32.3594 25.7957 14.4259 6.56371 4.00826 17.8592 10.9177
internal_count=2000 1345 686 590 334 659 628 92 96 256 207 179 143 602 57 49 110 83 655 49 62 55 545 363 300 117 63 40 182 93
is_linear=0
shrinkage=0.05


Tree=50
num_leaves=31
num_cat=0
split_feature=5 9 5 0 1 7 6 4 2 2 1 8 9 0 3 3 5 2 9 0 5 4 0 3 8 5 3 7 5 1
split_gain=27.8843 4.98798 5.11405 3.91633 4.57894 3.68454 3.51842 2.82627 2.80141 2.73324 2.64617 3.32751 2.30577 2.36015 2.51508 2.36192 2.86204 2.22926 2.38291 2.04414 2.29785 2.02625 3.11495 2.97938 2.78405 2.51796 1.98817 1.94537 1.63273 1.62906
threshold=0.52683210372924816 10.838040828704836 0.33056472241878515 251.69226074218753 35.222124099731452 0.24279221147298816 5.5000000000000009 0.0975187122821808 470.01081848144537 34.821166992187507 32.551208496093757 0.060981422662734992 8.8817286491394061 109.40891647338869 0.031047980301082138 0.035342745482921607 0.21053409576416018 53.003919601440437 9.2950081825256365 167.51636505126956 0.387596145272255 0.092624209821224227 142.59743499755862 0.026566058397293094 0.017762338742613796 0.31786282360553747 0.026235002093017105 0.21354167163372043 0.48223812878131872 57.10376167297364
decision_type=2 2 2 2 2 2 2 2 2 2 2 2 2 2 2 2 2 2 2 2 2 2 2 2 2 2 2 2 2 2
left_child=1 2 12 4 9 -2 29 28 27 -3 11 21 13 -1 -15 -16 -17 -14 -19 -9 26 23 -23 24 -11 -24 -21 -8 -6 -4
right_child=5 3 6 -5 7 -7 8 19 -10 10 -12 -13 17 14 15 16 -18 18 -20 20 -22 22 25 -25 -26 -27 -28 -29 -30 -31
leaf_value=-0.029769483287444734 0.044818146231884445 0.049977716589936806 0.066564386163076125 0.035483106599931903 -0.052233596471113641 -0.019378848694296496 0.046546475254082037 -0.051317236884401235 -0.034422644302974169 0.010267680184166041 0.030518537040296775 0.024155878161309669 0.016560689403295758 0.031928595617183787 -0.037911033756214893 -0.025812115563555518 0.02681988669171266 -0.062554011935324061 -0.018384367301844385 -0.057650131290897313 0.016567341131567839 -0.033203586289452164 -0.030722926092892646 0.011859821248593975 -0.050694228364777549 0.027198946164210536 0.0021168115132601797 0.0036243202458074875 -0.0167064824442128 0.017773748905251796
leaf_weight=5.1914511024951961 32.376225661486387 1.8734857849776734 4.6397209614515331 3.3394668065011492 16.480074953287843 2.4008240327239028 3.9258641153573981 3.2368541769683352 3.2868224270641795 2.196994565427306 3.4078470394015303 4.6737907640635958 3.1605505757033852 7.2159446179866817 3.8245626613497725 4.0656564831733686 7.082573339343071 4.0553566887974766 12.360344283282755 2.8889259994029981 5.5600322335958481 7.0094137415289905 2.6083570048212987 3.1449380666017523 12.693391408771275 6.6854112446308136 2.684427335858345 8.058738995343445 4.0234969295561305 2.7101340144872665
leaf_count=35 666 17 37 29 253 16 41 34 23 29 26 34 24 35 22 24 36 27 98 29 30 69 17 22 170 38 21 51 30 17
internal_value=-4.83386e-06 -0.00924104 0.000619473 -0.0175564 -0.0197937 0.0403863 0.0201497 -0.0333456 0.0064697 -0.00912385 -0.0117341 -0.015425 -0.0087892 0.000579458 0.00768013 -0.0040061 0.00762548 -0.0218926 -0.0292961 -0.0163432 -0.00617508 -0.0208123 -0.00803757 -0.0323601 -0.0416996 0.0109428 -0.0288632 0.0176846 -0.045262 0.0485737
internal_weight=186.862 152.085 69.5777 82.5069 79.1674 34.777 22.6213 34.8738 15.2714 44.2936 42.4201 39.0123 46.9564 27.3802 22.1887 14.9728 11.1482 19.5763 16.4157 14.3702 11.1334 34.3385 16.3032 18.0353 14.8904 9.29377 5.57335 11.9846 20.5036 7.34985
internal_count=2000 1318 470 848 819 682 169 397 115 422 405 379 301 152 117 82 60 149 125 114 80 345 124 221 199 55 50 92 283 54
is_linear=0
shrinkage=0.05


Tree=51
num_leaves=31
num_cat=0
split_feature=7 8 5 3 4 4 5 5 7 2 8 0 4 9 5 0 0 9 9 2 2 9 1 2 2 3 5 7 8 3
split_gain=26.0107 3.64233 4.00068 4.57097 3.98617 3.65149 3.6038 3.21632 3.14556 6.06024 4.46932 3.8155 2.49115 2.41693 2.37652 3.12783 3.45997 2.26346 2.40267 2.20651 3.51465 4.51888 4.79987 2.10341 3.23607 1.88507 3.01818 3.06894 1.81634 1.78482
threshold=0.17348484694957736 0.033553307875990875 0.45065875351428991 0.021106235682964328 0.075849901884794249 0.12024287879467012 0.58775746822357189 0.40178927779197698 0.29522725939750677 87.956634521484389 0.046571103855967529 173.39351654052737 0.096219543367624297 8.918154716491701 0.19663144648075107 148.14362335205081 108.76570510864259 9.2950081825256365 7.8330330848693857 153.31561279296878 87.956634521484389 11.618255138397219 24.701392173767093 448.34809875488287 479.39501953125006 0.034261686727404601 0.34679749608039862 0.51549997925758373 0.056930191814899452 0.030626807361841205
decision_type=2 2 2 2 2 2 2 2 2 2 2 2 2 2 2 2 2 2 2 2 2 2 2 2 2 2 2 2 2 2
left_child=23 5 3 12 -4 6 19 17 9 -5 -11 14 -3 -12 -10 16 -16 18 -7 20 -2 -22 -23 -1 -25 26 27 -13 -15 -18
right_child=1 2 4 8 -6 7 -8 -9 11 10 13 25 -14 28 15 -17 29 -19 -20 -21 21 22 -24 24 -26 -27 -28 -29 -30 -31
leaf_value=0.046236882375644675 -0.036188649165297258 -0.049983033238370771 -0.032432345448513089 0.04867704052612383 0.042656171383175179 -0.021931930435310387 0.054492144858503934 0.046049520445063774 -0.042340450923496316 -0.047801492241572291 0.031650067257658558 -0.024331767695603218 -0.00073248428772068055 0.0053703973801441929 -0.018308957548757394 -0.040645257411456373 0.046524949109289421 -0.045311591120137357 0.028296773197735887 -0.038419789624184741 0.049634401468595699 0.033542803213789295 -0.045877542452857856 -0.038031844246680997 0.05587459225490056 0.051055954124897877 0.055938887953938823 0.032953986328382888 -0.047920909022968319 0.0062041121931147416
leaf_weight=27.623401481658224 11.451510977 8.1516873016953451 2.2409118749201289 3.1966397166252163 8.3655975759029371 4.7107654958963412 1.3919387757778157 3.3964704051613799 3.6923754811286953 10.672939967364075 3.5782642364501935 5.3901473619043845 3.748071063309907 3.4080967828631401 6.7710867226123872 3.7140945717692366 5.7044056281447393 3.1719619184732428 4.8137168139219284 22.310422942042351 3.5746515132486811 2.9537619017064554 5.3448749259114265 1.9559309482574456 1.7278656810522077 4.9823551326990119 3.310771230608224 4.1287999376654625 3.0119911767542362 5.2895815446972847
leaf_count=606 128 130 24 17 72 25 24 25 26 79 19 40 26 25 43 27 34 26 29 282 23 33 64 23 26 30 24 24 19 27
internal_value=-7.80486e-06 -0.00853114 -0.00203623 -0.00591888 0.0267917 -0.0177259 -0.0247609 0.00283203 -0.000836596 -0.0153914 -0.0252991 0.00724541 -0.0344706 -0.00127843 -0.0052859 0.00108396 0.00980817 -0.00872923 0.00345389 -0.0271782 -0.0164255 0.00263561 -0.0176092 0.0415041 0.00601448 0.0249543 0.0148179 0.000515667 -0.0196313 0.0271252
internal_weight=183.785 152.478 89.3578 78.7513 10.6065 63.1201 47.0272 16.0929 66.8515 23.8679 20.6713 42.9836 11.8998 9.99835 25.1715 21.4792 17.7651 12.6964 9.52448 45.6352 23.3248 11.8733 8.29864 31.3072 3.6838 17.8121 12.8297 9.51895 6.42009 10.994
internal_count=2000 1345 686 590 96 659 554 105 434 159 142 275 156 63 157 131 104 80 54 530 248 120 97 655 49 118 88 64 44 61
is_linear=0
shrinkage=0.05


Tree=52
num_leaves=31
num_cat=0
split_feature=5 9 5 1 7 6 0 4 7 8 2 4 3 0 7 2 2 7 1 3 4 7 5 5 0 0 5 4 8 9
split_gain=24.6506 4.48616 4.59335 3.60352 3.38965 3.28805 3.14898 2.81526 2.70685 4.23171 3.69281 3.61427 4.78608 4.67042 4.00781 2.47514 2.19074 3.61146 4.31337 2.85273 4.02323 2.97022 2.60207 1.99952 1.96431 2.32173 2.48427 1.88748 1.60211 2.08714
threshold=0.52683210372924816 10.838040828704836 0.33056472241878515 35.222124099731452 0.24279221147298816 5.5000000000000009 256.25631713867193 0.0975187122821808 0.75900000333786022 0.012921773362904789 37.161403656005866 0.083831973373889937 0.026566058397293094 116.71424865722658 0.55099999904632579 470.01081848144537 168.16127014160159 0.34549999237060552 64.640247344970717 0.027728961780667308 0.099931538105011 0.30845238268375402 0.19933389872312549 0.47578868269920355 167.51636505126956 213.58797454833987 0.39940105378627783 0.11824803054332735 0.027272180654108528 11.740690708160402
decision_type=2 2 2 2 2 2 2 2 2 2 2 2 2 2 2 2 2 2 2 2 2 2 2 2 2 2 2 2 2 2
left_child=1 2 16 8 -2 -4 7 -5 9 -3 -11 12 23 -13 28 27 19 -18 -19 -1 -21 -22 -20 -12 -9 26 -26 -7 -15 -30
right_child=4 3 5 6 -6 15 -8 24 -10 10 11 13 -14 14 -16 -17 17 18 22 20 21 -23 -24 -25 25 -27 -28 -29 29 -31
leaf_value=-0.048614735550364913 0.043978278726689739 0.065413653432057101 0.047369029969468457 -0.044398642350096683 -0.018248752531507272 -0.0026873670891295787 0.034034824748647913 -0.050598249524284988 -0.05754842301674943 0.066244713552674542 -0.055476692053955681 -0.041822149144401355 0.034390203475327806 -0.026352326050695221 0.067483846458469193 -0.032606147803781127 -0.023117965215489863 0.060651510835018366 -0.034747550784336508 0.030039444284707281 0.016377329253345122 -0.034655793613205137 0.022318798309664496 0.012160611663262181 -0.017034387595259621 -0.044828157731577542 0.03771036769892603 0.037430170265490642 0.041230046833546342 -0.0021926727161805121
leaf_weight=5.8390682898461845 30.099125470966101 2.0788743607699862 7.1528033092618015 19.511577356606722 2.3600451946258536 6.0286975763738138 1.9034478478133667 3.0661022290587416 2.5136693976819506 1.6161968149244774 9.0246784873306733 5.3196547701954868 2.1731495149433604 3.8609656728804174 2.7044740095734587 3.2295600213110438 7.6187038905918625 4.3696929626166812 3.350819166749714 4.9846723638474968 3.814700983464717 11.288098536431788 4.9461268968880177 1.2432037331163872 4.571884371340273 2.7993032187223426 3.7903747037053108 5.707808081060648 3.8650376573204985 9.7435036748647672
leaf_count=44 666 17 54 285 16 50 16 34 35 15 145 55 13 27 17 23 48 25 23 32 21 77 31 12 39 23 20 42 24 71
internal_value=-8.88255e-06 -0.00865697 0.000745898 -0.0167098 0.0394539 0.0194839 -0.0285353 -0.0320653 -0.00716161 -0.00411917 -0.00777396 -0.0109275 -0.0330203 -0.000146121 0.0108434 0.00615655 -0.00822284 0.00408464 0.0204464 -0.0178524 -0.00891036 -0.0217657 -0.000728117 -0.0472874 -0.0151515 -0.00541416 0.00777986 0.016823 0.00207481 0.0101401
internal_weight=180.576 148.117 68.3308 79.7861 32.4592 22.1189 35.6427 33.7392 44.1434 41.6297 39.5509 37.9347 12.441 25.4936 20.174 14.9661 46.2119 20.2853 12.6666 25.9265 20.0875 15.1028 8.29695 10.2679 14.2277 11.1616 8.36226 11.7365 17.4695 13.6085
internal_count=2000 1318 470 848 682 169 417 401 431 396 379 364 170 194 139 115 301 127 79 174 130 98 54 157 116 82 59 92 122 95
is_linear=0
shrinkage=0.05


Tree=53
num_leaves=31
num_cat=0
split_feature=7 3 9 0 8 5 3 4 9 1 0 0 3 3 8 5 9 4 4 3 5 2 8 5 5 5 4 3 7 5
split_gain=23.0696 3.42966 4.85631 3.4397 3.30753 4.1579 4.0926 4.70608 2.69831 4.70829 2.51649 2.17729 4.4343 2.3634 3.11357 3.40002 3.45703 2.78529 2.17605 2.13506 2.71976 2.11929 2.08182 2.06706 4.28993 1.95733 2.6673 2.46453 1.68906 1.65938
threshold=0.17348484694957736 0.012426981236785652 15.49504327774048 251.69226074218753 0.017482198774814609 0.50050100684165966 0.020851403474807743 0.099193606525659575 8.6929473876953143 34.99682807922364 186.65872955322268 200.06780242919925 0.026291212067008022 0.023301674053072933 0.034447114914655692 0.31786282360553747 11.243711471557619 0.10041302442550661 0.12778088450431827 0.021281450986862186 0.2932583093643189 126.27373504638673 0.039253635331988342 0.51893743872642528 0.50344267487525951 0.19663144648075107 0.12519570440053943 0.035342745482921607 0.35183332860469824 0.58016893267631542
decision_type=2 2 2 2 2 2 2 2 2 2 2 2 2 2 2 2 2 2 2 2 2 2 2 2 2 2 2 2 2 2
left_child=23 -2 3 4 -3 6 7 -6 25 11 21 13 -13 -10 18 17 -17 -16 -15 -11 -21 -7 -22 24 -1 -8 27 -27 -28 -4
right_child=1 2 29 -5 5 10 8 -9 9 19 -12 12 -14 14 15 16 -18 -19 -20 20 22 -23 -24 -25 -26 26 28 -29 -30 -31
leaf_value=0.040173776586131804 0.045847665261406829 -0.040877994458899461 -0.047726869934915983 0.045908253794708614 -0.051002939244873528 0.039221220559050224 -0.015821916890649636 0.0097646034071854487 0.028107451726002652 0.025646194852544053 0.057301024183096461 -0.0054532137490200649 0.078417742505358282 -0.043621488726346386 0.041057453309667334 0.0055846453621903542 -0.05911089004748013 -0.010388122576003524 0.013670328922881539 -0.051463746352256194 -0.031331474779997995 -0.036041655781318897 -0.0003965505321014423 0.04773060878101068 -0.051292813615806981 -0.025572373325387299 0.014741165575726523 0.025416113756896605 0.052691190924124845 0.014024076245474979
leaf_weight=4.8277072831988361 2.8983293436467639 7.0982575677335253 9.8513382747769338 3.0640968345105639 10.455876734107731 1.8066882118582719 6.2779127657413509 4.5824069753289214 5.1011000387370578 2.0484072826802722 3.9954306930303574 3.9423339553177348 2.6254849582910538 7.8502603806555289 6.7775784432888049 5.0447860546410066 3.4957094304263592 4.3002518489956856 2.1009526774287224 8.3192147016525286 12.557341665029528 1.9393734522163866 9.5935035087168199 22.675547637045383 1.7453998513519762 5.4959733858704585 6.5182697214186174 4.1665323004126549 5.3290227651596069 1.2229800969362248
leaf_count=56 35 72 161 21 165 26 40 29 39 17 30 28 17 84 39 31 22 26 15 85 135 15 70 582 17 32 36 26 27 22
internal_value=-1.28886e-05 -0.00800912 -0.00908148 -0.00646077 -0.00768175 -0.00578642 -0.00814268 -0.0324861 -0.00453754 -0.00954033 0.0296977 0.00167764 0.0280742 -0.00332278 -0.00874487 0.00281051 -0.0208959 0.021087 -0.0315257 -0.0237664 -0.0270883 0.000256879 -0.0179336 0.0405741 0.0158861 0.00874138 0.0159105 -0.00358582 0.0318114 -0.0409075
internal_weight=177.708 148.459 145.561 134.487 131.423 124.324 116.583 15.0383 101.545 73.7569 7.74149 41.2385 6.56782 34.6706 29.5695 19.6183 8.5405 11.0778 9.95121 32.5185 30.4701 3.74606 22.1508 29.2487 6.57311 27.7877 21.5098 9.66251 11.8473 11.0743
internal_count=2000 1345 1310 1127 1106 1034 963 194 769 608 71 301 45 256 217 118 53 65 99 307 290 41 205 655 73 161 121 58 63 183
is_linear=0
shrinkage=0.05


Tree=54
num_leaves=31
num_cat=0
split_feature=5 9 0 9 5 1 7 5 8 5 8 2 5 4 7 3 8 3 1 4 0 5 7 3 3 3 4 2 4 5
split_gain=21.5772 4.03575 3.36295 3.2934 5.15488 4.01227 3.25357 2.95726 2.95 2.83624 3.27709 2.70654 2.62584 2.46229 1.9465 3.49586 3.38775 1.88578 2.14186 2.64238 2.71755 2.48739 2.71762 1.82107 1.81251 3.00723 2.89401 2.4144 3.11827 2.58427
threshold=0.52683210372924816 15.49504327774048 251.69226074218753 9.3630943298339862 0.38142493367195135 35.222124099731452 0.20145833492279056 0.21866326779127124 0.018935902044177059 0.2932583093643189 0.028565182350575927 135.28517913818362 0.45065875351428991 0.085210260003805174 0.29522725939750677 0.026235002093017105 0.049946134909987457 0.025912335142493251 10.06292247772217 0.14624729752540591 198.7400817871094 0.21053409576416018 0.30291667580604559 0.013020892161875965 0.031678734347224242 0.030297138728201393 0.095337525010108962 34.821166992187507 0.0975187122821808 0.30967375636100775
decision_type=2 2 2 2 2 2 2 2 2 2 2 2 2 2 2 2 2 2 2 2 2 2 2 2 2 2 2 2 2 2
left_child=1 2 3 4 8 7 -2 -5 -1 -7 -11 -8 13 -12 16 -16 -15 -10 -19 20 21 -20 -23 -3 25 27 -26 -9 -29 -30
right_child=6 23 -4 5 -6 9 11 24 17 10 12 -13 -14 14 15 -17 -18 18 19 -21 -22 22 -24 -25 26 -27 -28 28 29 -31
leaf_value=-0.07473851974549664 0.04631954302731664 0.017311147040015223 0.044711155877823316 -0.050500554241300726 0.06047828762431165 -0.050389090698392584 0.043508347050948172 0.061539774670513775 0.032403732814787159 -0.043440554142254298 -0.057149538108908486 -0.025515000680105433 0.018940364938641874 -0.044126353296184473 -0.019321935727179392 0.057231651795699605 0.025493300219059236 0.036666704768918049 -0.056877375750983145 0.022626820706685424 0.023682406737464738 -0.035607295301293043 0.007201903658262023 -0.047392826310485081 0.061073545873515725 -0.046520549793485688 0.0015078499521688378 -0.016952780122838386 -0.017898975506487096 0.029611444111845589
leaf_weight=1.3074316568672646 24.505796387791637 1.2468910925090302 3.2156554795801631 3.0249327905476084 3.7557159177958956 8.0798791572451574 2.5195479169487944 1.5373869836330403 4.3979444578289977 8.8779167458415014 3.270098537206656 3.255125068128109 6.6126715168356887 6.2032816782593709 3.6115933880209914 2.5401821583509445 2.4326182045042515 3.1456148177385321 4.0893864370882609 6.0408607497811309 3.860392101109027 6.9741793125867826 7.9142845682799816 8.5035365112125856 2.951095297932623 3.8216925375163546 6.598724503070116 16.978831555694345 4.1071176528930655 9.4427212178707105
leaf_count=8 630 21 21 35 41 106 34 14 24 109 59 18 42 57 33 16 17 21 30 30 23 43 45 150 19 29 47 176 33 69
internal_value=-1.47267e-05 -0.00805464 -0.00580758 -0.00704223 0.00461494 -0.0124102 0.0383635 -0.00263075 -0.000945792 -0.0237953 -0.0173903 0.00460058 -0.00801587 -0.0178871 -0.00920475 0.0122885 -0.0245154 0.00170308 -0.00251303 -0.00678063 -0.0145591 -0.022338 -0.0128511 -0.0391184 0.000556103 -0.00459532 0.0199149 0.000401405 -0.00267745 0.0152105
internal_weight=174.823 144.543 134.792 131.577 41.4858 90.0907 30.2805 48.4625 37.7301 41.6282 33.5484 5.77467 24.6704 18.0578 14.7877 6.15178 8.6359 36.4227 32.0247 28.8791 22.8382 18.9779 14.8885 9.75043 45.4376 35.8877 9.54982 32.0661 30.5287 13.5498
internal_count=2000 1318 1147 1126 265 861 682 422 224 439 333 52 224 182 123 49 74 216 192 171 141 118 88 171 387 321 66 292 278 102
is_linear=0
shrinkage=0.05


Tree=55
num_leaves=31
num_cat=0
split_feature=7 4 2 5 9 7 7 6 8 6 0 8 2 5 6 5 0 5 8 0 7 3 7 3 4 1 7 2 7 5
split_gain=20.1825 3.0841 4.15103 3.71622 4.08177 3.62657 3.09591 2.78272 2.72666 2.87575 3.0781 2.63521 2.47606 2.46518 2.41064 3.09566 3.32952 2.86008 3.83167 2.6631 2.65998 2.57006 2.31435 2.29846 2.18225 2.16485 2.09649 2.07083 2.34672 4.50117
threshold=0.17348484694957736 0.071328535676002516 120.70887756347658 0.46682895720005041 11.777173519134523 0.30732142925262457 0.24033333361148837 10.500000000000002 0.041491212323307998 5.5000000000000009 188.9999694824219 0.017879731021821502 385.73954772949224 0.19663144648075107 4.5000000000000009 0.26536384224891668 108.76570510864259 0.33056472241878515 0.050391765311360366 194.66128540039065 0.47366666793823248 0.026342427358031276 0.37325000762939459 0.024095448665320877 0.077967148274183287 53.751234054565437 0.14783626049757007 76.50964736938478 0.55099999904632579 0.34679749608039862
decision_type=2 2 2 2 2 2 2 2 2 2 2 2 2 2 2 2 2 2 2 2 2 2 2 2 2 2 2 2 2 2
left_child=25 2 22 4 11 8 -6 12 9 -5 -11 -3 24 -13 20 16 -16 18 19 -17 -15 -18 -2 -19 -8 -1 -27 -26 29 -29
right_child=1 3 -4 5 6 -7 7 -9 -10 10 -12 13 -14 14 15 17 21 23 -20 -21 -22 -23 -24 -25 27 26 -28 28 -30 -31
leaf_value=0.046087820302612714 0.044555129510049758 -0.056608578477369637 -0.057904206087412959 0.04767632353077203 -0.056372336238905654 -0.048409756872068319 -0.053888346664021626 0.045232413641759624 0.058670807282905905 -0.039763531876079714 0.02677679816639977 -0.023903499406986481 -0.056856108161175846 0.042316878507827789 -0.061940336324146805 -0.058662154965332829 -0.014426346257839723 0.036063063786773868 0.0030412657891377972 -0.00067430209148234177 -0.0013035500834831901 0.038926006731768749 -0.024448363864732786 -0.0050787252942140378 -0.036697111725133659 0.037779266076011231 -0.028382361060319345 -0.043458942412485851 0.037478821580987774 0.010998403615211011
leaf_weight=22.32341052219272 1.9616503641009311 2.1306646168231955 6.6835611909627914 3.6006385106593388 5.5064394883811465 1.8936864472925652 3.068857040256268 1.7626197487115849 4.2911440394818774 3.5701055452227592 3.3867728188633919 9.5810931436717492 3.8577378131449214 7.3700981512665731 1.1710829362273205 7.5985754579305667 2.9612584896385661 4.3584354408085373 7.7326308861374846 2.6776638440787792 6.6469504199922085 9.494227357208727 3.1931135803461075 15.353819686919449 5.3626905940473106 2.7858208194375029 2.099880438297987 6.0540248863399091 3.2075332105159751 10.16659704595804
leaf_count=587 28 20 115 46 56 16 58 18 45 28 24 73 64 51 10 69 19 28 41 21 48 52 43 106 61 47 21 73 35 97
internal_value=-1.69105e-05 -0.00744858 -0.0319024 -0.00526876 -0.00844544 0.016753 -0.0216296 -0.0159154 0.0250633 0.0114035 -0.00737013 -0.00177671 -0.0193136 -0.00021787 0.00325394 -0.00176292 0.0186632 -0.00914174 -0.023546 -0.0435523 0.0216319 0.0262416 0.00181098 0.00401784 -0.0141151 0.0394899 0.00934292 -0.00919153 -0.00159926 -0.00932672
internal_weight=171.853 144.644 11.8383 132.805 116.063 16.7423 38.9865 33.4801 14.8487 10.5575 6.95688 77.0765 31.7174 74.9458 65.3647 51.3477 13.6266 37.7211 18.0089 10.2762 14.017 12.4555 5.15476 19.7123 27.8597 27.2091 4.8857 24.7908 19.4282 16.2206
internal_count=2000 1345 186 1159 1000 159 462 406 143 98 52 538 388 518 445 346 81 265 131 90 99 71 71 134 324 655 68 266 205 170
is_linear=0
shrinkage=0.05


Tree=56
num_leaves=31
num_cat=0
split_feature=5 9 7 0 9 5 1 5 5 8 8 2 5 4 3 7 3 8 3 1 4 0 7 3 3 2 4 3 9 2
split_gain=19.0509 3.72961 3.01104 2.93247 2.95972 4.76098 3.71587 2.7148 2.68373 3.05486 2.64236 2.36395 2.28419 2.32232 2.00594 1.8352 3.11998 3.11362 1.74075 1.98357 2.41549 2.58673 2.26146 1.67869 2.75308 2.20621 2.75549 2.61527 2.61211 2.90865
threshold=0.52683210372924816 15.49504327774048 0.20145833492279056 251.69226074218753 9.3630943298339862 0.38142493367195135 35.222124099731452 0.21866326779127124 0.2932583093643189 0.028565182350575927 0.018935902044177059 135.28517913818362 0.45065875351428991 0.085210260003805174 0.012890675570815803 0.29522725939750677 0.026235002093017105 0.049946134909987457 0.025912335142493251 10.06292247772217 0.14624729752540591 159.81677246093753 0.30464285612106329 0.031678734347224242 0.030297138728201393 34.821166992187507 0.0975187122821808 0.026566058397293094 13.816928386688234 115.49885559082033
decision_type=2 2 2 2 2 2 2 2 2 2 2 2 2 2 2 2 2 2 2 2 2 2 2 2 2 2 2 2 2 2
left_child=1 3 -2 4 5 10 7 -6 -8 -10 -1 -4 13 -11 -3 17 -17 -15 -12 -20 21 -21 -23 24 25 -9 27 28 -27 -30
right_child=2 14 11 -5 6 -7 8 23 9 12 18 -13 -14 15 -16 16 -18 -19 19 20 -22 22 -24 -25 -26 26 -28 -29 29 -31
leaf_value=-0.072207509402576212 0.045629593168846738 0.025034275835025405 0.042436290485355327 0.041884145313603696 -0.04927599958197753 0.059860119141237289 -0.049504894325265683 0.059159659759746255 -0.042328032000696104 -0.056727494736786899 0.031338779386226499 -0.023527048330528471 0.017715547497683667 -0.043018310721380112 -0.046833906134885916 -0.018073595505142596 0.054513713554489585 0.024353967407581421 0.035516556331216115 -0.030097654010574383 0.02170580186202746 -0.022349374397170507 0.02415512449140644 0.019520229229515976 -0.044925670861966152 -0.042397478373608209 0.014497828883416455 0.028417969807116396 -0.035239451701054747 0.037609173684071018
leaf_weight=1.2483365423977364 22.606205010786656 1.1026672162115563 2.3645575176924458 3.2036759480833998 2.8829701393842688 3.5563233010470858 7.6694454811513415 1.5288026407361055 8.5350588373839837 3.0302732735872331 4.3771535232663146 3.191426619887352 6.5357102230191222 5.9942755550146085 8.1262920647859556 3.5351887084543696 2.5468905977904797 2.4021605104207993 3.123385518789294 11.813760060817009 6.0056443959474555 4.6321065947413427 6.0009173303842545 9.4316131323575956 3.717399686574935 8.3848162107169681 13.354458875954149 2.7634582147002211 2.6815969832241526 2.8019046224653721
leaf_count=8 630 18 34 21 35 41 106 14 109 59 24 18 42 57 153 33 16 17 21 81 30 24 36 66 29 90 102 17 40 29
internal_value=-2.02682e-05 -0.00751987 0.0375244 -0.00536757 -0.00654513 0.00458977 -0.0117143 -0.0022502 -0.0228944 -0.0166302 -0.000693891 0.00454613 -0.00750819 -0.0169238 -0.0382472 -0.00859305 0.0123226 -0.0237436 0.00178916 -0.00230711 -0.00645923 -0.0139948 0.00389618 0.000785213 -0.00423009 0.000570211 -0.00241688 -0.0159985 -0.0248491 0.00198401
internal_weight=169.148 140.986 28.1622 131.757 128.554 40.7576 87.796 47.547 40.249 32.5796 37.2013 5.55598 24.0445 17.5088 9.22896 14.4785 6.08208 8.39644 35.953 31.5758 28.4524 22.4468 10.633 44.6641 35.2324 31.515 29.9862 16.6318 13.8683 5.4835
internal_count=2000 1318 682 1147 1126 265 861 422 439 333 224 52 224 182 171 123 49 74 216 192 171 141 60 387 321 292 278 176 159 69
is_linear=0
shrinkage=0.05


Tree=57
num_leaves=31
num_cat=0
split_feature=5 9 7 0 9 5 1 6 0 0 2 3 5 0 4 2 7 1 3 4 7 5 3 4 3 0 6 2 2 4
split_gain=17.8035 3.49891 2.9484 2.65233 2.75068 3.90627 3.63385 2.96198 2.63817 2.51068 2.33647 2.26766 2.04431 4.34884 2.50222 1.89568 3.72548 3.72576 2.63983 3.36036 2.87289 2.20624 1.85728 3.38164 4.10328 2.02967 1.86543 2.60484 5.2611 1.70973
threshold=0.52683210372924816 15.49504327774048 0.24279221147298816 251.69226074218753 10.838040828704836 0.33056472241878515 37.713876724243171 5.5000000000000009 116.28243637084962 120.06478500366212 470.01081848144537 0.012426981236785652 0.45065875351428991 195.32550048828128 0.11159776151180269 168.16127014160159 0.34549999237060552 64.640247344970717 0.027728961780667308 0.099931538105011 0.30845238268375402 0.19933389872312549 0.031779846176505096 0.093669086694717421 0.023858561180531982 176.37677764892581 7.5000000000000009 157.33457183837893 117.07902145385744 0.11824803054332735
decision_type=2 2 2 2 2 2 2 2 2 2 2 2 2 2 2 2 2 2 2 2 2 2 2 2 2 2 2 2 2 2
left_child=1 3 -2 4 5 15 8 -7 -6 -10 29 -3 14 -14 -8 18 -17 -18 -1 -20 -21 -19 23 25 -25 -11 27 28 -27 -9
right_child=2 11 -4 -5 6 7 12 10 9 22 -12 -13 13 -15 -16 16 17 21 19 20 -22 -23 -24 24 -26 26 -28 -29 -30 -31
leaf_value=-0.047382533210365556 0.041918944895132676 0.034438718901685192 -0.018297934120281908 0.039732151330073046 -0.028239448270812928 0.046085310168835797 -0.048122860250815719 -0.0023591980754736164 0.060760206862588401 -0.063561039231037703 -0.032542928859742783 -0.046271998776466115 -0.043669512842359384 0.029609939481631625 -0.0014267175292629263 -0.024216705403081001 0.059180951407705018 -0.031225952268970208 0.027996922967906492 0.017944573060330437 -0.033104739642963073 0.023527325123083944 0.029998722018316694 0.037063549578409231 -0.027114337517225764 -0.030700468748655847 -0.052805358481763334 -0.053588359715247114 0.070540003916814184 0.036793458481255058
leaf_weight=5.4593674167990711 24.94245890155435 0.97677792608737757 2.2131431400775901 3.2082145176827899 8.5359631497412902 6.7003408130258348 13.506086692214017 5.8006881736218912 1.7903788387775446 2.6080362722277703 3.1095651797950259 7.9814425371587276 4.1278179809451085 3.9736961536109447 3.6425287984311572 7.1191014572978046 4.2276665493845922 3.1688229367136955 4.853444509208205 3.7009441405534735 10.794124227017162 4.3867132477462292 4.233745250850915 6.9515318982303125 3.8810924887657166 2.7082314267754537 2.2757889442145824 1.7339031696319578 2.4388350807130337 5.3692886028438807
leaf_count=44 666 15 16 21 95 54 223 50 14 36 23 156 32 25 26 47 25 23 32 21 77 28 25 39 29 36 26 33 21 42
internal_value=-2.34926e-05 -0.00724505 0.0370114 -0.00516705 -0.0063004 0.00092433 -0.0137894 0.018659 -0.00384347 0.00343228 0.00578978 -0.0374715 -0.0284255 -0.00772681 -0.0382042 -0.00758788 0.00434097 0.0215948 -0.016677 -0.00801319 -0.0200706 0.000563575 -0.000393079 -0.00608714 0.01407 -0.0246472 -0.0135637 -0.000585029 0.0172703 0.0164611
internal_weight=166.42 139.264 27.1556 130.306 127.098 64.6901 62.4076 20.9799 37.1575 28.6215 14.2795 8.95822 25.2501 8.10151 17.1486 43.7102 18.9023 11.7832 24.8079 19.3485 14.4951 7.55554 26.8312 22.5974 10.8326 11.7648 9.15676 6.88097 5.14707 11.17
internal_count=2000 1318 682 1147 1126 466 660 169 354 259 115 171 306 57 249 297 123 76 174 130 98 51 245 220 68 152 116 90 57 92
is_linear=0
shrinkage=0.05


Tree=58
num_leaves=31
num_cat=0
split_feature=7 5 8 5 9 4 2 6 9 3 1 5 0 1 8 8 7 4 8 8 0 7 7 9 9 2 7 3 1 1
split_gain=16.8088 2.95095 3.56336 3.44203 3.46109 3.3696 2.8783 3.82307 2.19428 4.07288 2.38996 2.32344 2.17018 3.21093 3.21286 3.3547 3.11018 2.04713 5.62171 3.30513 1.87849 1.82832 2.52142 2.30171 1.79668 1.78464 2.86904 1.59696 1.58159 1.53617
threshold=0.16607692092657092 0.57774519920349132 0.039253635331988342 0.43009750545024877 13.006647586822512 0.14906157553195956 448.34809875488287 8.5000000000000018 11.881628513336183 0.022403026930987838 63.723859786987312 0.3856737762689591 108.76570510864259 16.693157196044925 0.04097342677414418 0.044589893892407424 0.4812499880790711 0.0975187122821808 0.033998865634202964 0.012921773362904789 181.32503509521487 0.36062501370906835 0.27732142806053167 8.918154716491701 8.657752990722658 136.13101959228518 0.3473214209079743 0.023992091417312626 35.745325088500984 45.037151336669929
decision_type=2 2 2 2 2 2 2 2 2 2 2 2 2 2 2 2 2 2 2 2 2 2 2 2 2 2 2 2 2 2
left_child=6 2 5 4 12 8 -1 -8 9 -2 17 24 -4 -14 -15 -16 21 19 27 -10 29 22 23 -17 -11 26 -26 -19 -3 -13
right_child=1 28 3 -5 -6 -7 7 -9 10 11 -12 20 13 14 15 16 -18 18 -20 -21 -22 -23 -24 -25 25 -27 -28 -29 -30 -31
leaf_value=0.04735307995931215 0.035422388859947536 0.053791964101329984 -0.02577550945868038 0.033482379500074266 -0.032719228870906218 0.026212709003973891 -0.05829763936265852 0.055334888604070723 0.025833604396085563 -0.0067017423662576753 -0.063971168657883951 0.017035327427979041 0.036032750638890665 0.042665896285625379 -0.047961604604391819 0.053330042450915917 -0.038293896476788783 -0.0017017497107834076 0.063774433964888494 -0.037220754148828777 0.042973525916174864 0.031457553041980973 -0.024114700923050587 -0.0036951545208111858 0.025854071649842776 -0.052256771123798167 -0.041351750762357947 -0.047299877354983172 -0.015356234131673044 -0.039537684157858723
leaf_weight=19.336194666102532 4.5426577888429156 3.0437874216586343 5.9572559446096411 7.3283474799245587 8.3089855946600419 4.6841007620096198 1.5922296307981008 1.3832369558513162 2.3263472840189996 9.9565449021756702 3.7729611843824378 2.5596522614359847 7.507735811173915 3.8360376842319956 4.0930718109011677 2.9200029373168999 4.1746832877397528 3.9150480683892948 2.3874450773000717 19.48741864785552 2.6422561481595039 6.2976140417158595 6.3750486373901367 4.491218663752079 2.531893674284218 7.0141074396669865 4.2599778547883034 3.7684277594089508 1.135403089225292 2.2589014805853367
leaf_count=566 34 69 40 63 125 29 19 27 25 64 63 26 42 22 31 17 29 28 14 314 18 38 43 27 19 87 45 43 17 16
internal_value=-2.77969e-05 -0.00638453 -0.00764349 0.00132935 -0.00303724 -0.0148694 0.0403084 -0.00547207 -0.0175636 -0.00881304 -0.0263408 -0.0152488 0.00236501 0.00658818 -0.000279732 -0.00609037 0.000974434 -0.0218879 -0.00324207 -0.0304963 0.00909283 0.00913684 -0.00105933 0.0187726 -0.0228914 -0.0345671 -0.0162986 -0.0240657 0.0350058 -0.00948567
internal_weight=163.889 141.577 137.398 61.29 53.9617 76.1077 22.3117 2.97547 71.4236 35.766 35.6576 31.2233 45.6527 39.6954 32.1877 28.3516 24.2586 31.8847 10.0709 21.8138 7.46081 20.0839 13.7863 7.41122 23.7625 13.806 6.79187 7.68348 4.17919 4.81855
internal_count=2000 1388 1302 477 414 825 612 46 796 309 487 275 289 249 207 185 154 424 85 339 60 125 87 44 215 151 64 71 86 42
is_linear=0
shrinkage=0.05


Tree=59
num_leaves=31
num_cat=0
split_feature=7 3 9 2 6 5 4 8 5 7 3 1 0 4 5 6 9 7 0 8 3 9 9 8 4 3 7 9 8 7
split_gain=15.7396 2.78647 3.76916 2.78639 3.45654 2.54158 2.81633 2.64879 3.50901 3.02209 3.13127 2.73824 2.39193 4.07828 5.37065 2.39253 3.1615 3.68336 2.38014 2.25052 2.15398 2.4178 2.46402 2.11399 2.05649 2.05114 1.91712 1.84838 1.75358 1.74876
threshold=0.16607692092657092 0.012426981236785652 15.49504327774048 448.34809875488287 8.5000000000000018 0.19663144648075107 0.12519570440053943 0.033998865634202964 0.45065875351428991 0.34549999237060552 0.033911619335412986 53.34590148925782 185.32576751708987 0.10623472929000856 0.50721323490142833 4.5000000000000009 13.393192291259767 0.46062500774860388 196.89338684082034 0.046063164249062545 0.021106235682964328 12.219153404235842 11.324672698974611 0.01869014743715525 0.099193606525659575 0.022403026930987838 0.23607692122459414 9.9571766853332537 0.046951303258538253 0.42049999535083776
decision_type=2 2 2 2 2 2 2 2 2 2 2 2 2 2 2 2 2 2 2 2 2 2 2 2 2 2 2 2 2 2
left_child=3 18 5 -1 -5 -3 7 11 9 10 -9 12 15 14 23 16 17 -7 -2 29 24 22 28 -14 -11 -10 -13 -17 -22 -8
right_child=1 2 -4 4 -6 6 19 8 25 20 -12 26 13 -15 -16 27 -18 -19 -20 -21 21 -23 -24 -25 -26 -27 -28 -29 -30 -31
leaf_value=0.047019448563467563 0.084065931242650965 -0.029175155984071718 -0.037707942509508888 -0.053461878770448501 0.055084354965182804 0.061834574552319166 -0.0067355851420937383 -0.025239772698297597 0.011367689589228376 -0.054389734984729543 0.018250942402536444 -0.0044677156991550235 0.024533304295600588 0.05804162528375844 0.071496379471046603 0.0011103161659489151 -0.051571569628359626 -0.030702268093043019 -0.0058935046625184454 0.037155016482876863 0.042229527911970093 0.043260409662321753 -0.029264735659616539 -0.038736834403189369 0.021896326071692968 0.068462305774787402 -0.056622947568648475 -0.047295835239282713 -0.00012938013190913212 0.029860624740984623
leaf_weight=18.520401434972886 1.5688866376876824 9.9658449329435808 9.4198391716927272 1.647925611585378 1.3216089401394127 2.7278119996190133 12.447725879028445 20.104105060920123 3.8349531870335332 2.366905052214864 5.2116153165698043 2.4719983823597413 1.6596796978265027 2.9729993622750035 1.7189139630645502 2.5775632336735717 1.8988482840359209 1.7751782946288583 1.383809834718704 6.6774931848049155 4.16412326321006 5.5499263294041148 3.9386978186666957 6.4547015000134706 1.4095475673675535 2.6670644618570805 6.1341518964618444 8.3956774175167066 5.9124137796461582 4.4247241392731658
leaf_count=566 22 88 189 19 27 30 80 181 33 45 33 26 18 18 17 25 23 24 20 41 26 41 27 91 9 25 98 98 33 27
internal_value=-2.86063e-05 -0.00615105 -0.00718768 0.0398102 -0.00515273 -0.00493215 -0.0028759 -0.00675162 0.000288646 -0.00432137 -0.0162866 -0.0167635 -0.00966946 0.00672611 -0.00878863 -0.0217538 0.00253748 0.0253545 0.0419056 0.0125854 0.00865577 0.0153288 0.00426815 -0.0257958 -0.0259162 0.0347873 -0.0416421 -0.0359255 0.0173754 0.00286161
internal_weight=161.325 139.835 136.883 21.4899 2.96953 127.463 117.497 93.9469 55.1594 48.6573 25.3157 38.7875 30.1814 12.8063 9.8333 17.3751 6.40184 4.50299 2.9527 23.5499 23.3416 19.5652 14.0152 8.11438 3.77645 6.50202 8.60615 10.9732 10.0765 16.8725
internal_count=2000 1388 1346 612 46 1157 1069 921 453 395 214 468 344 144 126 200 77 54 42 148 181 127 86 109 54 58 124 123 59 107
is_linear=0
shrinkage=0.05


Tree=60
num_leaves=31
num_cat=0
split_feature=5 9 7 0 9 2 5 5 5 9 2 0 4 0 5 5 6 0 9 5 0 5 8 4 3 5 5 0 1 6
split_gain=14.7838 3.02625 2.77738 2.37594 2.43515 3.26807 3.07187 2.4409 3.12021 3.80229 3.68029 2.56159 4.18273 2.27874 2.96968 4.20923 2.79773 2.13598 2.46283 2.84325 2.11932 2.02409 2.27947 1.95666 1.9463 1.94112 2.07273 2.65924 1.68565 1.62476
threshold=0.52683210372924816 15.49504327774048 0.20145833492279056 251.69226074218753 8.918154716491701 312.43301391601568 0.23084857314825061 0.25463999807834631 0.2932583093643189 10.271853446960451 49.681644439697273 185.32576751708987 0.099193606525659575 181.32503509521487 0.42049057781696325 0.31985129415988928 5.5000000000000009 122.60238647460939 12.254791259765627 0.37280671298503881 186.9056091308594 0.36579407751560217 0.06138866767287255 0.14624729752540591 0.01273762993514538 0.36579407751560217 0.37445355951786047 220.07722473144534 57.951311111450202 6.5000000000000009
decision_type=2 2 2 2 2 2 2 2 2 2 2 2 2 2 2 2 2 2 2 2 2 2 2 2 2 2 2 2 2 2
left_child=1 3 -2 4 21 6 -6 -8 10 29 -9 13 25 14 15 -11 -16 -7 19 -19 -4 22 23 -1 -3 -13 -27 -28 -20 -10
right_child=2 24 20 -5 5 17 7 8 9 11 -12 12 -14 -15 16 -17 -18 18 28 -21 -22 -23 -24 -25 -26 26 27 -29 -30 -31
leaf_value=-0.011314890365903121 0.044269514213923555 0.028742781625531618 -0.029174729436399566 0.038313180962409765 -0.039083069339371425 -0.064537685560626862 0.040225673424280677 0.032874064605967979 0.05585176383313839 0.017739273443950983 -0.046879414578129962 -0.037947701568484024 0.035526604857246721 -0.063052794038800666 0.050537628996883292 -0.04447174447568264 -0.011223156444895912 -0.029700236376348162 -0.0049475932146050613 0.017265315400414098 0.034368224255670717 0.041242498886780166 0.036563906810241645 0.023488317323614626 -0.044922634349553979 0.055410160205612263 -0.029674952489219249 0.040986380273734434 -0.061064836241887091 0.0056022655486228446
leaf_weight=19.470694333314903 19.421560833230618 1.0229153633117656 2.5687876157462588 3.1396839283406726 5.8525754995644084 3.155651235952976 3.3646768853068343 1.8137423731386642 4.1129668913781634 3.9399877302348676 7.1443605739623308 4.1570660658180731 8.4838499799370748 2.2905835956335059 3.1328450310975304 8.7738131545484048 4.4216974657028913 6.8261711895465869 1.869773095473646 6.1042376682162285 2.6825079787522554 3.6306878179311743 4.0095468610525122 5.0952864922583094 7.2640967089682817 1.5834668353199957 4.4497669264674187 1.9000033866614101 4.7068029884248972 2.64201027341187
leaf_count=124 630 16 22 21 71 36 30 14 33 33 74 63 50 21 25 89 43 75 22 46 30 37 21 28 155 15 55 22 75 24
internal_value=-2.84995e-05 -0.00656127 0.0355464 -0.00463738 -0.00573434 -0.00992713 -0.00445133 -0.0011933 -0.00356153 0.00131727 -0.0307318 -0.00414535 0.00861368 -0.0157818 -0.0104396 -0.0251926 0.0143888 -0.0263728 -0.0201988 -0.00752856 0.00328478 0.00607691 0.00160892 -0.00409628 -0.0358297 -0.0102713 0.00423129 -0.00853139 -0.0451103 0.0361982
internal_weight=159.032 134.359 24.6729 126.072 122.932 90.726 68.0634 62.2108 58.8462 49.8881 8.9581 43.1331 20.5742 22.5589 20.2683 12.7138 7.55454 22.6626 19.507 12.9304 5.2513 32.2062 28.5755 24.566 8.28701 12.0903 7.93324 6.34977 6.57658 6.75498
internal_count=2000 1318 682 1147 1126 916 662 591 561 473 88 416 205 211 190 122 68 254 218 121 52 210 173 152 171 155 92 77 97 57
is_linear=0
shrinkage=0.05


Tree=61
num_leaves=31
num_cat=0
split_feature=7 2 5 8 4 6 3 2 2 7 3 0 7 4 5 4 2 0 6 7 3 2 5 9 5 9 4 6 1 5
split_gain=13.8866 2.71628 2.54293 3.05705 2.90996 2.28295 1.94102 1.84187 4.47533 4.43332 4.43566 3.27968 2.04097 3.50714 2.31404 2.41269 3.99171 1.83272 3.36741 2.86194 2.37978 2.96297 4.16388 2.64495 3.3928 1.75259 1.57721 1.57636 1.55237 1.4539
threshold=0.16607692092657092 448.34809875488287 0.57774519920349132 0.033553307875990875 0.14624729752540591 7.5000000000000009 0.013020892161875965 124.57394409179689 151.93528747558597 0.25527778267860418 0.019585103727877144 108.76570510864259 0.32774999737739569 0.084309771656990065 0.45065875351428991 0.0975187122821808 276.39814758300787 177.74542236328128 4.5000000000000009 0.45708334445953375 0.017793171107769016 153.31561279296878 0.40783165395259863 11.618255138397219 0.36579407751560217 12.302980899810793 0.1234254688024521 5.5000000000000009 35.745325088500984 0.20565945655107501
decision_type=2 2 2 2 2 2 2 2 2 2 2 2 2 2 2 2 2 2 2 2 2 2 2 2 2 2 2 2 2 2
left_child=1 -1 3 4 6 -3 -2 9 -9 -5 -11 27 14 -14 15 -10 -17 18 19 -8 -19 23 26 -22 -25 -24 -23 -12 -4 -15
right_child=2 5 28 7 -6 -7 17 8 12 10 11 -13 13 29 -16 16 -18 20 -20 -21 21 22 25 24 -26 -27 -28 -29 -30 -31
leaf_value=0.046444829524890228 0.039202279993514222 -0.056139210156059584 0.053609129329013273 0.052020386579695169 0.023708057351013542 0.033186392392746643 0.030206692775745111 -0.043075444577504458 -0.04737750093930141 -0.055254891301213686 -0.0012120246548696094 0.018881974923939105 -0.037194091345311937 -0.0065737953810745811 0.021360850747886569 0.026050684272055299 -0.03100825753685469 -0.048120250235870694 -0.045919131824910274 -0.032069508709555966 0.057854250085703642 -0.054974446241763814 0.059090408865041716 -0.056567412158401179 0.029571330105733696 -0.003591010082382082 -0.0038239475421889997 -0.048185942193631558 -0.016482656653970206 0.032319853279040286
leaf_weight=17.116178447380666 1.3608164712786663 1.2699030749499791 2.8198389876633878 4.9191397652029982 4.1992954239249221 1.6378314550966022 3.2957897633314159 7.3220827169716349 5.1436677630990806 3.1579627338796881 4.3201073035597828 18.29986684769392 2.889144008979204 3.1129838917404404 4.5731364823877803 5.3384286202490312 7.1980236396193504 3.8952197134494808 14.555086474865673 4.1904515884816647 2.8118202015757587 6.1268236935138685 1.5395427420735348 1.8410201501101253 3.0156610868871212 4.045700017362833 1.9986819028854368 3.0447451770305634 1.0973716638982294 10.532232712954281
leaf_count=566 17 16 69 52 26 30 31 69 74 51 25 122 45 23 31 30 56 69 172 60 15 111 9 28 27 54 11 23 17 71
internal_value=-3.19027e-05 0.0388546 -0.00573033 -0.00690212 -0.0162272 -0.00582503 -0.0196724 -0.000727239 -0.00722324 0.00814984 0.00066249 0.00754295 -0.000455287 0.0128506 -0.0103417 -0.0185419 -0.00671071 -0.0213657 -0.0319031 -0.00465264 -0.0121761 -0.00562725 -0.019548 0.0192621 -0.00308125 0.0136868 -0.0423926 -0.0206318 0.0339735 0.0234468
internal_weight=156.669 20.0239 136.645 132.727 52.8759 2.90773 48.6766 79.8515 46.1097 33.7418 28.8227 25.6647 38.7876 16.5344 22.2533 17.6801 12.5365 47.3158 22.0413 7.48624 25.2745 21.3792 13.7107 7.6685 4.85668 5.58524 8.12551 7.36485 3.91721 13.6452
internal_count=2000 612 1388 1302 630 46 604 672 399 273 221 170 330 139 191 160 86 587 263 91 324 255 185 70 55 63 122 48 86 94
is_linear=0
shrinkage=0.05


Tree=62
num_leaves=31
num_cat=0
split_feature=5 9 7 4 8 0 9 5 1 8 5 4 2 4 9 5 8 2 1 3 0 3 3 4 2 5 3 4 6 5
split_gain=12.9905 2.72808 2.6591 2.4924 2.55366 2.09705 2.19367 2.97305 2.86369 2.68267 2.22963 2.17254 2.28394 2.74638 2.15069 1.86779 2.01678 1.84824 2.02343 1.75764 1.71833 1.68562 2.07272 1.93409 1.87579 2.53071 3.88967 2.05618 2.25318 3.03076
threshold=0.52683210372924816 15.49504327774048 0.18309523910284045 0.075481262058019652 0.020113009028136734 251.69226074218753 8.918154716491701 0.20851960033178332 35.222124099731452 0.028565182350575927 0.45065875351428991 0.096219543367624297 312.43301391601568 0.10592114925384523 10.233850479125978 0.36579407751560217 0.06138866767287255 168.16127014160159 64.640247344970717 0.01273762993514538 177.00214385986331 0.031678734347224242 0.030453242361545566 0.10075085237622262 34.821166992187507 0.30126973986625677 0.026566058397293094 0.097751278430223479 7.5000000000000009 0.36579407751560217
decision_type=2 2 2 2 2 2 2 2 2 2 2 2 2 2 2 2 2 2 2 2 2 2 2 2 2 2 2 2 2 2
left_child=1 5 -2 -4 -5 6 15 -8 21 -10 11 14 -13 -14 -11 16 17 -1 -19 -3 -20 22 24 -23 -9 26 -26 28 29 -27
right_child=2 19 3 4 -6 -7 7 8 9 10 -12 12 13 -15 -16 -17 -18 18 20 -21 -22 23 -24 -25 25 27 -28 -29 -30 -31
leaf_value=-0.016916431452879525 0.045400001827099128 0.026043776647071876 -0.042544140681227541 -0.022380752280017249 0.052893865197256168 0.036308387845356754 -0.048564003722936219 0.054096763700878681 -0.040340236419790468 0.021738905933352648 0.015976497695419242 0.014758523677797923 0.011751271000256207 -0.049608390752670831 -0.051233139796951301 0.040180008589515814 0.034763198077929415 0.043590394024840037 -0.024930666538762247 -0.043847735272117591 0.020670497706684846 0.048115419798387973 -0.041752739390374681 0.0033707321308245118 -0.060764200782116654 -0.033119044385746969 0.015171710067222939 0.021206086287969821 -0.047496492447715449 0.024485491438150483
leaf_weight=12.721411034464845 16.382640134543184 1.0357602313160885 1.7867961209267367 1.7396663576364515 3.1976415570825338 3.0989276096224776 4.5943052303045979 1.5127399880439067 9.5478554870933277 1.2059229351580203 6.513596609234809 6.8927111215889436 3.0449314322322607 4.5465880408883095 6.2063179984688759 3.5344068501144639 3.9502349346876136 3.3297824412584296 4.213655546307562 6.8396864607930183 4.05280901491642 3.6365638636052591 3.3213682547211638 7.1901656351983547 4.0844827815890339 3.6588728521019238 2.8722997717559338 10.596201462671159 2.8827900514006606 6.0738669149577618
leaf_count=83 602 16 19 14 47 21 60 14 145 9 45 45 34 39 119 37 21 18 32 155 19 26 28 54 55 48 24 82 31 58
internal_value=-3.48884e-05 -0.00612494 0.0345334 0.00805801 0.0263708 -0.00430236 -0.0053495 -0.00940161 -0.00725422 -0.0174112 -0.00970537 -0.017345 -0.00607839 -0.0249972 -0.0393611 0.00591169 0.00162703 -0.00375571 0.010682 -0.0346558 -0.00257373 0.00115824 -0.00417482 0.0183999 -0.000235265 -0.00295964 -0.029412 0.00496838 -0.0086702 0.00282996
internal_weight=154.265 131.158 23.1067 6.7241 4.93731 123.283 120.184 88.3816 83.7873 37.9579 28.4101 21.8965 14.4842 7.59152 7.41224 31.8023 28.2679 24.3177 11.5962 7.87545 8.26646 45.8294 35.0026 10.8267 31.6813 30.1685 6.95678 23.2117 12.6155 9.73274
internal_count=2000 1318 682 80 61 1147 1126 916 856 436 291 246 118 73 128 210 173 152 69 171 51 420 340 80 312 298 79 219 137 106
is_linear=0
shrinkage=0.05


Tree=63
num_leaves=31
num_cat=0
split_feature=7 2 4 2 5 7 8 8 4 6 5 9 3 0 1 2 2 9 0 7 5 2 4 3 4 3 5 1 4 8
split_gain=12.1747 2.67908 2.26425 3.97934 3.36196 2.53526 2.3147 2.12122 2.37622 2.0744 1.65641 1.74801 4.70406 3.16738 2.54471 1.49498 1.41995 2.98288 1.82296 1.56901 2.28383 5.08049 3.80228 3.37523 2.44369 2.24153 3.37804 3.56795 2.06119 1.97895
threshold=0.16607692092657092 448.34809875488287 0.071328535676002516 120.70887756347658 0.5580311417579652 0.33527778089046484 0.050779974088072784 0.033553307875990875 0.14624729752540591 7.5000000000000009 0.19933389872312549 11.881628513336183 0.023992091417312626 159.81677246093753 32.038286209106452 300.12550354003912 51.916131973266609 9.8275189399719256 108.76570510864259 0.32774999737739569 0.2932583093643189 168.16127014160159 0.093255408108234419 0.024622764438390735 0.10356923565268518 0.038944944739341743 0.33575668931007391 72.56702041625978 0.12095094472169877 0.035480394959449775
decision_type=2 2 2 2 2 2 2 2 2 2 2 2 2 2 2 2 2 2 2 2 2 2 2 2 2 2 2 2 2 2
left_child=1 -1 3 5 7 -2 -7 8 10 -3 -4 12 -12 -14 -15 -16 17 -9 -18 25 21 24 23 -22 -21 26 -20 29 -23 -28
right_child=2 9 4 -5 -6 6 -8 16 -10 -11 11 -13 13 14 15 -17 18 -19 19 20 22 28 -24 -25 -26 -27 27 -29 -30 -31
leaf_value=0.045842067223888228 0.067749549576177834 -0.053680401890336044 -0.059080486847661089 -0.057297059758168567 0.039915361183542414 -0.054756048978549798 0.026982973613056106 0.05661349715640919 0.022595258496380596 0.031839903016668773 0.049416833242142348 -0.025212299493618862 -0.036288379060099976 0.050479167748140479 -0.039161317598556483 0.013088417529169092 -0.030759272092173745 -0.013438151937333179 -0.035559134643494313 0.00017443347246034918 -0.054302002268492605 0.0064856828672263458 0.045085068727711633 0.035289323830761735 -0.052660749362362563 0.032147371281941103 0.058652490509154311 -0.044849174996955787 0.05979593910548673 0.0041044841997320307
leaf_weight=15.805219678208234 1.2162483297288398 1.2912020199000829 2.217671798542141 5.413111250847578 4.3098289817571631 1.8326844312250616 1.6422219853848217 3.202173523604869 4.159709319472312 1.5728005692362783 3.3917162660509375 19.746351694688201 8.5762442704290169 2.4055084586143485 2.5553513169288635 2.9488393515348434 5.0390496384352437 2.8921381309628487 9.6792682316154259 3.9595381710678392 2.2953791413456193 4.8481530714780083 8.1894320398569089 1.9395674690604208 4.8927042745053768 3.2923970818519583 1.8804720640182555 3.5600953064858905 2.8963718488812447 14.358649559319018
leaf_count=566 21 16 33 115 88 36 16 22 26 30 27 281 96 15 24 25 40 22 82 38 45 38 46 13 32 22 18 29 16 122
internal_value=-3.72262e-05 0.0377793 -0.00533196 -0.0280865 -0.0034663 0.00561946 -0.0161266 -0.00503842 -0.0134461 -0.00671592 -0.0170292 -0.0146757 -0.00420861 -0.0152412 0.00757965 -0.0111688 0.000265157 0.0233695 -0.00184173 0.000516457 0.00898295 -0.0031529 0.0251943 -0.01327 -0.029028 -0.00698128 -0.0113515 0.000482942 0.0264232 0.0104211
internal_weight=152.01 18.6692 133.341 10.1043 123.237 4.69115 3.47491 118.927 46.0014 2.864 41.8417 39.624 19.8777 16.4859 7.9097 5.50419 72.9254 6.09431 66.8311 61.792 29.0211 16.5968 12.4244 4.23495 8.85224 32.7709 29.4785 19.7992 7.74452 16.2391
internal_count=2000 612 1388 188 1200 73 52 1112 527 46 501 468 187 160 64 49 585 44 541 501 228 124 104 58 70 273 251 169 54 140
is_linear=0
shrinkage=0.05


Tree=64
num_leaves=31
num_cat=0
split_feature=5 7 4 1 9 0 9 5 5 1 8 5 4 3 3 1 9 5 7 0 0 9 4 9 3 9 3 0 7 3
split_gain=11.4388 2.73257 2.94929 7.61501 2.45627 1.847 2.01539 3.83269 2.93078 2.91137 2.24359 2.04141 1.83125 1.7942 1.68486 1.75056 1.68976 2.1715 2.77741 2.19567 1.56331 2.28254 2.3586 2.07137 1.62435 1.91091 2.03922 1.52203 1.49218 1.61824
threshold=0.52683210372924816 0.36249999701976782 0.069825921207666411 34.312692642211921 15.49504327774048 251.69226074218753 9.3630943298339862 0.38142493367195135 0.21866326779127124 35.222124099731452 0.028565182350575927 0.45065875351428991 0.085210260003805174 0.012426981236785652 0.025912335142493251 10.06292247772217 8.6929473876953143 0.21053409576416018 0.26267856359481817 172.61579895019534 190.00518035888675 13.393192291259767 0.12981983274221423 12.539570331573488 0.017793171107769016 13.74346971511841 0.026291212067008022 102.5777931213379 0.4277500063180924 0.031984204426407821
decision_type=2 2 2 2 2 2 2 2 2 2 2 2 2 2 2 2 2 2 2 2 2 2 2 2 2 2 2 2 2 2
left_child=4 2 3 -2 5 6 7 14 -8 20 -11 12 -12 -6 -1 -16 17 19 -19 -17 21 22 23 27 -22 26 -26 -10 29 -29
right_child=1 -3 -4 -5 13 -7 8 -9 9 10 11 -13 -14 -15 15 16 -18 18 -20 -21 24 -23 -24 -25 25 -27 -28 28 -30 -31
leaf_value=0.029593194423600196 0.041529574467689123 -0.070804926893902526 0.044618567048869594 -0.12807877462203057 0.029372788367484005 0.034328000141496916 -0.050735277800227234 0.058492313848582937 -0.047362795473018637 -0.040444089250848837 -0.055141298256285658 0.014088035452929575 -0.012257073762423958 -0.043131787803096309 0.031887625143765287 -0.052189745141151059 -0.032363739699719556 -0.027367639596218841 0.021478242533724313 0.003087451819097321 -0.029643683780850111 -0.039708639757259995 0.044378869555725793 0.028350343217421616 -0.018301233373051451 0.050955049519795875 0.0340454744150765 -0.025414479508029827 0.023406225798399335 0.017317640927475581
leaf_weight=4.1839407235383979 2.2966460250318117 0.60893377661704917 17.779156448319554 0.92967017367482174 0.98289807140827079 3.0649670511484137 4.0933103635907164 3.0200742073357096 2.6015626862645282 8.4604012463241798 2.9363111034035745 6.2539734132587901 16.355612521991134 6.4691396113485098 3.0323076043278006 3.5913325920701089 5.7153423186391583 3.927169505506753 11.238243844360111 3.5944666564464569 1.701251396909355 4.0545840561389914 2.7548892796039572 3.868755303323268 3.7242728695273382 3.9280207343399525 3.7176656983792782 8.6168338339775783 3.3614528812468043 2.9822932928800574
leaf_count=24 71 3 594 14 15 21 61 41 35 138 73 42 160 156 22 30 44 23 63 18 23 58 19 41 31 33 25 76 25 21
internal_value=-3.77156e-05 0.0336106 0.0366375 -0.00734345 -0.00570941 -0.0039905 -0.00498822 0.00443199 -0.00953192 -0.00729264 -0.0181276 -0.0107367 -0.0187842 -0.0335687 -0.00019537 -0.00420303 -0.00810226 -0.00189845 0.00882933 -0.0245391 0.0016263 -0.00499098 0.000829206 -0.004769 0.0159229 0.0227409 0.00784888 -0.0120648 -0.00592672 -0.0144275
internal_weight=149.845 21.6144 21.0055 3.22632 128.231 120.779 117.714 38.3029 79.4112 75.3179 34.0063 25.5459 19.2919 7.45204 35.2828 31.0989 28.0666 22.3512 15.1654 7.1858 41.3116 28.2404 24.1858 21.4309 13.0712 11.37 7.44194 17.5621 14.9606 11.5991
internal_count=2000 682 679 85 1318 1147 1126 265 861 800 413 275 233 171 224 200 178 134 86 48 387 275 217 198 112 89 56 157 122 97
is_linear=0
shrinkage=0.05


Tree=65
num_leaves=31
num_cat=0
split_feature=7 2 8 5 4 8 8 1 0 7 6 2 7 5 3 4 0 5 9 1 7 1 8 4 4 6 3 9 9 3
split_gain=10.7253 2.64252 2.03841 3.38795 2.73033 4.14541 2.82338 2.63357 3.50088 3.12441 2.85632 2.46894 2.59173 2.27974 3.34892 2.91368 3.53664 2.11734 2.08791 2.07065 2.06491 2.03598 1.93513 2.67599 1.87886 1.84347 1.51963 1.47966 1.58767 2.45888
threshold=0.16607692092657092 448.34809875488287 0.040350284427404411 0.58775746822357189 0.0975187122821808 0.017482198774814609 0.012921773362904789 102.75376892089845 155.17555236816409 0.42049999535083776 6.5000000000000009 42.91662788391114 0.23436507582664493 0.42749039828777319 0.028497500345110897 0.089603852480649962 191.14852142333987 0.32300840318202978 11.923055171966555 25.593830108642582 0.29522725939750677 51.429656982421882 0.034148240461945541 0.13289438933134082 0.1283414885401726 7.5000000000000009 0.022403026930987838 8.918154716491701 10.688391685485842 0.024286206811666492
decision_type=2 2 2 2 2 2 2 2 2 2 2 2 2 2 2 2 2 2 2 2 2 2 2 2 2 2 2 2 2 2
left_child=1 -1 3 4 6 -6 -2 8 10 17 22 -8 18 14 24 -16 -17 -10 -13 -15 21 -19 23 -7 27 -3 -21 -4 -29 -30
right_child=2 25 13 -5 5 7 11 -9 9 -11 -12 12 -14 19 15 16 -18 20 -20 26 -22 -23 -24 -25 -26 -27 -28 28 29 -31
leaf_value=0.045252926593368867 0.028481222362420344 -0.050712172651494407 0.017107363411550534 0.053640495154109007 -0.054028082562526149 -0.035252563732178457 0.029240169029767501 -0.037763868887821926 -0.024144866604355476 0.053506624867460134 -0.041489251997219478 0.037948597970938219 -0.042271035204112337 0.058948088613479936 0.045025429137731249 -0.008357368658042659 0.039554194068771018 0.024885722952069866 -0.023075553528370638 -0.020806686656488646 0.051576238677595032 -0.026350673499695144 0.042840382254451401 0.025175723166985988 0.02989067782652028 0.030280685703729313 0.034172221225596447 -0.05637936535979339 -0.036678577445027741 0.01040175603839634
leaf_weight=14.66720098257065 2.3747427277267006 1.3192339092493051 2.0530358627438607 2.0140826459974042 3.7977696973830453 4.2472380790859443 1.7411792334169174 4.0106094926595679 3.9202617984265116 4.8759479727596036 5.5983603410422793 1.9108068645000482 18.324965033680201 3.0962720960378629 4.7325404435396221 17.951905846595768 4.9038162380456916 4.9581136107444745 5.2605946566909552 2.487489240244031 3.3318107239902011 3.1840575318783522 2.3495236095041037 3.2218367978930473 1.871578350663184 1.5029670149087904 2.5404864475131035 3.7545614615082732 7.4134505260735732 4.4308677725493908
leaf_count=566 29 16 12 52 38 54 17 33 31 33 65 12 370 49 29 107 33 35 58 27 23 23 15 23 11 30 18 31 123 37
internal_value=-3.86587e-05 0.0367276 -0.00497138 -0.0103327 -0.0120952 -0.0041224 -0.0238059 0.000651936 0.0049692 0.0186267 -0.0129877 -0.0283646 -0.0322985 0.00232016 -0.00189805 0.0093163 0.00192231 0.00757895 -0.00681578 0.0267812 0.0184179 0.00484934 0.00326325 -0.00918641 -0.0177448 -0.00757931 0.00697252 -0.0227955 -0.0280473 -0.0190662
internal_weight=147.847 17.4894 130.358 75.1219 73.1078 43.4955 29.6123 39.6978 35.6872 20.2702 15.417 27.2375 25.4964 55.236 47.1118 27.5883 22.8557 15.3942 7.1714 8.12425 11.474 8.14217 9.8186 7.46907 19.5235 2.8222 5.02798 17.6519 15.5989 11.8443
internal_count=2000 612 1388 911 859 373 486 335 302 145 157 457 440 477 383 169 140 112 70 94 81 58 92 77 214 46 45 203 191 160
is_linear=0
shrinkage=0.05


Tree=66
num_leaves=31
num_cat=0
split_feature=5 7 4 1 9 3 9 8 4 2 5 3 0 4 8 3 6 5 3 7 1 6 2 4 4 5 5 4 5 8
split_gain=10.075 2.50559 2.80596 6.82076 2.23074 1.82107 1.73302 1.98064 3.3658 2.53056 2.61251 2.27848 2.49662 1.72129 2.13482 2.0628 1.75546 2.42877 2.48177 2.34119 2.11691 2.51842 2.48262 2.98635 1.93011 2.05795 3.27368 1.90674 1.82793 1.99534
threshold=0.52683210372924816 0.36249999701976782 0.069825921207666411 34.312692642211921 15.49504327774048 0.012292237952351572 15.196039676666262 0.026563784107565883 0.14906157553195956 34.821166992187507 0.19663144648075107 0.038944944739341743 138.32386016845706 0.12616813927888873 0.046063164249062545 0.031047980301082138 7.5000000000000009 0.36579407751560217 0.035342745482921607 0.34225000441074377 25.593830108642582 4.5000000000000009 153.31561279296878 0.096219543367624297 0.080180499702692046 0.29238048195838934 0.31985129415988928 0.091047491878271117 0.45776180922985082 0.046571103855967529
decision_type=2 2 2 2 2 2 2 2 2 2 2 2 2 2 2 2 2 2 2 2 2 2 2 2 2 2 2 2 2 2
left_child=4 2 3 -2 6 -6 7 8 -1 -9 -11 13 -13 16 15 -15 17 18 19 -12 -19 -22 -23 -24 -21 27 -27 -26 29 -18
right_child=1 -3 -4 -5 5 -7 -8 9 -10 10 11 12 -14 14 -16 -17 28 20 -20 24 21 22 23 -25 25 26 -28 -29 -30 -31
leaf_value=-0.024390592058882624 0.040756262188078519 -0.069137840308459056 0.043899975188765109 -0.12121170339858747 0.032943086044556681 -0.042412509574243473 0.04121680414127047 0.048793755817167578 0.03967786740551308 -0.030790613117917455 -0.03589436702943332 -0.0024024247390389353 0.046967100999355166 0.024883608938509022 0.044286049814169941 -0.032205467432390333 -0.04113103422114877 0.043661304766703657 0.041363428447926773 -0.044560623480309342 -0.040299786115811885 0.058546855685464708 -0.033073431418064216 0.036326498888527209 0.028394763689083519 0.055856581780766745 -0.012233843764617704 -0.027393648527252169 0.00855729016534219 -0.0019715023052749628
leaf_weight=20.121196918189529 2.1588608343154259 0.5864909440278997 16.55945753492415 0.93001577630639065 0.92186103016137977 6.1531264949589968 2.1100317779928437 2.4535388257354489 2.2824665661901227 7.5708422865718594 8.2576594781130606 5.1871015280485135 5.0577020607888699 3.3181050755083543 4.0050017088651657 3.0246910452842712 9.4963242094963807 4.5498482063412657 2.2052707038819781 2.4901986643672016 2.5639337915927163 2.4663946256041509 3.3253257554024458 2.9036642573773861 2.0195861961692554 3.6297262925654641 3.4365152735263109 6.3385849148035049 4.5723976958543053 4.9478918630629769
leaf_count=256 71 3 594 14 14 157 33 18 15 65 84 38 34 27 24 21 117 43 16 48 24 16 36 21 23 26 32 55 36 39
internal_value=-3.90728e-05 0.0326995 0.0357393 -0.00800993 -0.00532147 -0.0325938 -0.0036909 -0.0045062 -0.0178634 -0.0013166 -0.00266225 -0.000120892 0.0219706 -0.00319797 0.0157058 -0.00234048 -0.00629294 -0.00082635 -0.00957587 -0.013868 0.0148791 0.0032483 0.016089 -0.000722425 -0.00371506 0.00287927 0.0227423 -0.0139135 -0.018995 -0.0277169
internal_weight=145.644 20.2348 19.6483 3.08888 125.409 7.07499 118.334 116.224 22.4037 93.8203 91.3668 83.7959 10.2448 73.5511 10.3478 6.3428 63.2033 44.1867 28.3775 26.1723 15.8092 11.2593 8.69538 6.22899 17.9146 15.4244 7.06624 8.35817 19.0166 14.4442
internal_count=2000 682 679 85 1318 171 1147 1114 271 843 825 760 72 688 72 48 616 424 284 268 140 97 73 57 184 136 58 78 192 156
is_linear=0
shrinkage=0.05


Tree=67
num_leaves=31
num_cat=0
split_feature=7 2 3 9 0 5 4 1 0 8 8 8 8 5 7 5 0 4 6 2 4 2 5 2 5 7 7 9 2 2
split_gain=9.47524 2.55552 1.91298 2.76577 2.17407 2.07421 2.04793 2.13755 3.45205 2.7425 2.0028 1.7593 1.75456 2.06031 2.709 2.77674 2.26578 1.83815 1.65002 1.59416 1.896 1.57854 1.86817 1.53602 2.22833 1.54173 1.45672 1.38466 1.35895 2.29329
threshold=0.16607692092657092 448.34809875488287 0.012426981236785652 15.49504327774048 196.89338684082034 0.19663144648075107 0.12519570440053943 31.168976783752445 196.89338684082034 0.026563784107565883 0.032570911571383483 0.046063164249062545 0.028179918415844444 0.45065875351428991 0.32774999737739569 0.36995278298854833 195.32550048828128 0.089290585368871703 7.5000000000000009 276.39814758300787 0.10524655506014825 120.70887756347658 0.43268631398677831 166.88418579101565 0.34076623618602758 0.26816667616367346 0.39708334207534796 11.806501865386965 42.91662788391114 69.341140747070327
decision_type=2 2 2 2 2 2 2 2 2 2 2 2 2 2 2 2 2 2 2 2 2 2 2 2 2 2 2 2 2 2
left_child=1 -1 4 5 -2 -4 7 8 9 -7 -10 23 -9 14 19 17 -15 -16 -3 20 -14 22 -5 24 -8 -25 -19 -12 -11 -30
right_child=2 18 3 21 -6 6 11 12 10 28 27 -13 13 16 15 -17 -18 26 -20 -21 -22 -23 -24 25 -26 -27 -28 -29 29 -31
leaf_value=0.044636384366987004 0.079691970324300754 -0.047765428442724897 -0.026660223687778352 -0.052265248652096245 -0.01038693574762488 -0.034497076147034032 -0.036970162403139543 -0.029603703871298837 0.061813627748170723 0.032611467446800185 0.047892114846193642 0.034209711104568462 -0.038921130840610683 -0.016973649551103462 -0.050088018616224 0.063143477636496137 0.046958087498800087 -0.023881367902652405 0.029083817105287037 -0.044564313165592909 0.0083039518689772187 -0.053814360757752457 0.02699966388129036 -0.010542468297161753 0.019740458206243601 0.033122804067006677 0.019380297803229748 -0.0029606656747345871 -0.025358311937564073 0.0091931682585131014
leaf_weight=13.628086807206275 1.4162465538829558 1.3438450619578355 9.0479578301310521 1.3046128563582891 1.2709412705153225 6.2670436445623663 4.3002495355904129 11.50076421163976 3.1932019460946304 3.2553768977522877 1.9550678208470342 6.2809593975543967 3.7631284054368752 2.3709423206746569 1.846292970702051 1.7553154323250044 3.3356670569628477 2.9318727813661081 1.4544243384152649 6.8318153880536547 4.8835079930722713 4.4805155545473099 1.7278798855841158 3.1941398680210096 2.9005189836025238 5.5064452216029167 5.7858983967453241 4.2453065328299999 7.1067514214664724 14.811692198738454
leaf_count=566 22 16 88 38 20 86 28 170 30 24 16 41 56 18 43 18 25 28 30 87 30 114 37 20 24 35 45 40 75 130
internal_value=-3.84622e-05 0.0356999 -0.0046511 -0.00555139 0.037088 -0.00366412 -0.00173796 -0.00523767 0.00304561 -0.00490066 0.0296423 0.011805 -0.0127533 -0.00696923 -0.0125871 0.00490892 0.0203962 -0.00476728 -0.00782238 -0.0265122 -0.012249 -0.0349593 -0.007101 0.00295518 -0.0141267 0.0170925 0.00483097 0.013074 0.0024674 -0.00200967
internal_weight=143.696 16.4264 127.27 124.583 2.68719 117.07 108.022 85.8396 40.8344 31.4409 9.39358 22.1823 45.0052 33.5044 27.7978 12.3194 5.70661 10.5641 2.79827 15.4785 8.64664 7.51301 3.03249 15.9014 7.20077 8.70059 8.71777 6.20037 25.1738 21.9184
internal_count=2000 612 1388 1346 42 1157 1069 921 401 315 86 148 520 350 307 134 43 116 46 173 86 189 75 107 52 55 73 56 229 205
is_linear=0
shrinkage=0.05


Tree=68
num_leaves=31
num_cat=0
split_feature=5 7 4 1 9 5 6 1 8 2 8 9 0 4 6 5 0 0 3 3 4 3 6 5 9 5 7 9 0 3
split_gain=9.0057 2.31188 2.66827 6.01378 2.09467 3.1286 2.54071 2.32773 2.46371 1.95658 1.91571 2.71341 1.80661 1.81057 1.7421 2.88514 1.72573 2.50783 1.83773 1.65338 2.10717 2.72294 1.89196 1.56584 2.07088 2.46772 1.93599 1.73292 1.84027 1.68681
threshold=0.52683210372924816 0.36249999701976782 0.069825921207666411 34.312692642211921 10.838040828704836 0.33056472241878515 5.5000000000000009 35.222124099731452 0.012921773362904789 470.01081848144537 0.060981422662734992 14.71069383621216 256.25631713867193 0.0975187122821808 8.5000000000000018 0.45065875351428991 116.28243637084962 119.72873306274415 0.024286206811666492 0.031779846176505096 0.091274309903383269 0.023691140115261081 7.5000000000000009 0.28250834345817571 9.463076591491701 0.24621741473674777 0.4053571373224259 7.3144080638885507 180.07196044921878 0.030760708265006546
decision_type=2 2 2 2 2 2 2 2 2 2 2 2 2 2 2 2 2 2 2 2 2 2 2 2 2 2 2 2 2 2
left_child=4 2 3 -2 5 23 -7 8 -6 -8 11 16 13 14 -9 -16 18 -18 -10 20 22 -22 -19 24 27 -26 -25 -1 29 -29
right_child=1 -3 -4 -5 7 6 9 12 10 -11 -12 -13 -14 -15 15 -17 17 19 -20 -21 21 -23 -24 26 25 -27 -28 28 -30 -31
leaf_value=-0.012303806041899044 0.03972055366832572 -0.067539957977559031 0.043246952513771947 -0.11389768383324664 0.045981582044403897 0.045593300842447337 0.016452069668765258 -0.048505204412142212 0.012203453032731196 -0.030720426608385948 0.025560344160585821 -0.041694909736282093 0.026826895436411837 -0.011550682116250991 -0.05377556637764145 0.04104918498845718 0.070843693040437389 -0.015422782598614713 -0.047867366388762683 0.027818488589324869 0.030832377707507255 -0.025779322794962145 -0.082934230254932809 -0.032820606606882519 -0.059689099671840967 0.0065319779266152095 0.01397061788473093 0.032554848843452368 0.041033711903472624 -0.010538758123221952
leaf_weight=7.7462230771780076 2.0263157729059524 0.56684242188930412 15.55337838642299 0.92925943620502938 2.3897204268723717 5.9627609439194229 10.006137790158389 10.217353928834205 1.9181952867657006 2.8170108944177619 4.0967721398919812 5.7762939482927314 1.73926431685686 11.775444416329263 1.6012665946036571 1.6074014883488414 1.2960695419460559 3.5512658115476397 3.7864226549863815 3.8209675811231127 4.7698845379054529 3.8292413093149662 1.4662271551787851 8.9741293862462026 2.8409320805221787 2.7869181670248508 2.9331536628305903 3.4630930349230749 5.1567746028304091 6.5957456659525633
leaf_count=45 71 3 594 14 25 54 92 230 28 23 35 129 16 116 40 15 10 55 46 23 33 29 18 71 35 24 22 22 31 51
internal_value=-3.89291e-05 0.0319251 0.0349713 -0.0085784 -0.0049992 0.00176341 0.018628 -0.0112986 -0.00310587 0.00608914 -0.00652472 -0.0108751 -0.0224596 -0.025861 -0.0384121 -0.00627254 -0.00359046 0.00374154 -0.0276684 -0.00124591 -0.00940169 0.00562285 -0.0351512 -0.00605981 0.000285225 -0.0268963 -0.0212944 0.00694731 0.016748 0.00429766
internal_weight=142 19.0758 18.509 2.95558 122.925 59.2829 18.7859 63.6418 36.7011 12.8231 34.3113 30.2146 26.9407 25.2015 13.426 3.20867 24.4383 18.7337 5.70462 17.4376 13.6166 8.59913 5.01749 40.497 28.5897 5.62785 11.9073 22.9618 15.2156 10.0588
internal_count=2000 682 679 85 1318 470 169 848 431 115 406 371 417 401 285 55 242 168 74 158 135 62 73 301 208 59 93 149 104 73
is_linear=0
shrinkage=0.05


Tree=69
num_leaves=31
num_cat=0
split_feature=5 7 4 1 9 5 6 5 2 0 5 7 3 0 1 7 8 8 8 4 7 2 8 4 2 1 2 7 1 3
split_gain=8.45 2.29678 2.21641 5.9964 1.88635 3.05059 2.2757 1.97004 2.70906 3.34071 2.46217 3.47548 2.38733 2.62277 3.33074 2.35896 2.36848 2.10314 2.34237 2.04918 1.8602 1.74581 1.6988 1.61086 1.5714 2.15227 1.52278 2.30981 3.1743 2.08885
threshold=0.54900166392326366 0.36249999701976782 0.068457640707492842 35.594196319580085 10.838040828704836 0.33056472241878515 5.5000000000000009 0.42049057781696325 135.28517913818362 195.32550048828128 0.43533453345298773 0.24791666865348819 0.02099208161234856 116.28243637084962 34.99682807922364 0.43320512771606451 0.046063164249062545 0.035059168934822089 0.04097342677414418 0.082025259733200087 0.19944444298744204 470.01081848144537 0.028179918415844444 0.11121446639299394 160.7985534667969 43.700532913208015 168.16127014160159 0.34549999237060552 64.640247344970717 0.027728961780667308
decision_type=2 2 2 2 2 2 2 2 2 2 2 2 2 2 2 2 2 2 2 2 2 2 2 2 2 2 2 2 2 2
left_child=4 2 3 -2 5 26 -7 12 10 24 -9 -12 -6 -14 15 16 22 -16 -19 -11 -21 -8 -15 -20 -10 -26 29 -28 -29 -1
right_child=1 -3 -4 -5 7 6 21 8 9 19 11 -13 13 14 17 -17 -18 18 23 20 -22 -23 -24 -25 25 -27 27 28 -30 -31
leaf_value=-0.043972585348641811 0.052310978898510919 -0.066405923246158807 0.045407394119393658 -0.12145647907597282 -0.036733179037909229 0.043968394317507854 0.016454447544628374 0.078047031559857385 -0.069626895193996133 -0.033197974029560137 0.04055167287208656 -0.037362607536152115 -0.042602318747168438 -0.060744866960087941 -0.054214506908211058 0.037569257544407861 0.035740208536956419 0.041172653122993202 -0.042937849103880099 -0.0045641878763518001 0.04982960845063486 -0.027744238695978658 -0.0022829694298026715 0.014219708920850341 0.014379430723845491 -0.047842565887586279 -0.018222956423504147 0.055849673120356158 -0.00034566677743158537 -0.0065769697005544428
leaf_weight=4.7306567691266563 1.4055904541164612 0.54816988110542375 13.268669631332157 0.76759472675621498 11.138071903958915 6.0009953044354942 10.195675512775777 1.7252614330500389 2.2185842841863659 1.9586130063980798 3.6866382099688053 2.3395523354411125 5.0164511147886541 1.9142958968877808 3.6906246412545425 5.8349727261811495 2.5291656851768494 1.824312465265393 3.7390208300203085 2.8624062947928905 3.4861110970377922 2.8611471857875577 3.5414307601749897 1.8389360308647154 2.5205598417669535 3.0979121588170528 6.623999739065769 3.8405787013471109 7.2696325294673443 17.729491181671619
leaf_count=44 58 3 561 12 277 57 98 11 21 35 59 32 65 20 85 41 16 23 49 21 28 25 32 13 23 34 48 25 54 130
internal_value=-4.1211e-05 0.0341708 0.0377412 -0.00906574 -0.00444528 0.00200644 0.0184826 -0.0103298 0.00108485 -0.0105806 0.0253809 0.010303 -0.0169716 -0.00961745 -0.00297559 0.0134039 -0.004255 -0.0233816 -0.00800898 0.0115112 0.0253046 0.00676917 -0.022796 -0.0240942 -0.0339976 -0.0199285 -0.0058056 0.00514674 0.0190799 -0.0144534
internal_weight=140.205 15.99 15.4419 2.17319 124.215 59.2522 19.0578 64.9629 23.8956 16.1442 7.75145 6.02619 41.0673 29.9292 24.9128 13.8199 7.98489 11.0929 7.40227 8.30713 6.34852 13.0568 5.45573 5.57796 7.83706 5.61847 40.1944 17.7342 11.1102 22.4601
internal_count=2000 634 631 70 1366 481 180 885 264 162 102 91 621 344 279 109 68 170 85 84 49 123 52 62 78 57 301 127 79 174
is_linear=0
shrinkage=0.05


Tree=70
num_leaves=31
num_cat=0
split_feature=7 2 3 9 0 5 4 9 2 0 5 3 8 8 8 3 4 3 3 3 8 8 5 2 4 6 8 8 7 0
split_gain=7.99171 2.39367 1.68362 2.47056 1.95914 1.85649 1.77769 1.98142 2.36007 2.43349 2.17359 2.37151 1.94099 1.69554 2.49177 1.89341 2.8847 4.23851 2.18171 1.96369 1.61981 1.56496 1.55019 1.54837 1.52699 1.52486 1.47317 3.02454 1.49179 2.40072
threshold=0.16607692092657092 448.34809875488287 0.012426981236785652 15.49504327774048 196.89338684082034 0.19663144648075107 0.12519570440053943 15.301940917968752 153.31561279296878 251.69226074218753 0.46441236138343817 0.041789060458540923 0.038975019007921226 0.026563784107565883 0.028892605565488342 0.02099208161234856 0.08729011565446855 0.024352495558559898 0.028497500345110897 0.02931705862283707 0.046063164249062545 0.032344043254852302 0.37280671298503881 511.19273376464849 0.099931538105011 7.5000000000000009 0.035480394959449775 0.034148240461945541 0.23607692122459414 187.62213897705081
decision_type=2 2 2 2 2 2 2 2 2 2 2 2 2 2 2 2 2 2 2 2 2 2 2 2 2 2 2 2 2 2
left_child=1 -1 4 5 -2 -4 7 8 10 12 11 13 23 -7 -15 22 18 -18 -17 -19 -8 -12 -16 26 -21 -3 27 28 29 -10
right_child=2 25 3 -5 -6 6 20 -9 9 -11 21 -13 -14 14 15 16 17 19 -20 24 -22 -23 -24 -25 -26 -27 -28 -29 -30 -31
leaf_value=0.043834864083665659 0.077242176454904346 -0.045520967684924848 -0.025401497203500989 -0.034122571622738324 -0.010363862983736125 -0.02841125429903494 0.0026680039946072511 0.041426112913788879 -0.050399046102498207 0.032962870096882528 0.0055921128972738852 0.047370773777746039 -0.0048098193591197026 0.050929001156708731 -0.058053680852978018 0.0034269007742114554 0.044738820666512052 -0.046204607476413195 0.065859234068577618 0.019693325739166996 0.032965827719263235 0.065502446005440515 0.0086743311128968138 0.021537654271616722 -0.021207789633836668 0.028774968397590396 -0.058412655323213429 0.051767906201309166 -0.043737956543571904 0.019517583298051852
leaf_weight=12.274551028385757 1.351698508486151 1.3556729294359677 8.7898825220763666 6.9082340635359278 1.2089442051947115 6.3453909866511813 15.549403980374338 2.2553894668817511 2.1081628836691442 2.4651120901107779 2.1873991526663294 2.3043046258389941 15.175278630107639 2.2270090505480793 2.6479824725538523 2.9988496694713858 3.0950469858944443 4.7233062870800486 2.6235022097826004 3.4756906814873201 6.1587078068405381 2.1727859638631344 1.2965499386191366 1.4466891437768925 6.644111130386591 1.4078033436089752 4.1674616280943146 1.1873395070433606 8.8549312353134138 2.9400502536445856
leaf_count=566 22 16 88 189 20 80 107 29 25 17 34 18 137 25 41 26 20 42 15 23 41 35 15 15 51 30 51 15 178 29
internal_value=-4.21459e-05 0.0343696 -0.00423879 -0.00508959 0.0358811 -0.00332777 -0.00148079 -0.00480033 -0.00608609 -0.015092 0.0019934 -0.00180693 -0.0183936 -0.00494796 5.95574e-05 -0.0040592 0.00130854 -0.00848631 0.0325591 -0.0195847 0.0112637 0.0354469 -0.0361205 -0.0283498 -0.00716012 -0.00767224 -0.0320974 -0.02483 -0.0313716 -0.00968
internal_weight=138.347 15.038 123.309 120.749 2.56064 113.84 105.05 83.3423 81.087 38.345 42.7419 38.3817 35.8799 36.0774 29.732 27.505 23.5605 17.9382 5.62235 14.8431 21.7081 4.36019 3.94453 20.7046 10.1198 2.76348 19.2579 15.0905 13.9031 5.04821
internal_count=2000 612 1388 1346 42 1157 1069 921 892 467 425 356 450 338 258 233 177 136 41 116 148 69 56 313 74 46 298 247 232 54
is_linear=0
shrinkage=0.05


Tree=71
num_leaves=31
num_cat=0
split_feature=5 4 1 7 9 5 5 2 8 3 8 0 5 8 9 4 3 1 5 3 6 6 5 7 0 3 4 4 0 3
split_gain=7.53056 2.18281 4.77748 2.4055 1.894 3.41995 2.20967 1.81667 1.74069 2.94944 2.57948 2.09089 1.93854 3.9969 2.88808 2.85366 2.77453 2.00643 1.73037 1.48149 1.59191 1.75671 1.43714 1.88895 1.4197 2.32609 1.74814 1.66208 1.41003 1.30126
threshold=0.52957409620285045 0.069825921207666411 34.312692642211921 0.36249999701976782 9.3630943298339862 0.38142493367195135 0.23084857314825061 498.81297302246099 0.03949324972927571 0.021600976586341861 0.03792668133974076 192.33858489990237 0.32819624245166784 0.012921773362904789 11.881628513336183 0.1022005043923855 0.027794647961854938 8.4049696922302264 0.49104470014572149 0.025912335142493251 8.5000000000000018 7.5000000000000009 0.19663144648075107 0.29055555164814001 190.45857238769534 0.026450578123331073 0.093779768794775023 0.11285367608070375 166.93327331542972 0.031984204426407821
decision_type=2 2 2 2 2 2 2 2 2 2 2 2 2 2 2 2 2 2 2 2 2 2 2 2 2 2 2 2 2 2
left_child=4 2 -2 -3 5 19 -6 8 10 11 12 -10 17 -14 16 18 -15 -8 -16 -1 21 22 -21 -24 26 -26 -11 -28 -25 -18
right_child=1 3 -4 -5 6 -7 7 -9 9 24 -12 -13 13 14 15 -17 29 -19 -20 20 -22 -23 23 28 25 -27 27 -29 -30 -31
leaf_value=0.029124566479864181 0.038460175696710883 0.043953892188507399 -0.098994436613545109 -0.0651289715031836 -0.040031085571837155 0.05799955520563408 0.038843877202590339 -0.043739101350740328 -0.059308392313050233 0.023676414270679028 -0.059780276728784443 -0.0026376179774281919 0.06524229389907929 0.036069971148035888 -0.043327137604786306 0.01252661124625133 -0.04182596236797842 -0.038795250630719424 -0.0029522202535779479 -0.025763392063322333 -0.028854070293984763 0.037174494666947638 -0.02229798227528626 0.0039679386637522336 0.0039268775025884991 0.050423302205855815 -0.03278160544836483 0.0077807724561763285 0.042281212419530846 0.0099109941240078814
leaf_weight=4.0296434573829165 1.8465280272066622 13.21835388243198 0.96121750026941288 0.52548828721046525 5.2262171022593966 2.8185176439583293 0.93864988908171465 3.1359060667455187 2.7706255856901398 5.701101208105686 2.6153491660952559 3.9453154131770134 2.0209862422198084 5.89785577170551 9.410279521718623 4.9782521184533826 2.3375258632004261 7.3344503398984671 3.6960007753223172 5.2585619017481902 5.0193454362452021 3.1086865104734889 4.7480475474149015 8.2464232221245748 5.9402165524661523 4.9158205538988113 4.684743754565714 5.4792970009148121 3.3880648687481871 2.5316332746297121
leaf_count=24 71 586 14 3 84 43 8 40 49 44 40 63 23 49 227 44 22 152 33 43 32 23 30 49 50 33 39 37 24 21
internal_value=-4.25647e-05 0.0315762 -0.00859672 0.0397832 -0.0043973 0.00508482 -0.00855249 -0.00645233 -0.0048974 0.00360414 -0.0117044 -0.0260168 -0.00849242 -0.00273253 -0.00749402 -0.0197003 0.013008 -0.0299865 -0.0319413 0.000672197 -0.00317921 0.00202775 -0.00302099 0.004279 0.0110489 0.0249813 0.00151536 -0.010915 0.0151251 -0.0149262
internal_weight=136.729 16.5516 2.80775 13.7438 120.178 36.6173 83.5602 78.334 75.1981 33.4371 41.761 6.71594 39.1456 30.8725 28.8515 18.0845 10.767 8.2731 13.1063 33.7988 29.7691 24.7498 21.6411 16.3825 26.7212 10.856 15.8651 10.164 11.6345 4.86916
internal_count=2000 674 85 589 1326 268 1058 974 934 315 619 112 579 419 396 304 92 160 260 225 201 169 146 103 203 83 120 76 73 43
is_linear=0
shrinkage=0.05


Tree=72
num_leaves=31
num_cat=0
split_feature=5 7 4 4 9 5 7 3 4 4 7 1 0 4 7 0 8 3 7 7 2 9 8 8 7 4 6 0 7 0
split_gain=7.06037 1.98335 2.02039 5.30133 1.70188 2.42628 1.62319 2.11739 2.57715 1.98532 2.20715 1.56495 2.27276 1.98894 1.87931 1.76545 1.68023 1.49547 1.32531 1.7537 2.12502 1.73332 2.05091 2.06703 1.99784 2.84893 1.83405 1.74413 2.53367 1.7188
threshold=0.54900166392326366 0.36249999701976782 0.068457640707492842 0.066996909677982344 8.918154716491701 0.20851960033178332 0.21724999696016314 0.043150175362825401 0.13681780546903613 0.14624729752540591 0.30464285612106329 35.222124099731452 122.60238647460939 0.082025259733200087 0.15055555850267413 232.31862640380862 0.028565182350575927 0.030626807361841205 0.75900000333786022 0.5835416615009309 34.821166992187507 11.243711471557619 0.013656842056661846 0.060981422662734992 0.3505555540323258 0.091274309903383269 7.5000000000000009 161.2481384277344 0.40774999558925634 170.9462585449219
decision_type=2 2 2 2 2 2 2 2 2 2 2 2 2 2 2 2 2 2 2 2 2 2 2 2 2 2 2 2 2 2
left_child=4 2 3 -2 6 -6 -1 9 -9 10 -8 15 -13 -14 -15 18 -16 -12 19 20 -7 27 -23 24 25 26 -24 28 -22 -27
right_child=1 -3 -4 -5 5 11 7 8 -10 -11 17 12 13 14 16 -17 -18 -19 -20 -21 21 22 23 -25 -26 29 -28 -29 -30 -31
leaf_value=0.041375211977760257 0.041918004093428732 -0.064183699364597308 0.044443421551262574 -0.13417982329688913 -0.046147413371357887 0.050890684674332588 -0.029011125599493301 0.0069812204334582214 -0.058872005316827819 0.038510396685910865 0.03527355893242106 -0.059567712029780943 -0.03973636134737802 0.056645942600877498 -0.029812461242131983 0.045644674803239929 -0.0014987809358533747 -0.0012743410261306619 -0.041789528156053919 0.034850582502010903 0.012203554533827855 0.04052235760852918 -0.014381357913535786 0.023527299854101871 -0.042123863810245854 -0.019711195189958335 -0.071975773693760015 0.033579227432173848 -0.048846512578362429 0.030647613402206952
leaf_weight=2.9788369406014708 1.4788062945008253 0.50703383982181627 11.882132992148398 0.60110538080334652 3.8706404082477084 1.7657729182392348 4.3051005750894644 3.1796723343431941 2.788672924041748 4.7197227850556365 4.5528383553028089 2.4698517471551886 4.8692508880048981 1.1749933473765874 6.7408779859542873 2.0589126832783213 23.530794849619269 7.2655749283730984 1.9712526854127634 3.3566287793219081 6.3938027173280698 1.6778863910585666 3.7172719761729294 2.8160159550607196 7.8043551892042151 2.7674178294837475 2.2005217373371124 4.7743240613490334 2.3147531803697348 4.3699654955416918
leaf_count=37 56 3 561 14 62 19 30 25 16 26 27 34 154 19 100 26 226 52 32 38 64 16 59 25 121 34 35 36 21 32
internal_value=-4.30329e-05 0.032958 0.0364857 -0.00897519 -0.00400776 -0.00741516 0.00636016 0.0024699 -0.0237883 0.00998878 0.00163985 -0.00568748 -0.0131564 -0.00999995 -0.00539552 0.00034908 -0.00780365 0.0128051 -0.0016814 0.000117184 -0.00275427 -0.00519335 -0.0128964 -0.0166822 -0.0221104 -0.0101465 -0.0357977 0.00929161 -0.00402369 0.0111217
internal_weight=134.905 14.4691 13.962 2.07991 120.436 90.6453 29.7904 26.8116 5.96835 20.8432 16.1235 86.7747 38.7858 36.3159 31.4467 47.9889 30.2717 11.8184 45.93 43.9587 40.6021 38.8363 25.3534 23.6755 20.8595 13.0552 5.91779 13.4829 8.70856 7.13738
internal_count=2000 634 631 70 1366 1153 213 176 41 135 109 1091 533 499 345 558 326 79 532 500 462 443 322 306 281 160 94 121 85 66
is_linear=0
shrinkage=0.05


Tree=73
num_leaves=31
num_cat=0
split_feature=7 2 7 4 2 7 5 8 8 4 8 8 2 5 4 9 0 6 3 5 7 9 9 8 9 5 7 3 5 0
split_gain=6.61276 2.28617 1.56042 1.48291 3.10132 2.03084 1.9931 1.82927 1.78481 2.51772 1.44577 1.54141 1.65555 1.58391 2.10364 1.42826 1.50013 4.30882 3.54471 2.75931 2.41309 2.50896 2.66533 2.20773 1.82204 2.72645 1.78207 3.60481 3.66544 3.24919
threshold=0.16607692092657092 448.34809875488287 0.14522726833820346 0.071328535676002516 120.70887756347658 0.33527778089046484 0.57774519920349132 0.050779974088072784 0.017482198774814609 0.090711966156959548 0.019252594560384754 0.020784147083759311 33.087297439575202 0.19663144648075107 0.16488252580165866 7.4054429531097421 184.84757995605472 5.5000000000000009 0.033911619335412986 0.50344267487525951 0.24585714936256411 11.181400775909426 13.084742069244387 0.069549068808555617 9.9353322982788104 0.33212165534496313 0.20707143098115924 0.019795060157775882 0.34679749608039862 195.88605499267581
decision_type=2 2 2 2 2 2 2 2 2 2 2 2 2 2 2 2 2 2 2 2 2 2 2 2 2 2 2 2 2 2
left_child=1 -1 -3 4 5 -2 8 -7 9 -5 -10 -12 -13 -14 15 -15 17 20 19 26 -17 -22 -23 24 25 -19 -18 -28 29 -29
right_child=3 2 -4 6 -6 7 -8 -9 10 -11 11 12 13 14 -16 16 18 23 -20 -21 21 22 -24 -25 -26 -27 27 28 -30 -31
leaf_value=0.042873261895216244 0.065619812100162198 0.024349077375642236 -0.052524837828295125 0.016003954211208 -0.054343827500963886 -0.053917583273850503 0.044058551001992741 0.024885331394355684 0.033646950689526431 -0.05335667074718136 -0.04718844808781554 0.04150787079005084 -0.025552369415411391 0.024616950058995498 0.047308544043652027 0.062579331033368588 -0.040709852681268997 -0.030454113386325254 0.044926077374140672 0.038514440035385823 0.018319248858887825 -0.049842860779261561 0.019274517974487777 0.024854933888787688 -0.038616935835460511 0.023589021739542151 -0.044080567782405634 0.030906356603871865 0.026515286690052875 -0.029999991914419877
leaf_weight=11.049524066038428 1.0824034595862011 1.5465571861714118 1.1517117992043493 1.9687107615172852 4.2030316656455398 1.4710805192589762 2.2707346193492404 1.4746555946767328 2.8070700522512189 3.9004514720290899 1.9128734562546004 2.1514397487044326 7.1096514239907256 4.680761605501174 2.1953374557197085 1.8889207504689718 3.4956689830869463 6.4357592947781139 4.543462846428155 3.7173755243420592 9.734002795070408 3.5987889748066655 2.277542419731617 2.2314196620136491 14.25663350895047 3.6615222059190273 4.3961223270744112 2.9552452191710499 10.700402125716208 8.4532912569120509
leaf_count=566 21 33 13 29 115 36 72 16 30 47 30 18 69 28 14 21 29 51 35 32 68 45 36 20 171 32 91 27 112 93
internal_value=-4.32439e-05 0.0327975 -0.00846329 -0.00381903 -0.0242981 0.00705221 -0.0023051 -0.0144683 -0.00327032 -0.0300908 -0.00174504 -0.0027346 -0.00187116 -0.00283997 -0.00103014 -0.00224953 -0.00377668 -0.0100638 0.00346725 -0.00211927 0.00920334 0.00274461 -0.0230544 -0.022746 -0.0271074 -0.0108567 -0.00715417 -0.00272862 0.00549377 -0.0142229
internal_weight=133.322 13.7478 2.69827 119.574 8.23117 4.02814 111.343 2.94574 109.072 5.86916 103.203 100.396 98.4833 96.3319 89.2223 87.0269 82.3462 44.0846 38.2616 33.7181 17.4993 15.6103 5.87633 26.5853 24.3539 10.0973 30.0007 26.5051 22.1089 11.4085
internal_count=2000 612 46 1388 188 73 1200 52 1128 76 1052 1022 992 974 905 891 863 444 419 384 170 149 81 274 254 83 352 323 232 120
is_linear=0
shrinkage=0.05


Tree=74
num_leaves=31
num_cat=0
split_feature=5 6 2 9 5 2 9 9 3 0 8 9 1 0 9 3 5 3 1 1 4 5 8 3 4 1 3 4 3 1
split_gain=6.18897 2.00496 1.91326 3.82558 3.09293 2.27658 1.58092 2.02138 1.71147 1.5192 2.21249 1.95763 2.02927 1.95456 1.91513 2.53622 2.78577 2.55455 2.27444 2.2764 2.30364 2.50138 1.70354 1.69168 1.78789 1.64752 1.52728 2.44029 1.54312 1.88392
threshold=0.52683210372924816 6.5000000000000009 120.70887756347658 16.679950714111332 0.58775746822357189 42.91662788391114 15.49504327774048 15.301940917968752 0.011772889178246261 251.69226074218753 0.017482198774814609 8.918154716491701 34.99682807922364 122.60238647460939 11.998434543609621 0.022137821651995186 0.2932583093643189 0.024854349903762344 62.250961303710945 43.311254501342781 0.10842554643750192 0.45776180922985082 0.049946134909987457 0.028497500345110897 0.10327605530619623 32.974224090576179 0.031678734347224242 0.089766535907983794 0.030453242361545566 29.780434608459476
decision_type=2 2 2 2 2 2 2 2 2 2 2 2 2 2 2 2 2 2 2 2 2 2 2 2 2 2 2 2 2 2
left_child=6 2 5 4 -4 -2 7 9 -8 10 -1 -12 25 -14 15 -15 -17 -18 19 -16 21 -21 23 24 -19 26 28 -28 29 -13
right_child=1 -3 3 -5 -6 -7 8 -9 -10 -11 11 12 13 14 18 16 17 22 -20 20 -22 -23 -24 -25 -26 -27 27 -29 -30 -31
leaf_value=-0.039822102549377916 -0.04425217633884837 0.05093405184316338 -0.037720633022987914 -0.10925644202438015 0.052322553061432853 0.051460826425157882 0.0403643482946206 0.048787948217247745 -0.039914528647937431 0.032202803206681223 0.0080859414085481997 0.00033091501592734856 -0.059961967132510688 0.037536869594384271 -0.047018503749012258 -0.048910086798327139 -0.045937425689228345 0.057036193136483504 -0.062418085840532316 -0.052675681179353333 0.059376130779296321 0.030226475362549399 0.049039540247660676 -0.025331135733516287 -0.011224538123915164 0.043109770322609806 0.061850990581316281 0.0016066922120399705 -0.041426483306643218 -0.048961812183999663
leaf_weight=4.2733445670455685 0.73358027823269178 6.3828903995454302 1.7213392267003658 0.77972157485783089 2.1385154509916902 4.0579495737329125 0.76385178044438262 1.8731330949813116 5.0739314015954733 2.8835400491952887 28.215223693288863 21.937336172908552 2.4007460493594399 3.1736599355936113 3.305817552842198 3.7760268058627835 2.3919019214808932 1.9137827828526481 3.5410401057451955 1.9984215125441553 1.4573801457881925 1.670448090881109 2.3281371518969536 3.4766734559088945 1.9233115464448927 2.123163864016532 2.1428340896964055 7.7980753313750029 3.1146741323173037 2.1262413877993813
leaf_count=65 30 319 22 15 87 209 11 25 160 21 202 244 33 29 59 48 28 22 69 58 8 15 14 34 18 18 16 67 29 25
internal_value=-4.51182e-05 0.0292932 0.0146468 -0.00823933 0.0121669 0.0368072 -0.00405571 -0.00270822 -0.0294103 -0.00360159 -0.00458404 -0.00309037 -0.00743394 -0.0165007 -0.0131302 -0.00325362 -0.0114419 0.000315068 -0.0287897 -0.0146675 0.006195 -0.0149301 0.0117891 -6.85675e-05 0.0228211 0.000273159 -0.00217704 0.0145928 -0.00831088 -0.00402456
internal_weight=131.497 15.814 9.43111 4.63958 3.85985 4.79153 115.683 109.845 5.83778 107.972 105.088 100.815 72.5997 33.3573 30.9566 18.9835 15.8098 12.0338 11.9731 8.43207 5.12625 3.66887 9.6419 7.31377 3.83709 39.2423 37.1192 9.94091 27.1783 24.0636
internal_count=2000 682 363 124 109 239 1318 1147 171 1122 1101 1036 834 435 402 193 164 116 209 140 81 73 88 74 40 399 381 83 298 269
is_linear=0
shrinkage=0.05


Tree=75
num_leaves=31
num_cat=0
split_feature=7 2 3 9 0 0 5 3 0 0 7 6 8 9 1 0 3 1 2 8 2 8 4 3 2 7 8 5 3 2
split_gain=5.87223 2.12173 1.40494 2.08058 1.93214 1.63103 2.98605 3.42591 2.78201 2.71935 2.17517 3.42861 2.31945 2.22092 2.08732 3.24884 3.41562 2.35517 1.93632 1.67285 1.52922 1.36639 3.26154 3.20039 1.31151 1.27516 1.24452 1.21392 1.66092 1.22342
threshold=0.16607692092657092 448.34809875488287 0.012426981236785652 15.49504327774048 194.66128540039065 185.32576751708987 0.50050100684165966 0.023206331767141822 181.57611083984378 201.33261871337893 0.20549999922513965 8.5000000000000018 0.020784147083759311 10.732625961303713 111.05135345458986 236.19557952880862 0.036536160856485374 17.082704544067386 153.911979675293 0.021710145287215713 204.46793365478518 0.033553307875990875 0.13499060273170474 0.022495291195809845 42.91662788391114 0.14522726833820346 0.058038474991917617 0.41459554433822637 0.021163908764719967 131.25533294677737
decision_type=2 2 2 2 2 2 2 2 2 2 2 2 2 2 2 2 2 2 2 2 2 2 2 2 2 2 2 2 2 2
left_child=1 24 4 5 -2 8 7 9 10 18 13 12 -12 -4 15 16 17 -9 -7 -14 -20 22 23 -21 -1 -3 -5 28 -23 -30
right_child=2 25 3 26 -6 6 -8 14 -10 -11 11 -13 19 -15 -16 -17 -18 -19 20 21 -22 27 -24 -25 -26 -27 -28 -29 29 -31
leaf_value=-0.02717270799617388 0.082130178467049453 0.023018783234415099 0.060611122600897564 -0.040243040330652013 -0.0080199307159144213 0.038187253381135378 0.046703010529834582 0.053418038504512572 -0.047541321590585731 -0.039391183830513446 -0.039422261824179093 -0.040907939581246534 0.04892888437464947 -0.0044254486883348685 -0.026555916785735614 0.069935091175603328 0.053812663733898737 -0.0059052144119407799 -0.052859524382601691 0.02358222379587855 0.0086518481889438503 -0.044238769058195994 0.035097490982195598 -0.04711244262504289 0.046749772720663212 -0.046601452060742621 0.033384245424869487 0.033976787279167336 0.012192907006553603 -0.010572592378096445
leaf_weight=0.63972191978245874 1.1224619140848511 1.4811440361663692 2.4292426137253633 5.5333162583410731 1.2632753290235994 2.578173663467167 3.839974232017993 1.8787132501602304 4.139820121228694 7.6728484472259879 4.0654329266399136 6.9571334011852732 1.6843496467918146 2.8558955816552043 3.2111541312187901 2.5304832700639954 3.6565599255263797 15.28400439955294 1.7315772250294683 2.089195888489483 2.4260968696326017 1.9405417712405384 2.3962815478444091 6.8499163389205933 9.6651470214128476 1.1830467768013475 0.64035568013787258 2.9753713663667432 15.931191843003036 9.3739095535129291
leaf_count=36 18 33 34 178 24 25 43 12 46 144 62 78 15 36 21 18 28 151 29 28 26 34 18 97 530 13 11 26 105 81
internal_value=-4.51632e-05 0.0318776 -0.00358197 -0.00437207 0.0343947 -0.00276551 0.0045431 0.000591565 -0.00790768 -0.0190392 -0.00515235 -0.00813468 -0.00331485 0.0254677 0.0112408 0.0164387 0.00993652 0.000588593 0.00414398 7.99202e-05 -0.0169662 -0.00190001 -0.0167039 -0.0305901 0.0421607 -0.00789642 -0.0326062 0.00365267 0.000341113 0.00375976
internal_weight=130.026 12.9691 117.057 114.672 2.38574 108.498 44.8096 40.9696 63.6883 14.4087 59.5485 54.2633 47.3062 5.28514 26.5609 23.3498 20.8193 17.1627 6.73585 43.2408 4.15767 41.5564 11.3354 8.93911 10.3049 2.66419 6.17367 30.221 27.2456 25.3051
internal_count=2000 612 1388 1346 42 1157 497 454 660 224 614 544 466 70 230 209 191 163 80 404 55 389 143 125 566 46 189 246 220 186
is_linear=0
shrinkage=0.05


Tree=76
num_leaves=31
num_cat=0
split_feature=7 2 8 9 2 7 5 8 9 9 1 0 4 3 7 9 9 7 2 8 8 6 7 4 5 0 3 0 7 7
split_gain=5.47206 2.03054 1.3525 1.80793 1.96576 2.394 1.61774 2.42881 2.18465 2.40893 2.39718 2.11129 2.58095 2.50814 1.98697 5.26651 3.20962 1.96436 2.24053 1.85095 2.4471 1.78367 2.76634 1.69764 1.59001 1.57729 2.22116 2.65122 1.51419 2.06226
threshold=0.16607692092657092 448.34809875488287 0.06138866767287255 15.49504327774048 120.70887756347658 0.33527778089046484 0.33575668931007391 0.018392291851341728 15.301940917968752 11.243711471557619 28.74962139129639 185.32576751708987 0.084086664021015181 0.02099208161234856 0.42049999535083776 6.3361613750457773 6.0233781337738046 0.46449999511241918 76.50964736938478 0.041491212323307998 0.036974443122744567 5.5000000000000009 0.35183332860469824 0.11713322252035142 0.49561931192874914 107.86373138427736 0.041363112628459937 112.82337951660158 0.25324675440788275 0.33291667699813848
decision_type=2 2 2 2 2 2 2 2 2 2 2 2 2 2 2 2 2 2 2 2 2 2 2 2 2 2 2 2 2 2
left_child=1 -1 3 6 5 -5 7 -2 9 10 -8 21 24 -14 15 -9 -16 -18 -19 20 23 22 -11 -20 -13 -17 27 -27 -4 -30
right_child=2 -3 28 4 -6 -7 8 14 -10 11 -12 12 13 -15 16 25 17 18 19 -21 -22 -23 -24 -25 -26 26 -28 -29 29 -31
leaf_value=0.041701823287551891 -0.058482439445009297 -0.0074971876805999121 0.055008216509657815 0.03983351019406145 -0.055352298537681713 -0.051938467818896994 0.037629495117349643 0.073623029541930701 0.054901312753997039 0.027194814286903013 -0.00030829580897446526 -0.049517781753076154 -0.017875905677931885 0.029329531517950532 -0.06919078902835972 -0.057495834192678202 0.035881881927070099 -0.02885094969326122 -0.02601769012103854 -0.019529057778501016 0.069189791476667747 -0.041678865811194982 -0.047530049442576328 0.03457432266221918 0.023503191347594477 0.036222256950874603 0.024076931457778693 -0.030893098309204104 -0.030717777999173409 0.017422631409084437
leaf_weight=9.9092623600736243 2.4643746502697459 2.6601961450651279 1.7405720073729742 1.6330541940405958 3.6326150810346007 1.2580971568822858 7.136189651675525 1.4989512711763406 1.9346554838120926 3.1196796828880924 9.9969542268663627 3.0586278401315239 4.1576496493071309 8.7063417611643654 1.4087896570563341 2.9115449320524958 5.0340833403170135 4.6835816968232384 2.1667360477149469 3.035552054643631 2.3200871031731367 6.6033155219629407 2.0540311448276043 2.4780920948833227 0.9857563767582177 1.62222145311535 2.7000297531485549 15.83046171069145 2.9982018433511248 8.6226261146366578
leaf_count=566 43 46 30 44 115 43 72 7 20 41 88 78 51 75 10 29 44 59 50 31 17 87 21 19 11 12 18 175 26 72
internal_value=-4.41676e-05 0.0312894 -0.00344546 -0.00539713 -0.0308667 -0.000101467 -0.00366466 -0.0101313 0.00285635 0.000658784 0.0154933 -0.00820155 0.00311935 0.0140727 -0.00752343 -0.0171935 0.00371948 0.00892865 -0.000311632 0.0130544 0.0272554 -0.0244551 -0.00247194 0.00630914 -0.03172 -0.0230957 -0.0181258 -0.0246547 0.0115165 0.00500229
internal_weight=128.362 12.5695 115.793 102.431 6.52377 2.89115 95.9077 48.1545 47.7532 45.8185 17.1331 28.6854 16.9084 12.864 45.6901 24.5632 21.1269 19.7181 14.684 10.0005 6.96492 11.777 5.17371 4.64483 4.04438 23.0643 20.1527 17.4527 13.3614 11.6208
internal_count=2000 612 1388 1260 202 87 1058 514 544 524 160 364 215 126 471 241 230 220 176 117 86 149 62 69 89 234 205 187 128 98
is_linear=0
shrinkage=0.05


Tree=77
num_leaves=31
num_cat=0
split_feature=5 6 1 4 7 0 9 5 1 4 0 8 9 0 3 1 0 8 4 3 8 1 9 1 8 0 3 5 3 0
split_gain=5.16217 1.9141 1.79613 3.53353 2.42056 1.94456 1.3556 2.17926 1.53135 2.17417 2.31606 1.92966 1.73522 1.4275 2.78688 2.54073 1.22209 1.21554 1.86696 1.18413 1.14388 1.10522 1.87578 2.46941 1.84536 1.53467 1.82154 1.0568 0.924167 1.02457
threshold=0.52683210372924816 6.5000000000000009 32.551208496093757 0.070117820054292693 0.20145833492279056 103.57311630249025 8.918154716491701 0.20851960033178332 35.222124099731452 0.082025259733200087 122.60238647460939 0.012921773362904789 14.995822906494142 200.06780242919925 0.026291212067008022 24.506869316101078 219.08668518066409 0.044589893892407424 0.10762551054358484 0.031047980301082138 0.026563784107565883 38.495880126953132 10.838040828704836 53.751234054565437 0.036974443122744567 185.672966003418 0.021528706885874275 0.45932918787002569 0.032227883115410812 188.69647216796878
decision_type=2 2 2 2 2 2 2 2 2 2 2 2 2 2 2 2 2 2 2 2 2 2 2 2 2 2 2 2 2 2
left_child=6 2 5 -4 -5 -2 17 -8 11 -10 -11 -9 13 20 15 -15 -14 18 -1 -19 -13 -12 23 -23 -25 -24 27 -27 -20 -30
right_child=1 -3 3 4 -6 -7 7 8 9 10 21 12 16 14 -16 -17 -18 19 28 -21 -22 22 25 24 -26 26 -28 -29 29 -31
leaf_value=-0.03824063720099119 -0.046575557820120322 0.050486577968120318 -0.1018317171887103 0.051788820310964191 -0.051047308865064644 0.042747915042076173 -0.045166543787531578 0.045428926438409373 -0.047234848875798777 -0.058945473857361201 -0.033118473544827644 -0.022097221043501744 -0.046125090555498245 0.037362801743161957 0.065888680743748582 -0.035966562531096279 0.0096005449772605597 0.044322175786209318 0.02269388331148333 0.0078411425050668258 0.0022699548122294068 0.058225616812157856 -0.037900307138431989 -0.030550486289098074 0.023393742288712115 -0.055962403791159125 0.0093896371257549387 -0.0039565114276901093 -0.013165306245084911 0.021507204817041395
leaf_weight=2.9735529590398135 0.69989881478249838 5.7335748653858891 0.87416222132742438 1.5999844623729589 0.89081206172704686 4.706995596177876 3.5615242132917038 2.3159000780433407 4.0877323942258945 2.1195442005991962 3.0875458661466864 6.0132880210876491 3.3734996151179066 2.3136087842285624 2.4212257713079453 2.4135099556297064 1.38893093355 3.2755009010434133 5.0046052914112797 6.9314313549548388 24.194480603560805 2.5847331639379281 4.0997614860534695 2.7606084793806076 3.7239887751638889 2.0645562857389446 9.1424850560724717 1.8541305679827926 7.5668984670191985 2.9657145440578461
leaf_count=26 33 319 11 75 6 238 62 25 155 30 37 80 98 20 18 32 21 17 38 47 234 21 66 32 29 40 93 14 66 17
internal_value=-4.81966e-05 0.0280209 0.0133366 -0.0153433 0.0150104 0.0311854 -0.00367577 -0.00689788 -0.00519333 -0.012932 -0.00847163 0.000993653 -0.00144963 0.002174 0.0222665 -7.67382e-05 -0.0298731 0.00569526 -0.00194335 0.0195483 -0.00258068 -0.0048226 -0.00149191 0.0169007 0.000428724 -0.0112122 -0.00283503 -0.0313558 0.00500332 -0.00340241
internal_weight=126.744 14.5054 8.77185 3.36496 2.4908 5.40689 112.239 83.5211 79.9595 35.5251 31.4374 44.4344 42.1185 37.3561 7.14834 4.72712 4.76243 28.7177 18.5108 10.2069 30.2078 29.3178 26.2303 9.06933 6.4846 17.1609 13.0612 3.91869 15.5372 10.5326
internal_count=2000 682 363 92 81 271 1318 1107 1045 517 362 528 503 384 70 52 119 211 147 64 314 332 295 82 61 213 147 54 121 83
is_linear=0
shrinkage=0.05


Tree=78
num_leaves=31
num_cat=0
split_feature=7 2 6 7 9 8 3 0 2 7 2 7 1 6 0 4 4 3 0 0 0 9 7 4 4 0 4 6 8 3
split_gain=4.85803 2.7789 2.68526 1.92854 2.02433 1.74242 2.06714 1.91904 3.00782 2.75807 3.36654 2.33805 2.5487 1.98093 1.81988 1.79634 1.78248 1.73035 3.05743 2.95447 2.5172 3.03543 1.70394 1.66351 1.48328 1.40999 1.19214 3.49633 1.1419 1.11082
threshold=0.21062500029802325 284.17578125000006 5.5000000000000009 0.14783626049757007 10.956538677215578 0.033998865634202964 0.020851403474807743 190.00518035888675 131.25533294677737 0.29522725939750677 179.67829132080081 0.3205555528402329 18.858830451965336 7.5000000000000009 108.76570510864259 0.097313519567251219 0.14624729752540591 0.025625237263739113 201.33261871337893 203.77336883544925 195.88605499267581 13.175780773162844 0.30291667580604559 0.12056905403733255 0.065512221306562438 125.01075744628908 0.10901774093508722 4.5000000000000009 0.011903535109013321 0.01273762993514538
decision_type=2 2 2 2 2 2 2 2 2 2 2 2 2 2 2 2 2 2 2 2 2 2 2 2 2 2 2 2 2 2
left_child=1 -1 -3 25 -5 16 15 8 11 -10 -11 -8 14 22 -13 29 17 18 20 -19 21 26 -9 -12 -23 -4 27 -2 -20 -7
right_child=5 2 3 4 -6 6 7 13 9 10 23 12 -14 -15 -16 -17 -18 19 28 -21 -22 24 -24 -25 -26 -27 -28 -29 -30 -31
leaf_value=0.029747034711420057 0.048128324168611868 0.05931642729520286 -0.047443739260868367 0.014092734799649531 -0.049553597013762572 0.014371436713029257 0.036537828294253789 -0.018446118796309842 -0.046664710782038404 -0.037532839093965972 0.00044665152536171708 -0.038293043655746629 0.031949551113452102 0.049443777056810197 0.0056946562518600183 0.015178703401402292 0.018634480416213954 -0.036866548623089433 0.026447260268928921 0.028157183369894586 0.059192494675471476 0.032067687425088955 0.019847234044372313 0.054964079537173166 -0.051060281804953471 0.054018931709392572 0.045036529758422879 -0.043608589601737746 -0.04854902946462019 -0.049678716711100211
leaf_weight=18.347878059372309 2.0366958659142274 1.4115308169275502 0.45493074040859927 1.8118954934179781 4.0237396443262696 0.79603436961769958 5.8338988097384599 4.1608411613851812 5.8230807613581446 4.2753331046551448 3.8052701242268085 4.5581684783101064 4.0216946303844443 3.7111564911901942 4.8567856438457966 2.0310464706271887 3.8324265591800204 14.430414392612876 0.57469521462917228 1.9875406157225359 1.9333633575588454 0.64052920043468509 9.6249142847955209 2.2130039371550083 3.3079541623592377 1.3843670273199675 2.5007624607533216 2.1195068173110485 4.3449623417109251 4.5241657271981239
leaf_count=675 21 22 9 21 40 13 44 38 51 37 36 33 25 35 34 18 27 204 7 20 24 21 77 15 90 49 19 38 124 133
internal_value=-4.80382e-05 0.0185484 -0.00406438 -0.015721 -0.0297922 -0.00525694 1.96348e-05 0.00347304 -0.00322437 -0.0191641 -0.0036071 0.0101067 -0.00136917 0.0170184 -0.0156016 -0.0248238 -0.0136856 -0.017342 -0.00638367 -0.0289948 0.00672277 -0.00284241 0.00828947 0.0204935 -0.0375751 0.0289232 0.0177588 0.00134595 -0.0397883 -0.0400952
internal_weight=125.379 27.4343 9.08646 7.67493 5.83564 97.9442 60.2354 52.8841 35.3872 16.1167 10.2936 19.2705 13.4366 17.4969 9.41495 7.35125 37.7089 33.8764 17.4585 16.418 12.5388 10.6054 13.7858 6.01827 3.94848 1.8393 6.65697 4.1562 4.91966 5.3202
internal_count=2000 816 141 119 61 1184 589 425 275 139 88 136 92 150 67 164 595 568 344 224 213 189 115 51 111 58 78 59 131 146
is_linear=0
shrinkage=0.05


Tree=79
num_leaves=31
num_cat=0
split_feature=5 2 4 4 3 2 5 9 4 4 8 7 2 2 3 4 2 3 8 4 8 5 0 3 0 9 7 2 2 5
split_gain=4.62442 1.68417 2.03662 5.44174 1.92937 1.28238 1.59398 2.24483 1.62685 1.81464 1.55292 2.24788 2.26384 3.45191 1.63086 1.57458 1.52472 1.48436 1.48098 2.08767 1.44402 1.34351 1.31362 1.4832 1.52006 1.31175 1.2676 1.83543 2.05167 1.78299
threshold=0.54900166392326366 42.91662788391114 0.068457640707492842 0.067598208785057082 0.034943439066410072 34.821166992187507 0.20287784188985827 5.3968811035156259 0.12519570440053943 0.12255461513996126 0.033998865634202964 0.17076922953128817 73.725788116455092 153.31561279296878 0.041789060458540923 0.10623472929000856 168.16127014160159 0.033455403521656997 0.014836529269814493 0.08352998644113542 0.035480394959449775 0.34908235073089605 190.20220947265628 0.028348010964691642 146.89511871337893 11.881628513336183 0.36650000512599951 300.12550354003912 234.28370666503909 0.42749039828777319
decision_type=2 2 2 2 2 2 2 2 2 2 2 2 2 2 2 2 2 2 2 2 2 2 2 2 2 2 2 2 2 2
left_child=5 -2 3 -3 -4 -1 16 -8 9 10 11 -9 -13 15 20 18 -7 -18 -14 -20 -12 -15 23 -10 -25 -23 27 28 29 -22
right_child=1 2 4 -5 -6 6 7 8 22 -11 14 12 13 21 -16 -17 17 -19 19 -21 26 25 -24 24 -26 -27 -28 -29 -30 -31
leaf_value=0.026171556354712341 -0.045584290267954831 0.042499798439299658 0.049756275655909406 -0.14756696757886395 -0.049569741997346158 -0.04539578691152063 0.072934900797354166 0.053773861643628768 0.031174065248097817 -0.045401725078971722 0.037979128899635159 -0.053251512783046767 0.0473455507373646 -0.054238654789228492 0.040084407818270107 0.034625479295761395 0.025497303146643432 -0.032022192888564921 -0.054215899463531225 0.0053713239810346536 -0.018268232141895491 0.008408934029964156 0.037533348986784308 0.0074972572529617906 -0.031258978628937055 -0.031085443038561103 0.0082750748984863551 -0.031285781616953966 0.038874083626944195 0.018025616546421704
leaf_weight=3.6030976762995115 0.69566828384995361 1.2680885884910811 8.679546807892617 0.53566487878561009 0.51809544768184501 4.3909750133752805 0.98069256544113059 1.1900607403367782 3.7300976132974055 2.847465024329721 2.2253878703340879 3.6340588871389654 1.1925276182591931 3.6688582198694339 2.5198729373514643 3.8865019604563704 2.1904005594551563 2.2987426016479731 2.125258868560195 4.7669909838587046 12.321027103811511 3.0556453168392164 3.5502955541014662 7.7856393251568061 3.7478855028748512 6.7395455511286855 15.042834426276384 7.2824662001803508 2.6666422374546519 4.6652318546548477
leaf_count=38 32 58 525 8 11 54 6 34 36 25 36 78 18 102 18 30 24 18 63 44 129 35 26 62 23 139 166 82 22 58
internal_value=-5.28884e-05 0.0298635 0.0346344 -0.0139448 0.0441613 -0.00317429 -0.00414876 -0.00233946 -0.00308782 -0.00620501 -0.00475519 -0.0135796 -0.0163369 -0.0110628 0.000959741 0.00847153 -0.0244471 -0.00395654 -0.00410115 -0.0130027 -0.0012706 -0.0284313 0.0101389 0.00376701 -0.00509681 -0.018765 -0.00335135 -0.00984446 -0.00189928 -0.00830022
internal_weight=123.805 11.6971 11.0014 1.80375 9.19764 112.108 108.505 99.625 98.6443 79.8304 76.9829 30.2594 29.0694 25.4353 46.7235 11.9713 8.88012 4.48914 8.08478 6.89225 44.2036 13.464 18.8139 15.2636 11.5335 9.79519 41.9782 26.9354 19.6529 16.9863
internal_count=2000 634 602 66 536 1366 1328 1232 1226 1079 1054 543 509 431 511 155 96 42 125 107 493 276 147 121 85 174 457 291 209 187
is_linear=0
shrinkage=0.05


Tree=80
num_leaves=31
num_cat=0
split_feature=5 6 1 9 7 0 9 5 1 4 0 8 9 0 8 9 8 0 3 8 8 4 4 3 2 4 7 8 4 5
split_gain=4.34907 1.85162 1.66001 3.16995 2.55595 1.78286 1.25405 1.5112 1.39059 1.9504 2.12297 1.62804 1.4577 1.17744 1.08785 1.10787 1.05306 1.09475 1.93849 1.48632 1.34169 1.21364 1.13415 2.82115 1.06539 1.13449 2.11474 1.02527 1.70824 1.37313
threshold=0.52683210372924816 6.5000000000000009 32.551208496093757 16.337744712829593 0.20145833492279056 103.57311630249025 8.8817286491394061 0.19663144648075107 35.222124099731452 0.082025259733200087 122.60238647460939 0.012921773362904789 14.995822906494142 219.08668518066409 0.026563784107565883 11.806501865386965 0.028892605565488342 190.00518035888675 0.022403026930987838 0.046571103855967529 0.033290125429630286 0.093779768794775023 0.094971448183059706 0.030101138167083267 124.57394409179689 0.10734808072447778 0.31100000441074377 0.044589893892407424 0.10762551054358484 0.21053409576416018
decision_type=2 2 2 2 2 2 2 2 2 2 2 2 2 2 2 2 2 2 2 2 2 2 2 2 2 2 2 2 2 2
left_child=6 2 5 4 -4 -2 27 -8 11 -10 -11 -9 14 -14 15 -13 -16 18 21 20 -19 -18 23 -20 25 -24 -27 28 -1 -29
right_child=1 -3 3 -5 -6 -7 7 8 9 10 -12 12 13 -15 16 -17 17 19 22 -21 -22 -23 24 -25 -26 26 -28 29 -30 -31
leaf_value=-0.036543430538593644 -0.043841915485119488 0.050347985148200707 0.05157950389201367 -0.11592268561468173 -0.05025344659345149 0.042059653053136609 -0.045506273783743445 0.041203712078359461 -0.046745797111130021 -0.057095192177146238 -0.0050969384940467008 0.0017780971650513374 -0.045409470087958967 0.010386986813257809 0.040355405600887531 -0.038683112331065493 -0.068226657928654025 0.04070172432586755 -0.010742833693098013 0.041431863101206563 -0.016670424339899296 0.0019166658905208221 -0.021609877412232303 0.060719914776922873 -0.035986354997716012 0.047609115158509095 -0.011666196245023762 -0.0066159341088693471 0.0056156845369638433 0.033369062264656017
leaf_weight=2.8569509014487329 0.70255113858729412 5.1612638104706994 1.4690104518085725 0.63704510033130635 1.0614081919193266 4.3070038156583905 2.4038163274526587 2.3365882337093344 3.7657163776457301 2.1062757708132294 28.843832609243691 3.738844407722353 3.1382734710350624 1.3532006554305551 2.0271551031619337 3.0900321174412966 1.7123919129371707 1.43123892880976 3.077963367104533 3.7875010333955288 3.538234755396843 0.96374573744833458 3.4150338880717737 2.505002474412322 2.3709927611052981 2.6835980247706175 3.4252312611788511 3.3146710358560068 15.112631597556172 6.0956890061497688
leaf_count=26 33 319 76 8 8 238 44 25 155 32 341 36 99 21 26 55 36 15 29 31 36 16 30 16 18 25 26 22 119 39
internal_value=-5.13064e-05 0.0268995 0.0120989 -0.0162327 0.0088647 0.0300126 -0.0033464 -0.00644948 -0.00526571 -0.0127695 -0.00863562 0.000575774 -0.00167066 -0.028599 0.00153182 -0.0165304 0.00551864 0.00307598 -0.00333749 0.0178364 -0.000146893 -0.0429662 0.00273031 0.0213216 -0.00599566 0.00147061 0.0143733 0.00591465 -0.00108712 0.0192849
internal_weight=122.433 13.3383 8.17702 3.16746 2.53042 5.00955 109.095 81.7147 79.3109 34.7158 30.9501 44.595 42.2584 4.49147 37.767 6.82888 30.9381 28.9109 20.154 8.75697 4.96947 2.67614 17.4778 5.58297 11.8949 9.52386 6.10883 27.3799 17.9696 9.41036
internal_count=2000 682 363 92 84 271 1318 1112 1068 528 373 540 515 120 395 91 304 278 196 82 51 52 144 45 99 81 51 206 145 61
is_linear=0
shrinkage=0.05


Tree=81
num_leaves=31
num_cat=0
split_feature=7 2 6 7 9 0 8 3 0 2 7 2 7 1 1 0 6 4 4 3 0 0 0 9 3 7 4 4 5 5
split_gain=4.11792 2.37595 2.46776 1.64395 1.77053 1.53955 1.48529 1.82099 1.69208 2.60415 2.49904 2.98928 2.35129 2.10439 2.24864 2.88236 1.79486 1.65413 1.54837 1.61567 2.81617 2.7211 2.13667 2.72017 1.55589 1.53055 1.52252 1.13656 1.91666 1.88152
threshold=0.21062500029802325 284.17578125000006 5.5000000000000009 0.14783626049757007 10.956538677215578 122.03120040893556 0.033998865634202964 0.020851403474807743 190.00518035888675 131.25533294677737 0.29522725939750677 179.67829132080081 0.26937501132488256 19.6563835144043 15.874236583709719 105.05152130126955 7.5000000000000009 0.097313519567251219 0.14624729752540591 0.025625237263739113 201.33261871337893 203.77336883544925 195.88605499267581 13.175780773162844 0.01501726917922497 0.30291667580604559 0.12056905403733255 0.099394958466291441 0.52957409620285045 0.78045868873596203
decision_type=2 2 2 2 2 2 2 2 2 2 2 2 2 2 2 2 2 2 2 2 2 2 2 2 2 2 2 2 2 2
left_child=1 27 -3 5 -5 -4 18 17 9 12 -11 -12 -9 14 15 -14 25 -8 19 20 22 -21 23 -2 -25 -10 -13 28 -1 -30
right_child=6 2 3 4 -6 -7 7 8 16 10 11 26 13 -15 -16 -17 -18 -19 -20 21 -22 -23 -24 24 -26 -27 -28 -29 29 -31
leaf_value=-0.0013669288461535312 0.017382571180337768 0.059216805961237844 -0.058006638873780859 0.013733377383887685 -0.04652127800793604 0.053756719481683202 -0.039277580779517929 0.056412194882681038 -0.01785804052922246 -0.044933899989013024 -0.035808231398947697 0.00027886416898881679 -0.035617098854341993 0.032207449009289062 -0.041963221113957394 0.025830926664092646 0.047361382932379958 0.014473744568379011 0.01740528178972376 -0.035632277845652011 -0.038840803467149403 0.027300006400651514 0.055331483169768707 0.038894205689617808 -0.050561868116759036 0.018710227752448915 0.052896469204880087 0.045323349511700528 0.049108845259645817 -0.059861539496805949
leaf_weight=5.7458689454942995 6.5074339006096142 1.3237233823165278 0.40124900080263604 1.7669690717011688 3.9324679244309664 1.3277557510882614 5.0009159985929719 2.3303678827360299 4.0864699603989747 5.6058659274131051 4.1563154347240907 3.7650264594703913 2.84237038344145 4.4440517388284198 3.4782897867262355 5.807966448366642 3.6184525303542605 2.0052116643637419 3.7919747158884993 13.836654007434843 4.5946945482864967 1.9611074961721886 1.9325731722638 0.57689745537936721 3.0873004263266921 9.5448668394237739 2.1655596755445004 6.2536150822415939 4.8895330410450697 0.43104487005621184
leaf_count=58 78 22 7 21 40 51 146 19 38 51 37 36 23 27 28 39 35 18 27 204 131 20 24 14 97 77 15 250 347 20
internal_value=-4.93289e-05 0.0175554 -0.0036779 -0.0148855 -0.0278408 0.0278199 -0.00487371 3.19714e-05 0.00326513 -0.00311317 -0.0181691 -0.00329436 0.00938582 0.00277321 -0.0080118 0.00564003 0.0160573 -0.0238935 -0.0128296 -0.0163576 -0.00551385 -0.02782 0.00713689 -0.00201991 -0.0364778 0.00774761 0.0194922 0.0282849 0.0186566 0.0402806
internal_weight=121.213 26.0722 8.75217 7.42844 5.69944 1.729 95.1404 58.8517 51.8456 34.5958 15.6928 10.0869 18.903 16.5727 12.1286 8.65034 17.2498 7.00613 36.2886 32.4967 16.6989 15.7978 12.1042 10.1716 3.6642 13.6313 5.93059 17.3201 11.0664 5.32058
internal_count=2000 816 141 119 61 58 1184 589 425 275 139 88 136 117 90 62 150 164 595 568 344 224 213 189 111 115 51 675 425 367
is_linear=0
shrinkage=0.05


Tree=82
num_leaves=31
num_cat=0
split_feature=5 2 4 4 3 2 5 9 2 3 4 2 8 3 7 5 7 5 7 0 8 4 3 4 5 0 2 1 4 9
split_gain=3.81602 1.55291 1.87378 4.18385 1.71474 1.18395 1.42594 1.99243 1.42162 1.3814 1.25112 1.46842 1.58756 1.58337 1.45863 1.70779 2.84423 2.49385 1.99121 1.95614 1.75039 2.42283 1.63957 1.61259 1.60213 2.55417 2.22991 1.88164 3.02399 2.02923
threshold=0.54900166392326366 42.91662788391114 0.068457640707492842 0.067598208785057082 0.034943439066410072 34.821166992187507 0.20287784188985827 8.0205645561218279 168.16127014160159 0.033455403521656997 0.073622919619083418 121.8026695251465 0.013656842056661846 0.030101138167083267 0.5835416615009309 0.33056472241878515 0.44062499701976782 0.31786282360553747 0.32774999737739569 142.59743499755862 0.036444308236241348 0.089603852480649962 0.031984204426407821 0.11495705321431161 0.44599455595016485 195.32550048828128 77.083488464355483 74.322929382324233 0.12024287879467012 12.114089488983156
decision_type=2 2 2 2 2 2 2 2 2 2 2 2 2 2 2 2 2 2 2 2 2 2 2 2 2 2 2 2 2 2
left_child=5 -2 3 -3 -4 -1 8 -8 -7 -10 11 12 -9 -14 15 17 18 20 22 -20 -12 -22 24 -16 27 26 -26 28 29 -17
right_child=1 2 4 -5 -6 6 7 10 9 -11 14 -13 13 -15 23 16 -18 -19 19 -21 21 -23 -24 -25 25 -27 -28 -29 -30 -31
leaf_value=0.025557776764052454 -0.043923978362344358 0.041879944440368959 0.049388309665269026 -0.12147252215220111 -0.046501998707554643 -0.044116425220423819 0.01854007802913463 0.073702692650421411 0.024915446533250611 -0.03092211876725556 -0.031023478921682085 -0.048519272650544523 -0.044512926139045922 0.039124260238110505 0.0028683582845647868 -0.0036387603733011712 -0.057795589407780235 -0.054207150953751185 -0.018264529734648729 0.038018006574495673 0.045273906555873072 -0.0082129256001890298 0.024976324710263318 0.056529595029345174 0.046137948963376321 0.030792887018653833 -0.023110677372830662 -0.061626726919049572 0.042719014890475665 -0.047069042441880288
leaf_weight=3.5511072613298884 0.69154440145939489 1.1584462514147151 7.7049472369253618 0.59244581125676621 0.49624553229659785 4.1989712566137296 10.469691683538256 0.57898416370153372 2.1752798687666655 2.2568618059158325 6.5455369725823465 3.3760611629113555 1.7738691745325925 0.83096070680767287 4.3933297554031006 6.7569829728454369 1.9621223751455534 3.4816099088639012 2.0036018537357432 6.7272081011906266 2.4608874544501331 15.161657867953179 4.9828314632177344 2.0548986159265041 1.3906055670231561 6.0406725741922846 7.0882220435887575 2.0627345964312545 2.2385357394814482 4.4680961584672332
leaf_count=38 32 58 525 8 11 54 76 5 24 18 111 137 60 7 65 64 31 55 22 75 26 125 54 16 31 56 80 22 17 97
internal_value=-4.90595e-05 0.0285271 0.0335616 -0.0133933 0.0435861 -0.00283867 -0.00379466 -0.00205918 -0.0232684 -0.00351723 -0.00455593 -0.0255463 -0.00118622 -0.017832 -0.00283086 -0.00483461 0.00109749 -0.014644 0.00373819 0.0251019 -0.00894456 -0.000743796 -0.00158667 0.0199689 -0.0059919 0.00594758 -0.0117533 -0.0171571 -0.010344 -0.020926
internal_weight=119.675 10.6436 9.95208 1.75089 8.20119 109.031 105.48 96.8491 8.63111 4.43214 86.3794 6.55988 3.18381 2.60483 79.8195 73.3713 45.7216 27.6497 43.7595 8.73081 24.1681 17.6225 35.0287 6.44823 30.0458 14.5195 8.47883 15.5263 13.4636 11.2251
internal_count=2000 634 602 66 536 1366 1328 1232 96 42 1156 209 72 67 947 866 549 317 518 97 262 151 421 81 367 167 111 200 178 161
is_linear=0
shrinkage=0.05


Tree=83
num_leaves=31
num_cat=0
split_feature=5 6 2 7 0 4 9 7 5 3 4 6 1 5 2 9 9 3 0 9 3 5 5 1 7 8 3 7 1 7
split_gain=3.60433 1.77689 1.52473 2.41594 1.98388 1.48255 1.13625 1.76555 1.71829 1.46773 2.22586 2.10896 1.87437 2.56656 1.44509 1.01921 1.82569 1.51471 1.38509 1.25586 2.00515 1.07988 2.22151 1.0019 0.988391 0.931704 2.35075 1.32088 1.68968 1.39652
threshold=0.52683210372924816 6.5000000000000009 120.70887756347658 0.14783626049757007 103.57311630249025 0.070117820054292693 9.3630943298339862 0.21724999696016314 0.21866326779127124 0.043150175362825401 0.13499060273170474 4.5000000000000009 19.708384513854984 0.27300027012825018 498.81297302246099 15.49504327774048 15.301940917968752 0.011772889178246261 251.69226074218753 14.024183273315431 0.024854349903762344 0.51446503400802623 0.48871119320392614 55.593914031982429 0.27316667139530187 0.06138866767287255 0.029529532417654995 0.59533333778381359 18.996811866760257 0.46062500774860388
decision_type=2 2 2 2 2 2 2 2 2 2 2 2 2 2 2 2 2 2 2 2 2 2 2 2 2 2 2 2 2 2
left_child=6 2 4 -4 -2 -5 7 -1 -8 11 -11 -9 -13 23 15 16 18 -17 19 21 -21 22 25 -14 -15 27 -27 29 -29 -10
right_child=1 -3 3 5 -6 -7 8 9 14 10 -12 12 13 24 -16 17 -18 -19 -20 20 -22 -23 -24 -25 -26 26 -28 28 -30 -31
leaf_value=0.040402951728172716 -0.042258174309034259 0.05016555021674645 0.051021217790616226 -0.082126820098538666 0.051229656143444172 -0.0071004819823093264 -0.042886658473849711 0.031862418659121143 -0.0061189575225002006 0.010133645992429418 -0.052231438206481753 -0.026955508249344225 0.051249887411680788 -0.035979629948469372 -0.04096031689521238 0.04028135335503024 0.048295623501631919 -0.037796395587247004 0.034669967220506186 -0.048135686685687233 0.025494010268287449 -0.040117027872863385 0.04013502503017697 0.012379262110148531 0.0031578341318227957 -0.017138579034937953 0.04753271983237109 -0.01930841700223138 0.05149868280148974 -0.040520958954217978
leaf_weight=3.1226356914266935 0.6983427898958311 4.6071235435083508 1.1191461533308031 1.0704177729785445 3.0281102210283279 1.7108548302203415 3.1104512084275475 6.0502681881189408 35.882736054249108 2.7870326135307542 2.9399257600307465 5.3948621880263117 2.9943555518984777 2.9133576452732086 2.6716492865234605 0.73447058908641238 1.7704541739076365 4.0270473537966609 2.3193324580788603 3.5846606912091366 1.2460859660059211 1.8431785721331824 3.0617774073034516 3.7138100899755955 3.6147269681096077 2.7972684055566779 2.8234591744840145 1.4072257578372949 2.0996568165719509 3.2142246030271044
leaf_count=44 33 319 78 11 206 35 64 47 413 25 19 39 17 22 40 11 24 158 17 107 16 15 37 25 28 28 22 18 26 56
internal_value=-5.02511e-05 0.0256482 0.0108381 -0.0110136 0.0337099 -0.0359756 -0.00301275 0.00459971 -0.00652894 0.000923068 -0.0218814 0.00621451 -0.00211439 0.00801041 -0.00490137 -0.00345945 -0.00174873 -0.0257528 -0.00321857 -0.00473471 -0.029143 -0.00251542 -0.00116406 0.0297301 -0.0143085 -0.00378613 0.0153477 -0.00631047 0.0230855 -0.0089472
internal_weight=118.359 12.234 7.62687 3.90042 3.72645 2.78127 106.125 33.531 72.5937 30.4083 5.72696 24.6814 18.6311 13.2363 69.4832 66.8116 62.0501 4.76152 60.2796 57.9603 4.83075 53.1295 51.2863 6.70817 6.52808 48.2246 5.62073 42.6038 3.50688 39.097
internal_count=2000 682 363 124 239 46 1318 266 1052 222 44 178 131 92 988 948 779 169 755 738 123 615 600 42 50 563 50 513 44 469
is_linear=0
shrinkage=0.05


Tree=84
num_leaves=31
num_cat=0
split_feature=7 3 0 9 1 7 5 7 8 4 0 6 7 2 5 9 9 5 5 3 2 7 9 0 3 9 4 7 5 0
split_gain=3.4023 2.17115 1.85189 1.72319 2.08169 1.8896 1.68147 2.31053 1.18896 1.67172 2.09777 2.66097 1.64748 1.44028 2.34343 3.03857 1.78998 1.81241 1.3283 1.81142 1.46068 1.59329 1.82751 1.63686 1.64138 2.42542 2.09406 3.22496 1.4198 1.41014
threshold=0.12029411643743516 0.013020892161875965 214.9409103393555 16.495249748229984 35.745325088500984 0.20707143098115924 0.57774519920349132 0.12679487466812137 0.032344043254852302 0.14624729752540591 166.93327331542972 4.5000000000000009 0.45708334445953375 146.721305847168 0.35570888221263891 11.881628513336183 11.618255138397219 0.36579407751560217 0.45065875351428991 0.019795060157775882 38.814125061035163 0.23607692122459414 10.271853446960451 185.672966003418 0.035886285826563842 10.688391685485842 0.094768136739730849 0.55099999904632579 0.3510532826185227 146.89511871337893
decision_type=2 2 2 2 2 2 2 2 2 2 2 2 2 2 2 2 2 2 2 2 2 2 2 2 2 2 2 2 2 2
left_child=-1 2 -2 6 5 -5 8 -8 9 10 11 12 -3 16 -15 -16 -12 -18 19 -10 -21 22 -22 -23 25 -25 27 -27 -28 -20
right_child=1 3 -4 4 -6 -7 7 -9 18 -11 13 -13 -14 14 15 -17 17 -19 29 20 21 23 -24 24 -26 26 28 -29 -30 -31
leaf_value=0.05087349711156413 0.054541922485651206 0.041834873470247724 -0.031312283792298619 0.05700434508204634 -0.1063183040092085 -0.050442650826848949 -0.086462821781862764 0.046623236302684605 -0.035454157601887915 0.022746476904927874 0.049891600953442007 -0.04577598672257386 -0.021955513993992513 -0.042934679196141579 0.052691576739265437 -0.016833333926074671 -0.055031437861134638 0.016457480609043267 0.05708325818364425 0.03694008459497642 -6.7378743238729545e-05 -0.0058171808360629983 -0.05394080215818451 -0.022545302929726074 0.044984548590110696 -0.034907537725417478 0.015180454755290574 0.059524385081350585 0.06141996728106941 0.0085173492016054862
leaf_weight=3.1909431945532551 2.921894801780581 1.6438586292788411 0.80009745247662056 0.64018183574080412 0.86384745314717282 1.1340243453159926 0.36463775299489443 3.0878611449152231 3.7376441936939946 3.4325288217514744 2.3913463912904289 8.5174736799672228 2.6339353499934077 4.3762725973501784 2.1915982710197568 5.5547597706317902 1.2413881476968525 3.1019851770251989 1.9088835353031735 2.6205349322408429 3.4237717837095252 28.285109335556626 2.9139021625742316 4.9816367197781863 3.3319379761815062 3.1009760191664082 3.4941638484597206 1.2762131709605453 3.1628247424960136 6.8877191925421357
leaf_count=263 109 20 27 20 30 47 32 191 94 26 15 153 49 96 21 112 28 38 43 20 31 247 34 37 27 59 30 10 19 72
internal_value=-4.82491e-05 -0.0014733 0.0360863 -0.00274071 -0.0426651 -0.0116729 -0.00176244 0.0325673 -0.00289979 -0.0103962 -0.0139903 -0.0296168 0.00255768 -0.00338736 -0.0136868 0.00283664 0.0151519 -0.00397491 0.000905093 -0.00174155 0.000485049 -0.00128502 -0.024837 0.00184863 0.0130555 0.006413 0.0194869 -0.00737497 0.0371495 0.0190563
internal_weight=117.214 114.023 3.72199 110.301 2.63805 1.77421 107.663 3.4525 104.21 35.0851 31.6526 12.7953 4.27779 18.8574 12.1226 7.74636 6.73472 4.34337 69.1253 60.3287 56.5911 53.9705 6.33767 47.6329 19.3478 16.0158 11.0342 4.37719 6.65699 8.7966
internal_count=2000 1737 136 1601 97 67 1504 223 1281 558 532 222 69 310 229 133 81 66 723 608 514 494 65 429 182 155 118 69 49 115
is_linear=0
shrinkage=0.05


Tree=85
num_leaves=31
num_cat=0
split_feature=7 3 0 9 1 7 5 7 9 9 8 5 8 5 4 2 8 0 6 4 3 1 1 9 0 3 3 4 3 7
split_gain=3.23009 2.00335 1.7159 1.62161 1.90254 1.78668 1.56095 2.06622 1.13059 1.47957 1.26296 1.99484 1.53299 1.24729 1.62952 1.53857 1.61816 1.42678 1.32314 1.35356 1.73745 1.22564 1.23835 1.22213 0.933168 0.92842 2.25236 2.12956 1.13379 1.91223
threshold=0.12029411643743516 0.013020892161875965 214.9409103393555 16.495249748229984 35.745325088500984 0.20707143098115924 0.57774519920349132 0.12679487466812137 15.49504327774048 15.301940917968752 0.017482198774814609 0.43533453345298773 0.019252594560384754 0.19663144648075107 0.16488252580165866 42.91662788391114 0.024844621308147911 107.86373138427736 6.5000000000000009 0.11222128197550775 0.028497500345110897 59.660522460937507 42.940950393676765 7.4054429531097421 256.25631713867193 0.020851403474807743 0.021281450986862186 0.098952170461416258 0.018452336080372337 0.26816667616367346
decision_type=2 2 2 2 2 2 2 2 2 2 2 2 2 2 2 2 2 2 2 2 2 2 2 2 2 2 2 2 2 2
left_child=-1 2 -2 6 5 -5 8 -8 9 10 11 -3 -12 18 15 17 21 -15 19 20 -14 22 -17 -18 25 27 -27 28 29 -25
right_child=1 3 -4 4 -6 -7 7 -9 -10 -11 12 -13 13 14 -16 16 23 -19 -20 -21 -22 -23 -24 24 -26 26 -28 -29 -30 -31
leaf_value=0.050831466369565696 0.053137623083909541 -0.058609545026296762 -0.030129318813307417 0.056682132169799761 -0.10346882943984877 -0.050140957669897734 -0.07534067609038797 0.046171962589504068 -0.038045018516705581 0.040778457966413828 0.036194774212715795 0.0060514034851077703 -0.056305078823595256 -0.0011534384888230926 0.043338181297067388 -0.034416221715537425 0.026480954201669273 0.054282074850353981 0.013752496842322473 -0.063099136816597609 0.021818159659591951 -0.067517426471124464 0.015248419745096021 0.042512762755584847 0.030107333426279855 0.042598193857436614 -0.004091040194897865 0.016423665135767637 -0.059207089363778609 -0.05260471207724398
leaf_weight=3.0377655671909443 2.850992556661367 2.5137067800387731 0.79019535053521384 0.61233405582606737 0.84378481097519387 1.0850460650399325 0.3966383328661317 2.965256517753005 2.2243607975542536 1.9809036338701833 2.6098048835992804 2.2698716325685382 1.2651414694264524 2.3790118657052508 2.0251614879816762 3.368105571717023 3.7012048307806245 2.266510147601366 1.8441332839429376 2.4091616086661816 1.6268615070730446 1.4641567897051571 2.0006930362433195 0.93025495298206751 2.0595741271972647 2.7108271429315201 54.829042634926736 2.6060509718954563 2.9579492080956697 1.2231731675565241
leaf_count=263 109 49 27 20 30 47 32 191 83 25 30 26 23 28 15 54 28 18 17 21 18 30 29 15 16 23 572 35 74 52
internal_value=-4.65737e-05 -0.00141663 0.0350674 -0.00263351 -0.0421076 -0.0116043 -0.00169275 0.0318358 -0.0027843 -0.00200806 -0.00286366 -0.0279271 -0.00159195 -0.00266776 -0.000971962 -0.00205971 -0.0037277 0.0258931 -0.0227273 -0.0354176 -0.0123578 -0.0269673 -0.0159086 -0.00149172 -0.00302971 -0.00407555 -0.00189141 -0.0203601 -0.0391144 -0.0115151
internal_weight=115.848 112.81 3.64119 109.169 2.54116 1.69738 106.628 3.36189 103.266 101.041 99.0604 4.78358 94.2768 91.667 84.5217 82.4966 77.851 4.64552 7.1453 5.30116 2.892 6.83296 5.3688 71.0181 67.3169 65.2573 57.5399 7.71743 5.11138 2.15343
internal_count=2000 1737 136 1601 97 67 1504 223 1281 1198 1173 75 1098 1068 989 974 928 46 79 62 41 113 83 815 787 771 595 176 141 67
is_linear=0
shrinkage=0.05


Tree=86
num_leaves=31
num_cat=0
split_feature=7 3 0 9 1 7 5 7 9 9 8 5 8 5 4 8 6 8 9 2 8 5 7 2 3 9 8 5 7 4
split_gain=3.06697 1.84621 1.58783 1.52355 1.72841 1.68927 1.44782 2.55998 1.0513 1.3224 1.17179 1.91163 1.3915 1.15368 1.49695 1.4118 2.56688 2.04574 1.60169 1.46586 1.3883 1.52938 1.91783 1.86858 2.02889 1.77954 1.69736 2.67152 1.81308 1.59434
threshold=0.12029411643743516 0.013020892161875965 214.9409103393555 16.495249748229984 35.745325088500984 0.20707143098115924 0.57774519920349132 0.12522727251052859 15.49504327774048 15.301940917968752 0.017482198774814609 0.43533453345298773 0.019252594560384754 0.19663144648075107 0.16074998676776889 0.026563784107565883 4.5000000000000009 0.026864771731197837 11.902299880981447 42.91662788391114 0.028179918415844444 0.45776180922985082 0.32774999737739569 76.50964736938478 0.026566058397293094 12.114089488983156 0.045612115412950523 0.39678974449634558 0.27732142806053167 0.083831973373889937
decision_type=2 2 2 2 2 2 2 2 2 2 2 2 2 2 2 2 2 2 2 2 2 2 2 2 2 2 2 2 2 2
left_child=-1 2 -2 6 5 -5 8 -8 9 10 11 -3 -12 -14 15 16 18 -17 -15 -19 -21 22 25 24 -24 26 27 -22 -28 -25
right_child=1 3 -4 4 -6 -7 7 -9 -10 -11 12 -13 13 14 -16 17 -18 19 -20 20 21 -23 23 29 -26 -27 28 -29 -30 -31
leaf_value=0.05079143748805396 0.051702220069063935 -0.058212311455177884 -0.02896448409020206 0.056373653406489782 -0.10033240114950577 -0.049828003484705015 -0.10107752643696105 0.045879657894636355 -0.037126182390579729 0.038285496432839697 0.03456722677288953 0.005749353688272678 -0.022044796322088504 0.041868831989777255 0.038728643082939322 0.057039515076640172 -0.037076233231680203 0.030809453486858429 -0.023330000587047879 -0.042647853397626417 -0.033776154429580783 0.018913644019637976 -0.057386542129673757 -0.026703592277187993 3.3620168137584652e-05 -0.039415844805796567 0.026511964144151596 0.017865415269152637 -0.019425544076814863 0.017226307642377627
leaf_weight=2.8918319055810562 2.7853384111076589 2.4070162577554575 0.78111320920288552 0.58557699155062382 0.82709479983896006 1.0384486876428125 0.32948433514684383 2.9462280813604593 2.1669200202450147 2.003787411376833 2.596401495859026 2.2696714019402862 7.0085388477891675 2.1927540712058531 2.3139055855572215 1.564960779622196 6.9360907357186079 3.490717244334518 1.65138419624418 2.0789519548416129 8.9379702024161869 8.2839951161295158 2.1682610465213683 2.3182779215276268 5.2958498597145081 5.3826153855770817 5.665852213278411 3.4792407043278208 3.4594002217054367 18.932942053303123
leaf_count=263 109 49 27 20 30 47 26 197 83 25 30 26 79 22 19 15 122 33 32 39 96 109 32 64 37 108 43 30 28 160
internal_value=-4.7656e-05 -0.00136151 0.0340348 -0.0025268 -0.0414982 -0.0115347 -0.00162463 0.0310981 -0.00266931 -0.00192592 -0.00274448 -0.0271707 -0.00152609 -0.00255408 -0.000930827 -0.00205215 -0.0189127 0.000505726 0.0138604 -0.000767378 -0.00243738 -0.00112965 -0.00411379 0.004875 -0.0166465 -0.0137003 -0.00727494 -0.0193064 0.00909697 0.012434
internal_weight=114.791 111.899 3.56645 108.332 2.45112 1.62403 105.881 3.27571 102.606 100.439 98.4348 4.67669 93.7581 91.1617 84.1532 81.8393 10.7802 71.059 3.84414 69.4941 66.0034 63.9244 55.6404 28.7153 7.46411 26.9251 21.5425 12.4172 9.12525 21.2512
internal_count=2000 1737 136 1601 97 67 1504 223 1281 1198 1173 75 1098 1068 989 970 176 794 54 779 746 707 598 293 69 305 197 126 71 224
is_linear=0
shrinkage=0.05


Tree=87
num_leaves=31
num_cat=0
split_feature=7 3 0 7 9 1 7 5 7 8 4 0 6 7 5 3 9 2 5 5 3 3 3 3 9 2 7 0 3 4
split_gain=2.91245 1.69984 1.49978 1.7676 1.42893 1.56241 1.59703 1.34309 3.23086 0.989906 1.41572 1.93685 3.46705 1.77102 1.68001 1.7386 1.65245 2.74948 1.14532 1.1327 2.77234 1.798 2.18309 1.77141 2.25383 1.14589 0.999886 1.6109 1.0535 1.74581
threshold=0.12029411643743516 0.013020892161875965 172.61579895019534 0.25049999356269842 16.495249748229984 35.745325088500984 0.20707143098115924 0.57774519920349132 0.12480769306421281 0.032344043254852302 0.14624729752540591 177.74542236328128 4.5000000000000009 0.45708334445953375 0.36579407751560217 0.016961378976702694 11.587589740753176 162.12917327880862 0.31786282360553747 0.41921725869178778 0.020250136964023117 0.020148813724517826 0.022403026930987838 0.024622764438390735 11.056084632873537 39.455329895019538 0.5835416615009309 104.25593566894533 0.037108434364199645 0.12692613899707797
decision_type=2 2 2 2 2 2 2 2 2 2 2 2 2 2 2 2 2 2 2 2 2 2 2 2 2 2 2 2 2 2
left_child=-1 2 -2 -4 7 6 -6 9 -9 10 11 12 13 -3 16 -16 17 -13 -15 20 -11 -21 -23 -24 -25 -22 27 -27 -29 -30
right_child=1 4 3 -5 5 -7 -8 8 -10 19 -12 14 -14 18 15 -17 -18 -19 -20 21 25 22 23 24 -26 26 -28 28 29 -31
leaf_value=0.050753317622527154 0.082098224174028275 0.036212562543953608 0.05324854248764474 -0.032206163453394207 0.05607843487556477 -0.09700749495166143 -0.049502305217555109 -0.13580083476597626 0.0455737715175972 -0.044421177003690873 0.021298581636423033 0.041266050042625166 -0.043227443782981115 -0.053654108051983118 -0.052179271931752785 0.020821735074737734 -0.05313531903990229 -0.040253578885291033 0.012854549721786016 0.050396966081052902 0.033978134455754018 -0.033017427635171584 0.05458987582835232 0.038347488924393699 -0.036113229960742378 -0.04333248620785346 0.019558301533186585 -0.0052431227311823796 0.033078708561045764 -0.010273441470096456
leaf_weight=2.7528095357120028 1.0763525879010551 2.620754410512748 1.2286602142266931 1.1924269646406171 0.55987637490034037 0.81304239574819792 0.99414029065519571 0.26801316253840868 2.9268746403977275 3.6132674962282172 3.353001474402844 2.0039713643491259 9.8138221241533738 1.3624481521546843 0.90702382288873096 8.0925055751577002 2.3735442804172635 2.1377296559512615 1.2332081561908124 2.7470901757478705 2.4881418347358695 2.747810419648884 2.3689924813807011 1.9837278984487055 2.0837922869250178 2.3736376110464326 5.3839597441256037 32.634733411483467 5.2097600474953634 4.1900250520557165
leaf_count=263 29 30 81 26 20 30 47 19 204 101 26 15 174 34 17 127 85 30 20 44 18 24 24 37 23 24 48 312 39 29
internal_value=-4.87053e-05 -0.00131108 0.032992 0.0111606 -0.00242934 -0.0408467 -0.011464 -0.0015626 0.0303586 -0.00256518 -0.00954212 -0.0129276 -0.0257195 0.00721869 -0.000535113 0.0134643 -0.0198725 -0.000810123 -0.0220555 0.000921806 -0.00206356 0.0149069 0.00429165 0.0202193 0.000201232 0.000863924 -0.000790813 -0.0032579 -0.000994938 0.0137542
internal_weight=113.535 110.782 3.49744 2.42109 107.285 2.36706 1.55402 104.918 3.19489 101.723 33.898 30.545 15.0302 5.21641 15.5148 8.99953 6.51525 4.1417 2.59566 67.8249 55.8935 11.9314 9.18432 6.43651 4.06752 52.2803 49.7921 44.4082 42.0345 9.39979
internal_count=2000 1737 136 107 1601 97 67 1504 223 1281 558 532 258 84 274 144 130 45 54 723 571 152 108 84 60 470 452 404 380 68
is_linear=0
shrinkage=0.05


Tree=88
num_leaves=31
num_cat=0
split_feature=7 3 0 9 1 7 5 8 3 5 7 7 3 4 1 0 3 2 2 0 2 7 8 8 9 5 4 6 0 9
split_gain=2.76562 1.58658 1.4142 1.33868 1.40668 1.50967 1.25818 2.60581 1.94615 1.49166 1.95954 1.10989 0.874889 2.52692 1.96409 2.0555 1.48204 1.28176 1.97449 1.83871 1.65333 1.55035 2.43745 1.94971 1.79489 1.2488 2.08913 2.30955 1.80676 1.86004
threshold=0.12029411643743516 0.013020892161875965 214.9409103393555 16.495249748229984 35.745325088500984 0.20707143098115924 0.52222236990928661 0.020113009028136734 0.022403026930987838 0.51046153903007518 0.15958333015441897 0.23436507582664493 0.020851403474807743 0.10198161751031877 23.708198547363285 196.89338684082034 0.021244058385491375 498.81297302246099 492.08648681640631 208.03928375244143 466.05154418945318 0.21062500029802325 0.033553307875990875 0.032982772216200835 11.056084632873537 0.20851960033178332 0.14624729752540591 6.5000000000000009 203.77336883544925 10.114126682281496
decision_type=2 2 2 2 2 2 2 2 2 2 2 2 2 2 2 2 2 2 2 2 2 2 2 2 2 2 2 2 2 2
left_child=-1 2 -2 6 5 -5 9 8 -8 10 -3 -9 13 14 15 -12 -14 18 20 -19 21 23 25 -18 -25 -23 27 28 29 -27
right_child=1 3 -4 4 -6 -7 7 11 -10 -11 12 -13 16 -15 -16 -17 17 19 -20 -21 -22 22 -24 24 -26 26 -28 -29 -30 -31
leaf_value=0.050717017655569963 0.0496882822841943 0.054210326234447485 -0.028220511764402868 0.055796010879582227 -0.093580718811364497 -0.049162346312761916 0.039002217115476634 0.049018137716649916 -0.068278728485777263 -0.041856073620843384 -0.027893998417723345 -0.013545871781804823 0.03718849183456973 0.022435673584005292 -0.050899117652518422 0.056997746431543206 0.055723257369481673 -0.054392276560555147 0.047862925007179868 0.01137739283985939 -0.035430708774934122 -0.057961902480635819 0.0037723906975268336 0.038038261384135463 -0.02973173770445069 0.0052878625510577584 0.030019814086910342 -0.05542864025312097 0.032198053435792677 -0.038777492949451486
leaf_weight=2.6203803978860369 2.6336009027436371 1.5270714592188586 0.74788380973041046 0.53519856091588669 0.80099187837913621 0.95203190296888351 0.64693051297217508 4.1018490758724511 1.2198555013164876 2.4035904873162499 2.2326243836432682 0.85697487089782942 2.4517746325582257 3.0971069037914267 4.8379687555134296 1.0476707350462673 2.6608750186860552 2.6859564734622827 2.0333621632307759 1.7583545725792644 3.5380886206403366 1.7375174388289476 43.488959792070091 1.7579609211534264 2.199332108721137 4.385152557864787 2.3823581952601662 3.5869651809334746 2.1196939423680297 5.276200981810689
leaf_count=263 109 32 27 20 30 47 31 245 23 21 51 13 26 26 182 16 21 38 14 14 48 34 365 23 20 41 18 79 29 94
internal_value=-4.72326e-05 -0.00125978 0.0324572 -0.00233212 -0.040162 -0.0113918 -0.00150006 0.0192507 -0.0311008 -0.0029571 -0.00197089 0.0382059 -0.00289065 -0.0159892 -0.0306482 -0.000781012 -0.00110049 -0.00227967 -0.000736988 -0.0283711 -0.00208824 -0.000393167 -0.00281238 0.0226275 0.000373945 -0.0175069 -0.0135469 -0.0203006 -0.00960524 -0.0187768
internal_weight=112.324 109.704 3.38148 106.322 2.28822 1.48723 104.034 6.82561 1.86679 97.2086 94.805 4.95882 93.2779 11.2154 8.11826 3.2803 82.0626 79.6108 75.1665 4.44431 73.1331 69.595 62.9768 6.61817 3.95729 19.4879 17.7504 15.368 11.781 9.66135
internal_count=2000 1737 136 1601 97 67 1504 312 54 1192 1171 258 1139 275 249 67 864 838 786 52 772 724 660 64 43 295 261 243 164 135
is_linear=0
shrinkage=0.05


Tree=89
num_leaves=31
num_cat=0
split_feature=7 3 0 7 9 1 7 5 7 7 2 6 0 3 8 0 3 0 1 5 1 7 8 8 8 9 8 3 8 8
split_gain=2.62674 1.45927 1.38984 1.6583 1.25237 1.26249 1.4269 1.17815 1.78412 2.84658 1.71961 2.32717 2.36372 1.40335 2.48952 1.58747 2.26566 2.41948 1.99317 1.98491 1.96265 2.02633 2.07568 1.72358 1.53655 1.5004 2.04265 1.40455 1.67282 1.39102
threshold=0.12029411643743516 0.013020892161875965 172.61579895019534 0.25049999356269842 16.495249748229984 35.745325088500984 0.20707143098115924 0.43009750545024877 0.13133928179740909 0.12267857417464258 135.28517913818362 8.5000000000000018 195.32550048828128 0.020851403474807743 0.017482198774814609 108.76570510864259 0.030101138167083267 95.275806427001967 16.693157196044925 0.28047190606594091 18.858830451965336 0.28774999082088476 0.049946134909987457 0.021463402546942238 0.04097342677414418 9.9353322982788104 0.034971710294485099 0.021244058385491375 0.025767972692847255 0.056930191814899452
decision_type=2 2 2 2 2 2 2 2 2 2 2 2 2 2 2 2 2 2 2 2 2 2 2 2 2 2 2 2 2 2
left_child=-1 2 -2 -4 7 6 -6 13 9 -9 -10 12 -12 -3 -15 16 -16 -18 24 -19 -20 22 25 -23 -17 26 -22 -25 -29 -24
right_child=1 4 3 -5 5 -7 -8 8 10 -11 11 -13 -14 14 15 18 17 19 20 -21 21 23 29 27 -26 -27 -28 28 -30 -31
leaf_value=0.050682450953940986 0.080102305405791829 -0.024721389473965211 0.052976657922604697 -0.031887162938016987 0.0555259166425352 -0.090122852728501346 -0.048806594955996041 -0.14988290701353132 0.032264821683014359 0.0028165982826858079 -0.033315635265227315 0.029168950540904216 0.015771769034252918 -0.05845995031670484 -0.057431906528449345 -0.0060208747408393116 0.031527166892001961 -0.061947541857090539 -0.045276443019810757 0.0029549435156115108 0.026884196847095244 0.051831065961915057 0.038087236558708583 0.050584194901506799 0.039196718628907577 -0.040096544601654655 -0.031263673667983598 -0.051595455216969448 0.0056585414562901892 -0.012653928987277378
leaf_weight=2.4942400823347262 1.017082147765904 7.6507127583026877 1.1347078005783262 1.1683752676472066 0.51151048345491223 0.7904166099615394 0.91203736141324043 0.45074377767741924 7.0179140679538277 0.94521741010248661 5.6120972079224867 5.2884384989738455 4.3559273718856275 1.9133825488388527 2.7668709605932218 2.7636382859200221 2.881733475252986 2.159454352222383 2.4133675955235949 2.5920805670320988 2.6999516393989342 2.1643265020102289 2.7984006255865088 1.6291353330016161 5.8677714951336384 6.5244337683543563 3.4277337566018105 1.3440487412735844 25.117993671447039 2.6108332648873329
leaf_count=263 29 234 81 26 20 30 47 14 209 55 76 87 70 38 42 34 29 21 24 24 24 20 23 12 41 99 29 32 246 21
internal_value=-4.87976e-05 -0.0012147 0.0314224 0.00992446 -0.00224464 -0.0394523 -0.0113177 -0.00144484 0.00834477 -0.0464887 0.0117813 0.00235889 -0.0118649 -0.004366 -0.00219324 -0.000649991 -0.0186697 -0.00461932 0.00250705 -0.0265416 -0.00127212 0.000925837 -0.0123268 0.00883714 0.0247188 -0.0234099 -0.00564284 0.00552461 0.00275052 0.0135964
internal_weight=111.025 108.53 3.32017 2.30308 105.21 2.21396 1.42355 102.996 23.6703 1.39596 22.2744 15.2565 9.96802 79.3259 71.6752 69.7618 10.4001 7.63327 59.3616 4.75153 50.7302 48.3169 18.0614 30.2555 8.63141 12.6521 6.12769 28.0912 26.462 5.40923
internal_count=2000 1737 136 107 1601 97 67 1504 511 69 442 233 146 993 759 721 116 74 605 45 530 506 196 310 75 152 53 290 278 44
is_linear=0
shrinkage=0.05


Tree=90
num_leaves=31
num_cat=0
split_feature=7 3 0 7 9 5 7 1 7 9 9 0 8 8 7 2 5 6 4 2 5 3 1 9 2 3 4 3 4 5
split_gain=2.49484 1.36194 1.30277 1.56089 1.1707 1.16313 2.9153 1.13033 1.34846 0.962261 1.14746 1.03295 1.41524 1.18323 1.13172 1.13131 1.4491 1.8939 1.70179 1.7411 1.55078 1.62911 1.53576 1.59641 1.3052 1.11985 2.76297 2.52378 1.90835 1.20808
threshold=0.12029411643743516 0.013020892161875965 172.61579895019534 0.25049999356269842 16.495249748229984 0.57774519920349132 0.1242261901497841 35.745325088500984 0.20707143098115924 15.49504327774048 15.301940917968752 251.69226074218753 0.017482198774814609 0.019252594560384754 0.22954545915126803 34.821166992187507 0.19663144648075107 6.5000000000000009 0.12519570440053943 153.31561279296878 0.45932918787002569 0.041789060458540923 13.730321884155275 9.463076591491701 160.7985534667969 0.024912760592997078 0.083831973373889937 0.027614281512796882 0.091657113283872618 0.26404783129692083
decision_type=2 2 2 2 2 2 2 2 2 2 2 2 2 2 2 2 2 2 2 2 2 2 2 2 2 2 2 2 2 2
left_child=-1 2 -2 -4 5 9 -7 8 -6 10 11 12 14 -14 -3 -15 17 -17 19 20 21 22 23 -18 -21 26 -24 -27 -29 -30
right_child=1 4 3 -5 7 6 -8 -9 -10 -11 -12 -13 13 15 -16 16 18 -19 -20 24 -22 -23 25 -25 -26 27 -28 28 29 -31
leaf_value=0.050649535155449781 0.07888579053369893 0.0084876790668995932 0.052848920893425355 -0.030867046475693924 0.055267701788247373 -0.12145537132028905 0.045317260884176293 -0.086688085049695357 -0.048433506578507368 -0.036420990389055122 0.035953293443711717 0.028637249489601165 0.032003682290161865 0.027679059118037648 -0.049079470231328755 -0.04573648635838138 0.013581560825658768 0.015599300270573905 0.012130960550107062 -0.044536331312197912 0.038874768274322263 0.043459265282466637 -0.044981105316622867 -0.048404043607730853 -0.011047591803911462 -0.050258815843838636 0.029843341585795803 0.037137090843740693 0.020417600006976191 -0.022208485457219797
leaf_weight=2.3740975498221806 0.98202137695625369 1.2135445456951846 1.0819106101989748 1.1471890239045022 0.48877970548346572 0.29000067431479637 2.7182396468706429 0.78089749161154021 0.87407331634312868 2.0262674037367097 1.9916619071736921 2.6082752542570224 2.4952288307249537 2.9174059480428687 2.8795450972393155 4.2521569468080989 1.4901326987892485 1.7876467518508432 16.41469541285187 3.277522865682843 2.6346454806625834 1.9059440027922381 1.5149096576496974 3.428974561393261 25.911681407131255 2.7504845615476361 6.6477492637932301 3.0206022188067418 2.3649795427918434 5.5936138145625591
leaf_count=263 29 18 81 26 20 17 206 30 47 83 25 23 30 26 56 56 14 17 137 41 57 17 48 52 400 29 59 24 18 51
internal_value=-4.93467e-05 -0.00116911 0.0309035 0.00976514 -0.00215673 -0.00138921 0.02924 -0.0387243 -0.0112416 -0.00231872 -0.00160709 -0.00239363 -0.00326861 -0.00193788 -0.0320116 -0.00292367 -0.00399939 -0.0275825 -0.0021485 -0.00602012 0.00216142 -0.00120681 -0.00438199 -0.0296269 -0.0148079 0.00129043 0.0159567 -0.00742903 0.0033006 -0.0095417
internal_weight=109.865 107.491 3.21112 2.2291 104.28 102.136 3.00824 2.14375 1.36285 99.1277 97.1014 95.1097 92.5015 88.4084 4.09309 85.9131 82.9957 6.0398 76.9559 60.5412 31.352 28.7174 26.8114 4.91911 29.1892 21.8923 8.16266 13.7297 10.9792 7.95859
internal_count=2000 1737 136 107 1601 1504 223 97 67 1281 1198 1173 1150 1076 74 1046 1020 73 947 810 369 312 295 66 441 229 107 122 93 69
is_linear=0
shrinkage=0.05


Tree=91
num_leaves=31
num_cat=0
split_feature=7 3 0 7 9 5 7 1 7 9 9 0 8 5 8 2 5 6 4 2 5 0 3 8 8 8 6 4 0 8
split_gain=2.36959 1.27058 1.22165 1.46931 1.09358 1.0781 2.51033 1.01017 1.27411 0.892805 1.0273 0.936136 1.31418 1.11226 1.07412 1.02151 1.33657 1.76819 1.54313 1.57509 1.42567 1.56107 2.01431 1.25482 1.98612 1.4125 1.52512 1.44796 1.50366 1.13538
threshold=0.12029411643743516 0.013020892161875965 172.61579895019534 0.25049999356269842 16.495249748229984 0.57774519920349132 0.1242261901497841 35.745325088500984 0.20707143098115924 15.49504327774048 15.301940917968752 251.69226074218753 0.017482198774814609 0.43533453345298773 0.019252594560384754 34.821166992187507 0.19663144648075107 6.5000000000000009 0.12519570440053943 153.31561279296878 0.45932918787002569 104.25593566894533 0.036893030628561981 0.033290125429630286 0.035480394959449775 0.038975019007921226 5.5000000000000009 0.085951041430234923 189.43071746826175 0.049507591873407371
decision_type=2 2 2 2 2 2 2 2 2 2 2 2 2 2 2 2 2 2 2 2 2 2 2 2 2 2 2 2 2 2
left_child=-1 2 -2 -4 5 9 -7 8 -6 10 11 12 13 -3 -14 -16 17 -17 19 20 21 -18 -23 -21 -25 26 -26 -27 29 -29
right_child=1 4 3 -5 7 6 -8 -9 -10 -11 -12 -13 14 -15 15 16 18 -19 -20 23 -22 22 -24 24 25 27 -28 28 -30 -31
leaf_value=0.050618193831096128 0.077690921874952967 -0.056929435702102675 0.05272590046325535 -0.02985535107195729 0.055020914223771214 -0.10235386485574155 0.044818728051797929 -0.08331531389550019 -0.048041542520164598 -0.035487827191800957 0.033818646490725232 0.027284059414187174 0.030561237620882288 -0.0041582675340198355 0.02624868826257952 -0.044661132367023099 -0.04038986116556563 0.014757799678536583 0.011537337321793472 -0.030091583958643888 0.037577849857004159 -0.0024404696897511497 0.042761371288918291 0.03850311227357725 -0.0010890446780640031 -0.04827964245017291 -0.066799528712926964 0.010520421970884306 0.016632229067546363 -0.033835570544921971
leaf_weight=2.2596744899637988 0.94813125906512086 2.0460492502897973 1.0314859389327469 1.1272773351520298 0.46697441022843056 0.32587087154388372 2.6137130060233176 0.77211393136531103 0.83805905329063535 1.976845672354101 2.0109946951270095 2.6009472450241438 2.4826796948909751 1.9502845983952282 2.9224328892305484 4.1397037282586089 2.3291127858683529 1.7949089296162126 16.396778420545161 8.6506877145729977 2.5904451524838796 23.344748931005601 2.7555622085928908 2.1151561681181219 1.4764208858832746 1.757289309054612 2.197048831731081 2.2774941846728307 6.6499016927555203 3.9360019713640213
leaf_count=263 29 49 81 26 20 17 206 30 47 83 25 23 30 25 26 56 40 17 137 205 57 249 23 32 19 38 35 23 57 32
internal_value=-4.88087e-05 -0.00112359 0.0303814 0.00960307 -0.00207006 -0.00133396 0.0285037 -0.0379834 -0.0111632 -0.00222531 -0.00154338 -0.00229659 -0.00313457 -0.0311761 -0.00185846 -0.00280167 -0.00383185 -0.02669 -0.00205804 -0.00576845 0.00206739 -0.00116826 0.00233175 -0.0141328 -0.00736845 -0.0126721 -0.0403895 -0.00570803 0.000107749 -0.0175773
internal_weight=108.785 106.525 3.10689 2.15876 103.418 101.341 2.93958 2.07715 1.30503 98.4015 96.4246 94.4137 91.8127 3.99633 87.8164 85.3337 82.4113 5.93461 76.4766 60.0799 31.0199 28.4294 26.1003 29.06 20.4093 18.2942 3.67347 14.6207 12.8634 6.2135
internal_count=2000 1737 136 107 1601 1504 223 97 67 1281 1198 1173 1150 74 1076 1046 1020 73 947 810 369 312 272 441 236 204 54 150 112 55
is_linear=0
shrinkage=0.05


Tree=92
num_leaves=31
num_cat=0
split_feature=7 3 0 4 2 0 0 7 7 6 0 5 3 2 4 5 0 9 3 1 1 2 5 6 4 3 2 7 4 0
split_gain=2.25078 1.18503 1.17314 1.03376 1.31364 1.23501 2.15526 2.07433 3.25217 2.20669 2.49269 1.84126 2.41851 2.37619 2.24202 2.01603 1.81487 1.762 1.95802 1.75338 1.70294 1.852 1.6902 1.49047 2.58992 1.37779 1.32876 2.37912 1.16291 1.13627
threshold=0.12029411643743516 0.013020892161875965 214.9409103393555 0.071328535676002516 120.70887756347658 185.32576751708987 181.32503509521487 0.13133928179740909 0.20145833492279056 8.5000000000000018 166.93327331542972 0.50050100684165966 0.023206331767141822 152.61964416503909 0.12056905403733255 0.36579407751560217 236.19557952880862 10.813251972198488 0.030453242361545566 15.719996929168703 30.431875228881839 76.50964736938478 0.19663144648075107 5.5000000000000009 0.0975187122821808 0.024286206811666492 141.21437835693362 0.33291667699813848 0.11713322252035142 192.11082458496097
decision_type=2 2 2 2 2 2 2 2 2 2 2 2 2 2 2 2 2 2 2 2 2 2 2 2 2 2 2 2 2 2
left_child=-1 2 -2 4 -3 6 7 28 -9 10 17 12 13 15 -15 -7 19 22 20 -14 21 25 -10 -21 29 -19 -12 -28 -5 -25
right_child=1 3 -4 5 -6 11 -8 8 9 -11 26 -13 16 14 -16 -17 -18 18 -20 23 -22 -23 -24 24 -26 -27 27 -29 -30 -31
leaf_value=0.050588351915695343 0.046611199315643774 0.0026179727365176261 -0.028352885669598444 -0.12254461640687275 -0.046444845708391483 -0.02546418573012867 -0.040935743554992625 0.038764048343334218 -0.035151111918526851 -0.032850382999124038 0.051096111819907947 0.033650915180869483 0.058567313422519023 -0.042755665284019459 0.037740373025134083 0.043517811656556181 0.04980201665503637 0.0053785556610683972 -0.057699135504393755 -0.014041513029529036 -0.057084584829459273 0.036778928952233655 0.0064104318774951055 0.012789295900034501 0.027312185743355935 -0.055416456643846312 -0.036730853166094916 0.040175747929599048 -0.019342440815370444 -0.0544267333542394
leaf_weight=2.1507048378698519 2.3351138634607191 2.5992508572526267 0.67211155500262965 0.54746944783255347 2.8715324136428535 1.8739669043570737 4.0111970216967157 4.5786312362179151 2.7989883301779654 6.3256877916865042 2.9977444373071185 5.18303249310702 1.4819096624851287 6.8909091632813215 0.98920365795493115 2.4359983121976256 2.6839954536408177 2.2570285731926547 3.0112983444705606 8.2199906874448079 1.5463645914569495 2.3287032824009657 19.408979807980359 1.0107571780681603 8.6034775488078576 1.5873740073293445 1.755711489357054 2.3537499709054828 0.5444018542766571 1.6636057170107958
leaf_count=263 109 66 27 21 115 34 57 169 41 85 37 152 11 156 7 34 24 33 41 84 37 23 161 14 67 29 23 30 19 31
internal_value=-4.84801e-05 -0.00108009 0.0298568 -0.0019872 -0.0231344 -0.00079561 -0.00562069 -0.00289875 -0.00143743 -0.00540683 -0.00107183 0.00579509 0.00176825 -0.0163249 -0.0326509 0.0135245 0.0110887 -0.00686639 -0.0235028 0.00613603 -0.0101631 0.00159079 0.00117221 0.00215106 0.0139532 -0.019724 0.0257834 0.00731845 -0.0710885 -0.0290229
internal_weight=107.719 105.568 3.00723 102.561 5.47078 97.0902 56.0533 52.0421 50.9503 46.3716 40.0459 41.0368 35.8538 12.1901 7.88011 4.30997 23.6637 32.9387 10.7308 20.9797 7.71947 6.17311 22.208 19.4978 11.2778 3.8444 7.10721 4.10946 1.09187 2.67436
internal_count=2000 1737 136 1601 181 1420 806 749 709 540 455 614 462 231 163 68 231 365 163 207 122 85 202 196 112 62 90 53 40 45
is_linear=0
shrinkage=0.05


Tree=93
num_leaves=31
num_cat=0
split_feature=7 7 1 5 6 9 5 8 9 6 2 6 9 5 1 4 4 2 2 3 6 1 0 1 1 7 3 9 3 5
split_gain=2.13823 1.13899 1.79882 2.2939 1.63188 1.87321 1.819 2.27973 1.51935 1.31362 1.30223 1.56999 1.16434 1.76338 1.50208 2.75831 1.55316 2.27633 1.94256 1.27146 1.19942 1.28434 1.08838 1.06548 2.14653 1.7966 2.01114 1.74873 1.90845 1.02281
threshold=0.12029411643743516 0.21062500029802325 67.930576324462905 0.70629960298538219 5.5000000000000009 10.271853446960451 0.45932918787002569 0.031078154221177105 11.777173519134523 11.500000000000002 147.07643127441409 8.5000000000000018 9.463076591491701 0.21866326779127124 34.99682807922364 0.08886688202619554 0.1029927507042885 300.12550354003912 300.12550354003912 0.024468392133712772 8.5000000000000018 33.450057983398445 133.70674133300784 10.855786800384523 18.858830451965336 0.26267856359481817 0.031211911700665954 6.9727132320404062 0.035342745482921607 0.40577885508537298
decision_type=2 2 2 2 2 2 2 2 2 2 2 2 2 2 2 2 2 2 2 2 2 2 2 2 2 2 2 2 2 2
left_child=-1 2 3 4 -2 -6 -7 10 -9 12 -8 -12 23 -14 20 -16 17 29 -18 -19 21 -15 -5 -3 -25 -26 -27 -28 -29 -17
right_child=1 9 -4 22 5 6 7 8 -10 -11 11 -13 13 14 15 16 18 19 -20 -21 -22 -23 -24 24 25 26 27 28 -30 -31
leaf_value=0.050559939192433373 0.055045731993832628 0.030432020542728179 -0.020858555745954049 -0.15411306720196138 0.053596254645683516 -0.036864969454746668 0.038135345041341612 -0.03527792171896265 0.057667146503400338 0.034055285827886368 -0.064716340030863295 0.012648858973697412 -0.050278349550231138 0.00029033217985599324 -0.053179688940935083 -0.053609322160276841 -0.0026282584063966399 -0.010146232301045312 -0.049029511189744572 0.048178031454091524 -0.037062384253021795 0.049109528653803684 -0.026047336410845875 -0.026627878274569045 -0.023077907265110716 0.038421815488049321 -0.03086970976585561 -0.018148675513553855 0.03439241435543982 0.011850899331873778
leaf_weight=2.0469344248995176 2.9770931024104366 3.2660661283880499 3.7921580700203767 0.2434645523317166 2.3336549820378414 2.1471095699816924 0.94124089833349023 0.51458175247535143 3.021036013495177 2.2649395857006303 1.4745294805616143 1.1809632210060952 2.4558187872171393 27.413347296882428 4.2624867460690465 1.5450990078970819 5.5898585962131602 1.3232843605801461 3.7814015317708254 3.1798482211306691 2.031251471489667 1.4168506739661086 0.52077469043433666 5.8118696846067932 3.7952800337225225 5.8998656012117889 2.9291794896125776 2.7573974598199129 4.6309551456943154 0.97220324166119088
leaf_count=263 131 30 45 17 51 24 56 23 125 27 18 29 61 395 207 37 47 22 53 38 37 15 34 45 31 40 20 25 39 15
internal_value=-4.95936e-05 -0.00104118 0.00997988 0.0175962 0.0220193 0.0135527 0.00348234 0.0156284 0.0441397 -0.0035142 -0.0123984 -0.0303101 -0.00453865 -0.00888479 -0.0069115 -0.0173479 -0.00803026 0.00975185 -0.0213516 0.0310389 7.31276e-05 0.00268954 -0.0668454 0.00352469 0.000121681 0.00789 0.0151373 0.0018225 0.0147836 -0.028328
internal_weight=106.521 104.474 19.1466 15.3544 14.5902 11.6131 9.27946 7.13235 3.53562 85.327 3.59673 2.65549 83.0621 53.9714 51.5156 20.6542 16.3917 7.02043 9.37126 4.50313 30.8614 28.8302 0.764239 29.0906 25.8245 20.0127 16.2174 10.3175 7.38835 2.5173
internal_count=2000 1737 553 508 457 326 275 251 148 1184 103 47 1157 927 866 419 212 112 100 60 447 410 51 230 200 155 124 84 64 52
is_linear=0
shrinkage=0.05


Tree=94
num_leaves=31
num_cat=0
split_feature=7 3 0 7 9 0 5 2 4 0 7 6 7 9 9 6 2 8 5 0 9 3 2 1 4 8 3 5 3 2
split_gain=2.03114 1.05547 1.13697 1.34864 0.975122 0.984607 2.00453 1.63802 1.49356 1.40862 1.47159 1.39741 2.10563 1.19362 1.70957 1.0435 0.966344 2.01792 1.6573 1.46506 2.80101 2.56008 1.2589 2.00953 2.21056 2.07136 1.2372 1.21219 2.10228 2.3052
threshold=0.12029411643743516 0.013020892161875965 172.61579895019534 0.25049999356269842 16.495249748229984 108.76570510864259 0.58775746822357189 39.455329895019538 0.074026100337505354 98.103576660156264 0.37062500417232519 4.5000000000000009 0.28937499225139623 10.546396732330324 12.151974678039553 2.5000000000000004 124.57394409179689 0.060981422662734992 0.45776180922985082 185.32576751708987 11.324672698974611 0.025625237263739113 166.88418579101565 53.751234054565437 0.14624729752540591 0.035059168934822089 0.017678850330412391 0.50050100684165966 0.023301674053072933 152.61964416503909
decision_type=2 2 2 2 2 2 2 2 2 2 2 2 2 2 2 2 2 2 2 2 2 2 2 2 2 2 2 2 2 2
left_child=-1 2 -2 -4 5 9 7 -7 -9 11 13 -3 -13 -11 -15 -10 17 18 -17 20 21 -18 -23 -24 25 -25 -22 28 29 -21
right_child=1 4 3 -5 -6 6 -8 8 15 10 -12 12 -14 14 -16 16 19 -19 -20 27 26 22 23 24 -26 -27 -28 -29 -30 -31
leaf_value=0.050532887506090841 0.075928813039984791 0.033211016311459007 0.052431691984890831 -0.029432557120376037 -0.036576929810298552 0.047765232724481133 0.051144537237939894 -0.033702337002196679 -0.04064079637972378 0.013059672983032631 -0.058746753436287373 0.040211124899808506 -0.042845868794592748 -0.090243118388223964 0.00062329190696653149 -0.0019068877457004349 0.03641186593910542 0.043959057774544542 0.048261495236034881 0.035230018262115387 0.02031328628921826 -0.033384850821671648 0.052068787919273711 -0.063116270536223082 0.032223716607704324 -0.0019657078396172526 -0.044708148589787902 0.032628459082707291 0.011067367742549787 -0.030704093646400771
leaf_weight=1.9481203141622234 0.88573970738798324 2.4209389090538007 0.92738676536828313 1.099612657446414 1.9826832693070162 1.7303503984585393 1.9315154734067608 3.4273804775439194 1.5470020137727249 2.3389880713075399 2.6240678317844868 1.1236664187163117 2.3779288493096828 0.91475567873567376 1.1923392652533946 16.784912982489921 3.6574199688620928 3.5894104456529012 1.825195797253399 1.6201304765418223 0.82305969018489022 4.2215567342936984 1.5225302008911947 2.341879949439317 2.177579028531909 3.3886042181402445 6.5829562568105757 3.4377258643507949 17.658706439658999 7.293247583322227
leaf_count=263 29 31 81 26 97 17 169 135 17 35 41 29 34 16 24 180 37 31 54 20 11 36 15 35 16 36 119 42 182 142
internal_value=-4.73408e-05 -0.00099985 0.0286717 0.00802173 -0.00185949 -0.00116106 0.000786437 -0.000376636 -0.00139377 -0.0139859 -0.029054 0.00400189 -0.0161928 -0.0115294 -0.0388247 1.73587e-05 0.000835016 0.00963385 0.0030134 -0.00273426 -0.0117489 -0.000738799 -0.0106915 -0.000532919 -0.0106603 -0.0269561 -0.0374821 0.00469006 0.00107557 -0.0187197
internal_weight=105.397 103.449 2.91274 2.027 100.537 98.5538 85.5612 83.6296 81.8993 12.9927 7.07015 5.92253 3.5016 4.44608 2.10709 78.4719 76.9249 22.1995 18.6101 54.7254 24.7156 17.3096 13.6522 9.43059 7.90806 5.73048 7.40602 30.0098 26.5721 8.91338
internal_count=2000 1737 136 107 1601 1504 1294 1125 1108 210 116 94 63 75 40 973 956 265 234 691 305 175 138 102 87 71 130 386 344 162
is_linear=0
shrinkage=0.05


Tree=95
num_leaves=31
num_cat=0
split_feature=7 3 0 7 9 2 5 9 8 5 5 0 5 5 8 6 7 4 2 0 9 5 7 2 9 6 5 5 8 1
split_gain=1.92976 0.984369 1.06716 1.26905 0.920219 1.0614 1.11738 0.997294 0.886576 2.31516 1.76641 1.61854 1.29952 1.09243 1.08431 1.04908 1.69924 1.17506 1.01061 1.12135 1.08374 2.18538 1.95015 1.84741 1.82485 1.52212 1.41284 1.8078 1.8614 1.43079
threshold=0.12029411643743516 0.013020892161875965 172.61579895019534 0.25049999356269842 15.49504327774048 120.70887756347658 0.43268631398677831 15.321064949035646 0.018392291851341728 0.52683210372924816 0.3856737762689591 155.17555236816409 0.51046153903007518 0.48871119320392614 0.019252594560384754 2.5000000000000004 0.67875000834465038 0.097064275294542326 34.821166992187507 104.25593566894533 8.8817286491394061 0.2932583093643189 0.32774999737739569 58.859989166259773 13.006647586822512 8.5000000000000018 0.39443081617355352 0.36579407751560217 0.060981422662734992 51.429656982421882
decision_type=2 2 2 2 2 2 2 2 2 2 2 2 2 2 2 2 2 2 2 2 2 2 2 2 2 2 2 2 2 2
left_child=-1 2 -2 -4 7 6 -6 8 10 12 -3 -12 13 14 -10 -16 18 -18 -17 -20 -21 23 24 -22 -23 -25 27 28 29 -24
right_child=1 4 3 -5 5 -7 -8 -9 9 -11 11 -13 -14 -15 15 16 17 -19 19 20 21 22 26 25 -26 -27 -28 -29 -30 -31
leaf_value=0.050507133355485401 0.07479717911358888 -0.057000071419219971 0.052324071492699714 -0.02843676910607891 -0.051223748994498164 -0.044236388523939803 0.034608216360196224 0.03956126076762298 0.04131313781021758 0.042239456029963235 -0.040329737943901295 0.029529314279253704 -0.038086544186666418 0.029989065227867109 -0.041959330636215181 0.030320070690163826 0.0021263016013542474 0.067269828739064966 -0.027421379980941532 0.0076810331329774349 0.016760887401596352 -0.0037997925718238398 0.010471910189056272 -0.044583550758635376 -0.043155253114423697 0.016561227102799135 -0.024727448457411167 0.056811651102490784 0.053334321522663646 -0.042055074526882189
leaf_weight=1.8540304568596173 0.8549662977457041 2.0962158916518083 0.88392628869041789 1.0816787974908946 0.56567670218646426 2.6312899640761316 1.1501023070886729 1.5091056916862715 1.434489034116267 3.101593271829187 1.3938290672376754 2.0464724600315094 2.3900465993210664 2.8035139665007582 1.6533786263316859 2.1890965029597274 1.3051790143363171 1.4740550201386211 4.8348624529317012 18.833389983512461 2.0177878960967055 19.841863851062957 5.7813970772549492 7.5408655055798572 3.4589636316522947 1.1766318809241054 2.0259207049384704 2.6578335356898597 1.9707803940400479 1.6711941268295047
leaf_count=263 29 50 81 26 36 128 58 22 16 210 38 31 23 34 19 19 32 14 73 146 19 227 71 127 92 15 24 27 17 33
internal_value=-4.8061e-05 -0.000963615 0.0281646 0.00788112 -0.00178887 -0.0242858 0.0063102 -0.000761692 -0.00141113 -0.000192319 -0.0208193 0.0012261 -0.00173951 -0.000688709 -0.00176556 -0.00255344 -0.00170487 0.0366772 -0.00314639 -0.00416657 -0.00248787 -0.0064659 -0.000759118 -0.0263516 -0.00964204 -0.0363306 0.0139129 0.0203925 0.0101206 -0.00130692
internal_weight=104.23 102.376 2.82057 1.96561 99.5555 4.34707 1.71578 95.2085 93.6994 88.1628 5.53652 3.4403 85.0612 82.6712 79.8677 78.4332 76.7798 2.77923 74.0006 71.8115 66.9766 48.1432 37.408 10.7353 23.3008 8.7175 14.1071 12.0812 9.42337 7.45259
internal_count=2000 1737 136 107 1601 222 94 1379 1357 1238 119 69 1028 1005 971 955 936 46 890 871 798 652 491 161 319 142 172 148 121 104
is_linear=0
shrinkage=0.05


Tree=96
num_leaves=31
num_cat=0
split_feature=7 7 1 5 3 6 9 5 8 9 6 2 6 9 1 8 4 7 3 0 6 6 0 0 7 7 7 4 9 3
split_gain=1.83343 0.946471 1.62529 2.04721 2.0473 1.50644 1.72407 1.60389 2.05088 1.43038 1.20199 1.12946 1.36622 1.09448 2.32136 1.54298 2.31267 1.2518 1.16103 1.07494 3.44332 2.65808 1.57615 1.46537 1.70422 1.3887 2.0218 1.81735 1.89276 2.073
threshold=0.12029411643743516 0.21062500029802325 67.930576324462905 0.70629960298538219 0.017524345777928833 5.5000000000000009 10.271853446960451 0.45932918787002569 0.031078154221177105 11.777173519134523 11.500000000000002 147.07643127441409 8.5000000000000018 13.116025924682619 37.713876724243171 0.012921773362904789 0.082508645951747908 0.32944445312023168 0.017985989339649681 185.32576751708987 8.5000000000000018 6.5000000000000009 181.32503509521487 166.93327331542972 0.38449999690055853 0.4812499880790711 0.59533333778381359 0.08045652881264688 10.813251972198488 0.024759870953857902
decision_type=2 2 2 2 2 2 2 2 2 2 2 2 2 2 2 2 2 2 2 2 2 2 2 2 2 2 2 2 2 2
left_child=-1 2 3 5 -5 -2 -7 -8 11 -10 13 -9 -13 18 15 -15 -17 -18 -3 20 22 -21 23 25 -25 27 -27 -20 -29 -30
right_child=1 10 -4 4 -6 6 7 8 9 -11 -12 12 -14 14 -16 16 17 -19 19 21 -22 -23 -24 24 -26 26 -28 28 29 -31
leaf_value=0.050482614098710611 0.054526884814136416 0.043686018575833103 -0.020001762862563183 0.050540986518245956 -0.11935288338909651 0.052580911661409616 -0.03501986121045688 0.037009734375150184 -0.033359520410491124 0.057322230508575503 0.032991666451272925 -0.061386992209917779 0.012043371106296837 0.049994299983873051 -0.048496230899438553 -0.04084935819122501 -0.024328691479623479 0.023257525469971729 0.044659184446777522 -0.0058246223031026504 -0.048303457145283328 0.031029082579760111 -0.041150974210272633 -0.0010383249233471977 0.05864454723534325 -0.048138590166197995 0.0031081772955769099 0.0064246531205285427 0.016821023067930391 -0.052847250413338986
leaf_weight=1.764443328604101 2.7454777536913761 1.3998030405491579 3.7509339097887269 0.26906222477555353 0.52007424272596836 2.2162496908567837 2.0894238064065558 0.87880608532577786 0.51499280193820629 2.7947876993566751 2.2334122988395384 1.4218383454717698 1.1423952719196675 1.163582146167754 4.0824471781961611 3.9371926719322783 2.0374425868503749 4.2961353799328208 2.3244141666218701 14.444523117039354 4.5081582609564057 7.3988082958385339 2.4142308104783288 2.6185397338122121 2.2018564008176327 3.7437064945697776 3.9609051677398384 15.638427065685393 1.6061405120417465 3.1853431724011898
leaf_count=263 131 20 45 30 21 51 24 56 23 125 27 18 29 16 167 172 38 49 21 151 56 78 29 32 20 52 58 131 19 48
internal_value=-4.83839e-05 -0.00092646 0.0093539 0.0168993 -0.0614262 0.021377 0.0131469 0.00326303 0.0151083 0.0432124 -0.00319322 -0.011908 -0.0286729 -0.00419142 -0.0161305 -0.00457482 -0.010757 0.00794956 -0.0013607 -0.00234526 -0.00700557 0.00665852 -0.00206633 0.000608306 0.0262236 -0.00344554 -0.0217929 0.00276687 -0.00199943 -0.0294939
internal_weight=103.304 101.539 18.344 14.5931 0.789136 13.804 11.0585 8.84224 6.75282 3.30978 83.1951 3.44304 2.56423 80.9617 15.5168 11.4344 10.2708 6.33358 65.4449 64.0451 42.2017 21.8433 37.6936 35.2793 4.8204 30.4589 7.70461 22.7543 20.4299 4.79148
internal_count=2000 1737 553 508 51 457 326 275 251 148 1184 103 47 1157 442 275 259 87 715 695 466 229 410 381 52 329 110 219 198 67
is_linear=0
shrinkage=0.05


Tree=97
num_leaves=31
num_cat=0
split_feature=7 7 3 7 6 4 1 9 6 9 1 8 4 7 8 0 8 7 5 6 8 2 1 6 5 4 4 8 3 0
split_gain=1.74203 0.990924 4.02573 1.31604 2.10338 1.74187 1.87578 1.22081 1.08802 1.00945 2.20998 1.37563 2.15734 1.12986 1.08077 0.972594 0.960511 1.17011 1.26478 1.16998 1.26867 0.915164 1.39262 1.78697 1.34059 0.90747 1.3191 0.896003 2.71893 1.40609
threshold=0.12029411643743516 0.12522727251052859 0.023858561180531982 0.21062500029802325 5.5000000000000009 0.11736014112830163 67.930576324462905 16.679950714111332 11.500000000000002 13.116025924682619 37.713876724243171 0.012921773362904789 0.082508645951747908 0.32944445312023168 0.017482198774814609 236.19557952880862 0.019252594560384754 0.23045454919338229 0.19663144648075107 6.5000000000000009 0.046063164249062545 153.911979675293 27.730187416076664 8.5000000000000018 0.50050100684165966 0.12519570440053943 0.12255461513996126 0.034971710294485099 0.023531300947070125 181.32503509521487
decision_type=2 2 2 2 2 2 2 2 2 2 2 2 2 2 2 2 2 2 2 2 2 2 2 2 2 2 2 2 2 2
left_child=-1 2 -2 4 7 6 15 -3 9 14 11 -11 -13 -14 -5 21 -16 -18 19 20 -19 -6 -23 -24 -25 26 27 28 29 -20
right_child=1 3 -4 8 5 -7 -8 -9 -10 10 -12 12 13 -15 16 -17 17 18 25 -21 -22 22 23 24 -26 -27 -28 -29 -30 -31
leaf_value=0.0504592714837101 0.050742117703706138 0.057609808031318689 -0.17321099878272639 -0.039337210118994825 0.018884478645800951 0.047588980985278639 -0.043856985266720161 -0.018918135624270312 0.031372050612421341 0.04654060816846544 -0.047902805395911428 -0.040025276739599477 -0.02333654964013139 0.021980709234902151 0.032166500421388612 0.055849713259677219 -0.030383239160430703 -0.059013712073793481 0.049844430391716273 0.013848190622719978 -0.0050694973153867446 -0.079393492560404011 -0.050596735596693476 -0.018189374111646402 0.054855047248225597 0.013980067545151131 -0.04340311942301505 0.00602519096035075 -0.030431873405112317 -0.0093104602710378462
leaf_weight=1.6791472565382708 0.42034855298697849 3.1675701751373739 0.38395543023943901 1.8160600326955307 3.734340308234092 1.8707600571215142 2.3906068578362456 0.6237515634857117 2.231334773823618 1.1868093707598735 3.9302450884133568 3.8203443065285665 2.0183593612164259 4.3178312666714191 2.2099927384406319 0.88032124703750092 3.2917551137506953 2.4334566527977577 2.0912081813439709 1.7123695677146313 1.9741394780576227 0.7000605035573243 1.2898631133139136 1.150332333520055 1.383768470957875 13.452982330694793 1.7597005106508721 25.568211519159377 6.7942191655747592 1.933187104295939
leaf_count=263 36 136 6 32 154 51 28 28 27 16 167 172 38 49 23 23 40 37 24 16 20 11 25 14 41 100 16 231 134 42
internal_value=-4.82581e-05 -0.000891817 -0.0561677 -0.000446043 0.0121394 0.0028365 -0.0044251 0.0450194 -0.00306725 -0.0040241 -0.0155915 -0.00439624 -0.0103483 0.00754514 -0.00130758 0.00588996 -0.000215158 -0.00138811 0.000265489 -0.0212259 -0.0348524 0.000564375 -0.0145579 -0.00268831 0.0216972 0.00281448 -0.00112324 0.000921453 -0.0111405 0.0214284
internal_weight=102.217 100.538 0.804304 99.7336 17.1914 13.4001 11.5293 3.79132 82.5422 80.3109 15.2736 11.3433 10.1565 6.33619 65.0373 9.13869 63.2212 61.0112 57.7195 6.11997 4.4076 8.25836 4.52402 3.82396 2.5341 51.5995 38.1465 36.3868 10.8186 4.0244
internal_count=2000 1737 42 1695 511 347 296 164 1184 1157 442 275 259 87 715 268 683 660 620 73 57 245 91 80 55 547 447 431 200 66
is_linear=0
shrinkage=0.05


Tree=98
num_leaves=31
num_cat=0
split_feature=7 7 7 8 5 5 4 1 7 6 2 9 7 4 1 3 8 4 8 0 0 0 0 7 3 2 1 6 4 7
split_gain=1.65521 2.16745 1.44847 1.11714 0.762117 1.93359 1.91093 1.4705 1.90014 1.5454 1.78301 2.07882 2.91537 1.30453 1.43698 1.24862 1.8778 1.56107 1.79324 1.31219 1.28525 2.96623 1.07657 1.62674 1.04006 1.28893 1.6955 1.90834 1.31634 1.56379
threshold=0.12029411643743516 0.12267857417464258 0.14783626049757007 0.050779974088072784 0.33575668931007391 0.31985129415988928 0.14906157553195956 25.593830108642582 0.42049999535083776 7.5000000000000009 90.38132476806642 10.838040828704836 0.31633333861827856 0.075481262058019652 81.80240631103517 0.021163908764719967 0.018392291851341728 0.089766535907983794 0.040782336145639426 103.57311630249025 107.86373138427736 95.275806427001967 138.32386016845706 0.32774999737739569 0.031678734347224242 450.14494323730474 62.250961303710945 9.5000000000000018 0.12024287879467012 0.20414285361766818
decision_type=2 2 2 2 2 2 2 2 2 2 2 2 2 2 2 2 2 2 2 2 2 2 2 2 2 2 2 2 2 2
left_child=-1 -2 3 -3 5 15 7 9 13 10 11 -6 -13 -9 22 19 -17 18 -18 -4 21 -19 -15 24 25 26 27 28 29 -24
right_child=1 2 4 -5 6 -7 -8 8 -10 -11 -12 12 -14 14 -16 16 17 20 -20 -21 -22 -23 23 -25 -26 -27 -28 -29 -30 -31
leaf_value=0.050437051433414648 -0.099219294634346089 0.051474995111557009 0.05584265211257914 -0.030641273125382715 0.045706313025421483 -0.035030710339118053 0.06025374501129474 -0.038735234150660228 -0.054096948012834462 -0.015004229551307294 0.04883025722851516 0.02413712799522973 -0.055284821819104768 -0.024877670690051312 -0.026839715659391347 -0.057593653049366138 -0.016685479153776921 0.021035613782074247 0.042470945840257721 -0.040818498830646976 0.0019701987933049836 -0.057933862848415868 0.014221706495278869 0.042408801735296368 0.040362296659551468 0.037050718786562568 -0.060990401356203844 0.038861126524549691 0.033126331802984819 -0.033301743439037482
leaf_weight=1.5979402074590314 0.5569323506206264 2.1800770680420096 0.39364909939467851 0.51132213929668058 2.4026012113317829 5.0270979669876388 1.4259630907326926 2.1891590491868618 1.8362246705219138 3.4256268898025146 4.2698055398650467 2.5729817817918956 2.0972897447645664 2.4816753771156135 3.8469933532178393 1.3596569271758188 1.808955178130417 2.0091163516044608 4.3900039000436664 3.2484299011994153 28.408683801069856 2.9135255329310894 2.5250711892731541 3.252765084616839 1.7464059740304936 1.9990414641797531 1.268481106031685 2.479554734658449 1.4686512113548804 5.5046802442520857
leaf_count=263 19 193 5 22 36 90 19 90 55 83 69 75 50 40 45 31 39 21 38 114 259 39 58 37 17 24 21 42 11 95
internal_value=-4.76718e-05 -0.000857624 -0.000304525 0.0358742 -0.00131511 -0.00563605 0.00326127 0.0014699 -0.00478393 0.0144273 0.023316 0.00791335 -0.0115291 -0.00163574 0.00142059 -0.00231777 0.000180941 0.00216812 0.0252082 -0.030371 -0.00211687 -0.0257034 0.00620434 0.0100145 0.00381326 -0.000373524 -0.00602128 -0.000199977 -0.0103969 -0.0183573
internal_weight=101.198 99.6004 99.0435 2.6914 96.3521 49.5591 46.793 45.367 30.5987 14.7683 11.3427 7.07287 4.67027 28.7625 26.5733 44.532 40.8899 39.5303 6.19896 3.64208 33.3313 4.92264 22.7263 20.2447 16.9919 15.2455 13.2464 11.978 9.4984 8.02975
internal_count=2000 1737 1718 215 1503 636 867 848 535 313 230 161 125 480 390 546 427 396 77 119 319 60 345 305 268 251 227 206 164 153
is_linear=0
shrinkage=0.05


Tree=99
num_leaves=31
num_cat=0
split_feature=7 3 0 0 9 5 6 0 1 3 6 5 4 3 7 2 5 7 6 0 2 9 4 5 9 8 4 8 9 6
split_gain=1.57291 0.90565 0.914473 0.823793 0.852713 2.01463 1.84474 1.42966 2.00432 1.65321 1.28026 1.87361 1.29299 1.64292 1.26378 1.25346 1.23629 1.56714 1.23286 1.21176 1.19669 1.18199 1.43513 1.38632 1.09703 1.05569 0.99157 1.01094 0.98403 0.956426
threshold=0.12029411643743516 0.013020892161875965 208.87834167480472 251.69226074218753 10.838040828704836 0.33056472241878515 5.5000000000000009 112.23975753784181 35.222124099731452 0.0234375698491931 8.5000000000000018 0.45065875351428991 0.093038402497768416 0.017915174365043644 0.14783626049757007 42.91662788391114 0.28250834345817571 0.4053571373224259 6.5000000000000009 150.91223144531253 470.01081848144537 9.463076591491701 0.15218713134527209 0.24621741473674777 12.71848249435425 0.06138866767287255 0.11824803054332735 0.028759171254932884 12.866854190826418 5.5000000000000009
decision_type=2 2 2 2 2 2 2 2 2 2 2 2 2 2 2 2 2 2 2 2 2 2 2 2 2 2 2 2 2 2
left_child=-1 2 -2 4 5 16 -7 9 -9 28 12 -12 14 -14 -10 -11 21 18 -18 -20 26 22 25 -23 29 -3 -8 -28 -6 -15
right_child=1 3 -4 -5 7 6 20 8 10 15 11 -13 13 24 -16 -17 17 -19 19 -21 -22 23 -24 -25 -26 -27 27 -29 -30 -31
leaf_value=0.050415897724520431 0.045787482116503311 0.0061437490114284159 -0.022093625026133906 0.025651798970035739 0.055311382615762454 0.04257100334822355 -0.0026366475431126822 0.0056175506476959982 0.051887343371597699 -0.098447691670527235 -0.031092077263827816 0.029525588187197544 0.045154467531725667 -0.029999448257029306 -0.048690752144112864 -0.031995060057532353 -0.05675343629620664 0.014955454517595189 -0.044667120287156387 0.0089290724095059983 -0.026955721373564223 -0.057466048711218666 -0.027158916073474267 0.0031371791338711836 -0.055281863490228157 0.038248669951291406 0.0012723418710610971 0.054732862633145841 -0.027598732580492055 0.01421809114450058
leaf_weight=1.5206294520758081 1.9276083942968392 12.697666198015222 0.66811799537390459 2.6923439027741543 0.67980047315359005 4.9289334611967197 4.0211091907694918 23.048589174170047 0.33176181884482669 1.0274142762646081 2.1729420018382362 3.0838409522548318 1.1031260779127476 2.5430198707617819 5.3304827634710819 2.294145321007818 2.8848949912935478 2.4331465484574437 1.8722077887505291 2.414884926751256 2.2453321265056729 1.6870468957349651 2.6446875110268584 2.1414907425642014 1.70691971341148 3.2073147706687442 1.477001710329205 2.2036323915235698 0.75572158582508564 2.3558586593717337
leaf_count=263 97 105 39 37 16 74 61 485 20 14 59 42 12 39 209 55 25 22 24 22 28 33 17 23 35 25 22 35 25 37
internal_value=-4.85894e-05 -0.000827013 0.0283155 -0.00161511 -0.00240201 0.00235644 0.017558 -0.00720408 -0.00423997 -0.0331725 -0.0164368 0.00446869 -0.0246557 -0.0113302 -0.0427977 -0.05255 -0.00471408 -0.0197189 -0.0314824 -0.0144768 0.00516369 0.00172625 0.00694675 -0.0235677 -0.0207628 0.0126179 0.0145276 0.0332797 0.0116639 -0.00873534
internal_weight=100.102 98.581 2.59573 95.9853 93.293 46.8593 14.876 46.4336 41.6765 4.75708 18.628 5.25678 13.3712 7.70892 5.66224 3.32156 31.9833 9.60513 7.17199 4.28709 9.94708 22.3782 18.5497 3.82854 6.6058 15.905 7.70174 3.68063 1.43552 4.89888
internal_count=2000 1737 136 1601 1564 516 220 1048 938 110 453 101 352 123 229 69 296 93 71 46 146 203 147 56 111 130 118 57 41 76
is_linear=0
shrinkage=0.05


Tree=100
num_leaves=31
num_cat=0
split_feature=7 5 5 7 7 1 9 6 7 8 0 2 4 7 2 9 7 7 0 8 0 3 9 7 7 7 1 9 0 7
split_gain=1.49478 0.847931 1.42854 2.78562 2.2677 1.63941 1.19436 1.1272 1.27724 1.51742 1.28939 1.36326 1.29131 1.42549 1.045 1.07399 1.27441 1.57691 2.16489 1.85397 1.65994 1.35081 1.71686 1.2506 1.40627 1.43659 1.17337 1.01888 1.68595 1.1647
threshold=0.12029411643743516 0.43009750545024877 0.43688260018825537 0.32651513814926153 0.12267857417464258 21.600739479064945 15.376218795776369 2.5000000000000004 0.67875000834465038 0.036974443122744567 108.76570510864259 498.81297302246099 0.090711966156959548 0.3205555528402329 39.455329895019538 11.777173519134523 0.21062500029802325 0.28527776896953588 171.48836517333987 0.050391765311360366 192.81050872802737 0.030297138728201393 8.4219875335693377 0.55099999904632579 0.44062499701976782 0.39708334207534796 22.684321403503422 10.313438892364504 186.42356109619143 0.18050000071525577
decision_type=2 2 2 2 2 2 2 2 2 2 2 2 2 2 2 2 2 2 2 2 2 2 2 2 2 2 2 2 2 2
left_child=-1 6 -3 4 -4 -6 7 -2 10 -10 12 14 -9 -14 -12 16 -16 19 21 -18 -20 26 -23 24 25 -17 -19 -7 29 -29
right_child=1 2 3 -5 5 27 -8 8 9 -11 11 -13 13 -15 15 23 17 18 20 -21 -22 22 -24 -25 -26 -27 -28 28 -30 -31
leaf_value=0.050395762097611554 -0.04374694476321922 0.044027075838420388 -0.088692538838546359 -0.059997759425758301 0.040038783093252789 0.050068142404249949 -0.043317017620438145 0.024477764851488355 -0.02471685447666563 0.051138455002573024 0.044457549812832835 -0.030452352053096168 0.0076417928683852922 -0.042108043612371387 0.038171978207150431 -0.018452922345956954 -0.02802448040276222 -0.014859110295726117 0.044723263232332916 0.019411799098381227 0.0080699275394171214 0.004710485787830546 -0.040722577256748535 0.031551282839042065 -0.055207329257833386 0.027112449199176339 0.033690846017807884 0.010716311481366677 0.012605667201508786 -0.040602005059962538
leaf_weight=1.4470308390445996 1.6154184211045493 2.3878555060364333 0.5849205069243969 1.6103199687786389 3.9433627980761257 1.1146331066265691 1.8339844737201918 1.330997584387658 0.92609809525310938 2.2883514817804098 1.3900347836315621 3.518012306187301 1.9546812176704405 5.4669809620827436 2.6703878175467244 8.5473128315061313 7.1868586512282473 2.0328877661377218 5.4000297496095282 2.8872836567461491 7.2174077173694968 4.2454238999634963 4.0755268167704344 1.5253492007032026 1.9687652145512391 2.1687388555146745 3.2090678159147501 1.6690090456977476 9.6834349841810745 3.275376592297107
leaf_count=263 21 24 19 32 238 34 127 16 36 25 11 47 22 76 24 195 76 19 50 22 71 31 42 28 54 34 29 66 219 49
internal_value=-5.04253e-05 -0.000797364 0.0073055 0.00329812 0.00832638 0.0112091 -0.00347431 -0.00245414 -0.00150134 0.0292842 -0.00298285 -0.000285222 -0.0208721 -0.0290052 0.00166119 0.00054162 0.00483664 0.00238127 0.00884986 -0.0144291 0.0237569 -0.005018 -0.0175422 -0.0112234 -0.0163671 -0.0092313 0.0148626 0.00398747 0.000476142 -0.0232792
internal_weight=99.1755 97.7285 24.2689 21.8811 20.2707 19.6858 73.4596 71.6256 70.0102 3.21445 66.7957 58.0431 8.75266 7.42166 54.5251 53.135 38.9249 36.2545 26.1803 10.0741 12.6174 13.5629 8.32095 14.2102 12.6848 10.7161 5.24196 15.7425 14.6278 4.94439
internal_count=2000 1737 681 657 625 606 1056 929 908 61 847 733 114 98 686 675 364 340 242 98 121 121 73 311 283 229 48 368 334 115
is_linear=0
shrinkage=0.05


Tree=101
num_leaves=31
num_cat=0
split_feature=7 3 0 9 0 0 5 3 2 4 5 8 6 6 1 3 0 1 0 4 9 7 5 0 3 9 1 9 5 4
split_gain=1.42061 0.815814 0.84819 0.752991 0.843473 1.81462 1.50826 2.12334 1.72126 2.03417 1.61564 1.44538 1.42972 1.64424 1.38869 1.91828 1.99174 1.51872 1.2464 1.79505 1.95971 1.38599 1.24378 1.12519 1.6832 2.01832 1.57876 1.04923 1.04823 2.36572
threshold=0.12029411643743516 0.013020892161875965 214.9409103393555 16.495249748229984 185.32576751708987 181.32503509521487 0.50050100684165966 0.023206331767141822 151.93528747558597 0.12056905403733255 0.36579407751560217 0.020113009028136734 8.5000000000000018 11.500000000000002 111.05135345458986 0.035886285826563842 236.19557952880862 17.082704544067386 166.93327331542972 0.089088317006826415 11.49156427383423 0.3473214209079743 0.19663144648075107 196.38417816162112 0.026291212067008022 10.620293140411379 39.174648284912116 8.1112909317016619 0.26536384224891668 0.14906157553195956
decision_type=2 2 2 2 2 2 2 2 2 2 2 2 2 2 2 2 2 2 2 2 2 2 2 2 2 2 2 2 2 2
left_child=-1 2 -2 4 5 11 7 8 10 -10 -6 -3 18 27 15 16 17 -9 22 20 -20 -21 -13 26 -25 -26 -19 -14 -24 -30
right_child=1 3 -4 -5 6 -7 -8 14 9 -11 -12 12 13 -15 -16 -17 -18 23 19 21 -22 -23 28 24 25 -27 -28 -29 29 -31
leaf_value=0.050376594729546621 0.042852088739342056 -0.031130118342056336 -0.027446410769865551 -0.033350300845312479 -0.025723341619890878 -0.039045065910952595 0.031209171683156862 0.047203620307673111 -0.040988951107285704 0.038374326822337573 0.036759844686930818 -0.033978473801005105 0.011252954889021387 0.017008765369169669 -0.023634644293805521 0.049883456690443702 0.054516436052167452 -0.014970803415546258 0.055798242500969833 0.012102281737782231 -0.053204391443751053 0.063009909961783711 0.016840388041647659 -0.045747237821859715 -0.035670871510267405 0.029344323851745836 0.039176798602813388 -0.04716480559194948 -0.0089788881873793212 0.054049284088869921
leaf_weight=1.376968815922736 1.9528015987016254 4.0445703635923556 0.5499136704020201 1.8218517878558476 1.8546991995535771 3.6422660145908585 4.71473568631336 1.6139738932252026 6.424075661227107 0.92346007749438275 2.3396449917927384 2.546654891222718 0.94832567404955526 2.0565973818302155 2.7208376228809348 3.2062726039439431 2.0025023538619271 2.5667849285528046 0.60068288445472617 2.6929254909045994 1.315109299495816 2.6553881429135799 8.8129669157788175 2.9915713211521506 2.0676677990704775 2.8241735585033894 2.8307958389632404 4.0564716728404164 18.342058339621875 1.6203065151348699
leaf_count=263 109 105 27 97 45 59 159 12 183 7 35 38 10 47 21 32 15 26 7 39 53 20 74 49 18 32 34 85 282 17
internal_value=-5.18669e-05 -0.00076965 0.0274056 -0.00151792 -0.000890383 -0.00497935 0.00468985 0.00105167 -0.0164257 -0.0310143 0.00913037 -0.00248244 5.58667e-05 -0.0206292 0.00988956 0.0144267 0.00769886 0.00140463 0.00384131 0.0225016 -0.0190274 0.0373774 -0.000486321 -0.0041611 -0.0162034 0.00186391 0.0134273 -0.0360956 0.00247778 -0.00386301
internal_weight=98.1171 96.7401 2.50272 94.2374 92.4155 53.3343 39.0812 34.3665 11.5419 7.34754 4.19434 49.6921 45.6475 7.06139 22.8246 20.1037 16.8975 14.895 38.5861 7.26411 1.91579 5.34831 31.322 13.281 7.88341 4.89184 5.39758 5.0048 28.7753 19.9624
internal_count=2000 1737 136 1601 1504 836 668 509 270 190 80 777 672 142 239 218 186 171 530 119 60 59 411 159 99 50 60 95 373 299
is_linear=0
shrinkage=0.05


Tree=102
num_leaves=31
num_cat=0
split_feature=7 5 5 7 7 1 9 6 7 4 0 4 7 6 2 9 0 6 0 7 7 3 8 8 5 0 7 7 3 5
split_gain=1.35005 0.787829 1.21955 2.58546 1.4812 1.51814 1.12016 0.984049 1.15403 1.26702 1.1251 1.45396 1.36657 1.53641 1.20446 0.946892 1.41375 1.11659 1.20445 1.24249 1.10256 1.23601 1.04044 0.937088 0.917214 0.833987 0.827344 0.729053 1.85702 2.18242
threshold=0.12029411643743516 0.43009750545024877 0.43688260018825537 0.32651513814926153 0.1242261901497841 21.600739479064945 15.376218795776369 2.5000000000000004 0.67875000834465038 0.089290585368871703 108.76570510864259 0.089603852480649962 0.39208334684371954 6.5000000000000009 498.81297302246099 10.313438892364504 186.42356109619143 8.5000000000000018 241.91146087646487 0.264142856001854 0.18050000071525577 0.022137821651995186 0.026649076491594318 0.079511579126119628 0.50050100684165966 197.59748077392581 0.19763889163732531 0.33690476417541509 0.041363112628459937 0.33056472241878515
decision_type=2 2 2 2 2 2 2 2 2 2 2 2 2 2 2 2 2 2 2 2 2 2 2 2 2 2 2 2 2 2
left_child=-1 6 -3 4 -4 -6 7 -2 10 -10 11 -9 13 -13 23 -7 20 18 19 22 21 -17 26 27 -19 -16 -18 28 29 -12
right_child=1 2 3 -5 5 15 -8 8 9 -11 14 12 -14 -15 25 16 17 24 -20 -21 -22 -23 -24 -25 -26 -27 -28 -29 -30 -31
leaf_value=0.050358350476462567 -0.041472138019738113 0.041237389881113737 -0.063100305912293625 -0.059270061958177536 0.039206531078227261 0.049462170648786094 -0.042908753206799398 0.030775027318385342 -0.018058723572788187 0.049700043794141897 -0.028424538767818426 0.016352535875725119 -0.054291966702998899 -0.043326166754207029 -0.050888680819332732 -0.030032452929185632 0.058560456642137097 0.011033959437104238 0.043412258890400839 0.035281411904114428 -0.038890192135286654 0.056102278959784306 -0.043076647113569899 0.030041121067873086 0.062329071837829944 -0.0013545074708556518 -0.028180344228233317 0.0057978772418550012 0.041937167585432034 0.0029153829007585882
leaf_weight=1.3102758191525925 1.5725359553471197 2.3628920065239098 0.70266590686515584 1.5289112338796247 3.7802169085480299 1.0596277238801111 1.7459148685447861 1.2189464280381779 1.0149723966605955 2.1541459197178483 9.4947871742770129 2.4092410076409578 2.9796862760558724 1.9524779506027696 1.9235905720852309 0.86707438668236025 0.54452673392370188 1.9468945395201447 1.1973723229020832 1.0558123197406528 3.16374033363536 0.80147148761898279 2.6516863824799657 2.7276774058118454 1.577708182390779 1.5221637161448596 0.55518803652375937 26.035154274664819 1.8541840147227038 13.387265271972863
leaf_count=263 21 24 27 32 233 33 127 13 30 31 112 25 50 26 32 31 28 20 27 12 49 35 67 26 48 15 15 326 21 201
internal_value=-5.12172e-05 -0.000740762 0.00714645 0.00338806 0.0082011 0.0108104 -0.00334772 -0.00236447 -0.00146897 0.027999 -0.00289462 -0.0197955 -0.028192 -0.010362 -0.000353963 0.00384952 0.000484097 0.0116554 -0.00145759 -0.0126337 -0.0215456 0.0113416 -0.0261192 0.00149151 0.033995 -0.0290069 0.0147696 -4.2309e-05 -0.00618917 -0.010089
internal_weight=97.0988 95.7885 23.7958 21.4329 19.904 19.2013 71.9927 70.2468 68.6743 3.16912 65.5052 8.56035 7.34141 4.36172 56.9448 15.4211 14.3615 9.52919 6.00459 4.80721 4.83229 1.66855 3.7514 53.4991 3.5246 3.44575 1.09971 50.7714 24.7362 22.8821
internal_count=2000 1737 681 657 625 598 1056 929 908 61 847 114 101 51 733 365 332 217 149 122 115 66 110 686 68 47 43 660 334 313
is_linear=0
shrinkage=0.05


Tree=103
num_leaves=31
num_cat=0
split_feature=5 6 0 2 7 5 7 9 5 1 2 3 6 5 9 7 8 8 6 7 4 1 7 7 5 5 7 1 7 1
split_gain=1.30133 1.52003 0.981169 1.60347 1.05551 0.834464 1.43576 0.677847 1.76437 0.933542 1.49986 1.71068 1.0481 1.27423 1.26188 1.28587 0.834902 1.17249 0.999495 2.29045 1.0938 1.31957 1.068 1.23471 1.93542 1.28534 1.16175 1.0777 1.04956 1.85269
threshold=0.52683210372924816 6.5000000000000009 103.57311630249025 120.70887756347658 0.14783626049757007 0.51046153903007518 0.16607692092657092 9.463076591491701 0.21866326779127124 10.855786800384523 70.260765075683608 0.02557388320565224 8.5000000000000018 0.20565945655107501 8.6929473876953143 0.28774999082088476 0.012921773362904789 0.017482198774814609 2.5000000000000004 0.5835416615009309 0.089290585368871703 16.043454170227054 0.46062500774860388 0.4277500063180924 0.2932583093643189 0.30637896060943609 0.55099999904632579 12.283212184906008 0.33690476417541509 16.888195991516117
decision_type=2 2 2 2 2 2 2 2 2 2 2 2 2 2 2 2 2 2 2 2 2 2 2 2 2 2 2 2 2 2
left_child=5 2 -2 -4 -5 6 -1 9 -9 -8 -11 -12 13 -13 15 -15 -10 -18 -19 22 21 -21 23 24 -20 -25 -24 -26 29 -29
right_child=1 -3 3 4 -6 -7 7 8 16 10 11 12 -14 14 -16 -17 17 18 19 20 -22 -23 26 25 27 -27 -28 28 -30 -31
leaf_value=0.041972980036921348 -0.062808123098020738 0.049537751665311783 0.050860493263195888 0.050535372463112675 -0.027384128089274332 -0.027878847036895162 0.030629372887150855 -0.049552133426141037 0.027952163001638816 -0.026905463658051389 0.043135912390036286 -0.018715076097638287 -0.021202524304532441 -0.0029291861730884727 -0.010715626844707815 0.038970345785814792 -0.054209354795440638 -0.047270392646147547 -0.039971858064927895 0.060725037918412453 0.055605749352502204 -0.052603510453674299 -0.051855713869533582 0.055959462049733413 -0.037456038172006142 -0.006583534856268428 0.0081542586611178334 0.044465725962894928 0.015892123917598699 -0.0089062478032308663
leaf_weight=1.9133358392864455 0.50729325320571561 2.7453863502014428 1.5807351418770847 0.53953542420640621 2.2351008709520102 2.9547710716724387 3.0186541182920363 2.1476497277617446 2.0517371688038102 4.0040274811908629 2.7655222974717644 3.6429414097219732 4.1433550864458075 2.6986054889857751 3.3707731589674941 5.6963852494955063 1.1628980755340297 1.2654464244842518 3.6887733880430451 0.43999342806637221 2.4006018508225679 0.61712285643443465 2.3706278486642982 1.7345833932049566 1.9964461065828789 1.5605529088061301 1.222358912695199 1.7569424146786392 8.1445305466186237 21.814964186865836
leaf_count=48 33 319 206 78 46 40 35 61 32 39 21 32 39 22 34 39 42 20 65 4 22 38 67 18 29 29 20 22 136 364
internal_value=-5.01723e-05 0.0197941 0.00300127 0.0106664 -0.0122325 -0.00175451 -0.000853042 -0.00183184 -0.00513679 0.00429309 0.00127276 0.00632825 0.00112203 0.00712503 0.0151257 0.0255016 -0.00331038 -0.00458874 -0.00341142 -0.00224903 0.0369443 -0.00543385 -0.00530887 -0.00300185 -0.00558686 0.0263395 -0.0314399 -0.00182455 0.000418336 -0.00492814
internal_weight=96.1917 7.60805 4.86266 4.35537 2.77464 88.5836 85.6288 83.7155 54.3752 29.3403 26.3216 22.3176 19.5521 15.4087 11.7658 8.39499 52.2276 50.1758 49.0129 47.7475 3.45772 1.05712 44.2898 40.6968 37.4017 3.29514 3.59299 33.7129 31.7164 23.5719
internal_count=2000 682 363 330 124 1318 1278 1230 969 261 226 187 166 127 95 61 908 876 834 814 64 42 750 663 616 47 87 551 522 386
is_linear=0
shrinkage=0.05


Tree=104
num_leaves=31
num_cat=0
split_feature=7 5 8 5 4 1 9 0 3 6 4 8 5 6 3 6 8 1 3 4 8 0 2 0 0 5 9 7 3 3
split_gain=1.23175 0.720819 1.70211 1.72643 1.65125 1.13915 1.31595 1.9386 3.12884 1.4961 1.3153 2.40256 1.4489 1.42167 1.22037 1.22018 1.21456 1.11421 1.1061 1.37345 1.57568 1.09137 1.08832 1.03608 2.59083 1.02336 2.454 2.34654 1.35729 1.43175
threshold=0.12029411643743516 0.33575668931007391 0.018392291851341728 0.31985129415988928 0.14906157553195956 107.16216278076173 10.838040828704836 167.51636505126956 0.024095448665320877 4.5000000000000009 0.094042435288429274 0.014022004324942829 0.52222236990928661 3.5000000000000004 0.027794647961854938 8.5000000000000018 0.04054266773164273 26.392292022705082 0.021163908764719967 0.089766535907983794 0.040782336145639426 103.57311630249025 120.70887756347658 107.86373138427736 95.275806427001967 0.29238048195838934 9.4116024971008319 0.39708334207534796 0.031047980301082138 0.035342745482921607
decision_type=2 2 2 2 2 2 2 2 2 2 2 2 2 2 2 2 2 2 2 2 2 2 2 2 2 2 2 2 2 2
left_child=-1 2 -2 18 5 6 9 8 -8 -3 11 -9 14 -12 -13 22 17 -11 21 20 -20 -4 -14 24 -21 26 28 -27 -25 -30
right_child=1 4 3 -5 -6 -7 7 10 -10 16 13 12 15 -15 -16 -17 -18 -19 19 23 -22 -23 -24 25 -26 27 -28 -29 29 -31
leaf_value=0.050329950943838589 -0.055428750250204419 0.056997001648041216 0.049098723996726809 -0.032626295412618654 0.058601217536776828 -0.046560082774891015 0.017590895320117896 0.052462396485866897 -0.052115867963698673 0.025182284106629701 -0.032913254678374047 -0.027982668968438276 0.050838216040600986 0.02432277494530348 0.030091878928519361 0.061380675138648137 0.035196781858039407 -0.016770986035910245 -0.01564866508642055 0.020056485282621103 0.041149255758608699 -0.039754001993047711 -0.023759826948297778 0.029379249133458653 -0.056861942201468334 -0.0043534715813151404 -0.030089661511225566 0.054987951615812769 -0.03381719558108872 0.0092061885030881221
leaf_weight=1.1980614562053222 1.6201765246223647 1.9946014783345152 0.39543285779654924 4.5112193129025391 1.330004350747912 1.1726342700421799 2.6002185726538292 1.6123592171352381 4.2263597496785223 2.435140102170406 1.2249266514554609 8.802330839680506 0.67085623135790218 9.4922266893554461 1.0082175042480219 1.0235747157130388 3.1851890995167196 4.520579575560987 1.7270651692524541 1.9085029689595128 4.1678889179602265 2.7422692638356239 1.8028783225454388 4.7726443074643674 2.5675766621716321 4.3680239003151646 6.1820840742439023 2.692988570779562 2.7351613584905845 6.5996048795059323
leaf_count=263 52 42 5 84 23 12 111 39 83 39 19 276 81 135 13 61 43 65 39 21 38 99 59 30 39 49 88 20 21 51
internal_value=-4.83516e-05 -0.000689807 -0.00507128 -0.00327301 0.00368129 0.00208548 0.0033645 -0.00188664 -0.0255648 0.0174119 0.00441825 -0.00518012 -0.012164 0.0177809 -0.0220144 0.0154681 0.00962598 -0.00208349 -3.21527e-05 0.0023405 0.024509 -0.0285562 -0.00352946 -0.00176557 -0.0240656 0.00188397 -0.0038216 0.0182787 0.00768946 -0.00340001
internal_weight=95.2908 94.0927 46.9906 45.3705 47.1021 45.7721 44.5995 32.4639 6.82658 12.1355 25.6374 14.9202 13.3079 10.7172 9.81055 3.49731 10.1409 6.95572 40.8592 37.7215 5.89495 3.1377 2.47373 31.8266 4.47608 27.3505 20.2895 7.06101 14.1074 9.33477
internal_count=2000 1737 636 584 1101 1078 1066 877 194 189 683 529 490 154 289 201 147 104 500 396 77 104 140 319 60 259 190 69 102 72
is_linear=0
shrinkage=0.05


Tree=105
num_leaves=31
num_cat=0
split_feature=7 3 8 8 4 0 3 6 3 9 5 3 8 0 7 9 0 5 3 6 7 7 2 5 5 9 5 7 2 8
split_gain=1.17077 0.720413 0.73727 1.10212 1.14725 1.67655 2.72638 1.36453 1.17474 2.59851 1.00965 1.28865 1.24907 1.44542 1.09673 2.0118 1.39094 1.54621 1.79616 1.51571 1.96151 1.05959 1.00289 0.999607 1.72726 1.0391 1.26612 0.922262 0.834302 0.82666
threshold=0.12029411643743516 0.013020892161875965 0.032344043254852302 0.030641233548521999 0.14624729752540591 165.15481567382815 0.023992091417312626 3.5000000000000004 0.036176001653075225 10.114126682281496 0.45776180922985082 0.019795060157775882 0.03577838838100434 146.89511871337893 0.23607692122459414 10.271853446960451 185.672966003418 0.36995278298854833 0.035342745482921607 7.5000000000000009 0.37612499296665197 0.27732142806053167 38.011144638061531 0.36579407751560217 0.37169736623764044 12.280125141143801 0.52683210372924816 0.16720779240131381 139.36734771728518 0.012636344414204361
decision_type=2 2 2 2 2 2 2 2 2 2 2 2 2 2 2 2 2 2 2 2 2 2 2 2 2 2 2 2 2 2
left_child=-1 -2 3 4 5 6 22 -8 9 -7 11 -4 -12 -14 15 -13 -16 18 19 20 -18 27 -3 28 -25 -26 29 -15 -11 -27
right_child=1 2 10 -5 -6 8 7 -9 -10 23 12 14 13 21 16 -17 17 -19 -20 -21 -22 -23 -24 24 25 26 -28 -29 -30 -31
leaf_value=0.05031395305966483 0.026805806808427209 0.077464073187413995 -0.031463467969805224 -0.037478966796587104 0.027002120847257435 0.056241821314413833 0.0024340959203791902 -0.050260481088280684 -0.050078967492276395 0.00027871787840182295 0.057692552823072486 0.0078982524238363824 0.055417016747785368 -0.020023326469794763 -0.003241395063391272 -0.049567106114031541 -0.034214806310654822 0.049550626898165452 0.042595531116419581 0.037766125044426065 0.011572140171330327 -0.056975908205734997 0.0029368061660120597 0.074992874093534098 0.027859894328395515 0.020377011658415572 0.0318538958315197 0.027349934057945821 -0.052710294139391933 -0.033505306147020839
leaf_weight=1.1399845292326052 2.3266474555712184 0.63300033006818024 3.1929516857489935 2.8246041072998187 2.5881634266115716 2.1767847435548893 1.5599727192893622 5.7825886514037848 1.0014123106375326 1.3824881641194218 1.6174741527065624 3.3189766556024543 1.2948946245014665 1.8580042175017295 25.814094758592546 2.8146598073653877 4.2444979911670107 2.73690307047218 3.0722784288227549 2.123278238810598 5.2105937520973384 0.79068423248827446 1.5734462630935011 0.8064162191003551 2.198654930572955 0.86645568208768953 1.2891400032676754 2.2980837370269001 1.6054908216465262 3.9886970485094935
leaf_count=263 136 10 123 80 24 20 37 142 9 30 46 37 48 72 260 38 48 31 30 27 50 10 67 10 37 12 71 44 80 108
internal_value=-4.89904e-05 -0.000666392 -0.00137139 -0.00773903 -0.00467909 -0.0079768 -0.0244196 -0.0390652 0.00227502 0.0059377 0.00182125 -0.000679517 0.0185357 0.00838851 0.0013128 -0.018472 0.00412179 0.0150534 0.00860893 -0.000409295 -0.00898214 -0.00392194 0.0243177 -0.00308415 0.00511589 -0.00163831 -0.0121939 0.00617143 -0.0281932 -0.0238894
internal_weight=94.1313 92.9913 90.6647 30.2773 27.4527 24.8645 9.54901 7.34256 15.3155 14.3141 60.3874 52.5282 7.85914 6.24167 49.3353 6.13364 43.2016 17.3876 14.6506 11.5784 9.45509 4.94677 2.20645 12.1373 9.14936 8.34295 6.14429 4.15609 2.98798 4.85515
internal_count=2000 1737 1601 737 657 633 256 179 377 368 864 644 220 174 521 75 446 186 155 125 98 126 77 348 238 228 191 116 110 120
is_linear=0
shrinkage=0.05


Tree=106
num_leaves=31
num_cat=0
split_feature=7 5 7 9 0 1 6 0 3 5 3 8 3 6 8 7 5 8 8 4 1 0 9 2 9 3 7 7 4 2
split_gain=1.11281 0.66077 1.72692 1.24495 1.1328 1.3962 1.20937 1.73513 1.09233 1.88331 0.962438 1.60924 1.08041 0.989598 1.69637 1.58849 1.14277 0.974122 1.05618 1.45855 0.916655 1.22381 1.67526 0.911398 0.979183 0.892484 0.864197 1.93909 0.959645 0.83634
threshold=0.12029411643743516 0.43009750545024877 0.12267857417464258 10.00605630874634 251.69226074218753 25.309551239013675 8.5000000000000018 177.00214385986331 0.023384540341794494 0.48223812878131872 0.020851403474807743 0.017482198774814609 0.021244058385491375 8.5000000000000018 0.046063164249062545 0.21724999696016314 0.2932583093643189 0.019252594560384754 0.033553307875990875 0.13970787823200229 52.241065979003913 161.2481384277344 10.114126682281496 135.28517913818362 12.280125141143801 0.037747642025351531 0.45354168117046362 0.37062500417232519 0.10823307558894159 41.451904296875007
decision_type=2 2 2 2 2 2 2 2 2 2 2 2 2 2 2 2 2 2 2 2 2 2 2 2 2 2 2 2 2 2
left_child=-1 10 -3 -4 5 -5 23 -8 9 -9 26 -12 -13 15 25 -14 -16 -17 19 20 21 29 -23 -7 -25 -15 27 28 -2 -19
right_child=1 2 3 4 -6 6 7 8 -10 -11 11 12 13 14 16 17 -18 18 -20 -21 -22 22 -24 24 -26 -27 -28 -29 -30 -31
leaf_value=0.050298727978610014 -0.050338467056953766 -0.0762221692887462 0.053625126605732848 0.023332429905220123 0.057743115193584639 0.01760292663081801 -0.046070219123815773 -0.054711364309553492 0.064866655559002617 0.041414412883764351 -0.055531439467419209 0.036976214489013969 0.047320742277076694 -0.049121845140396969 -0.017789903686388244 0.03889397220573812 0.035731250394993024 0.0027096257013244709 0.0029436737465467133 0.01843165263114686 -0.051762420633807704 0.055467274083037511 -0.018559730160923198 -0.0024960841281409501 -0.039720751371953258 -0.0022704058157199075 -0.052104808343759759 0.023604537020456829 0.015312740925368605 -0.053691677471327505
leaf_weight=1.0847067988943297 2.5401532645337279 0.60946531686932104 1.4653262202627981 5.9897440178319874 1.0027207154780615 1.6035637652967105 0.92823600396513839 0.76929393503815013 1.4169644694775341 1.5091030292678622 1.3263181904330839 1.9276106795296062 1.836447974666952 3.5692730871960503 2.0746893826872115 1.5533289508894075 1.9206361388787625 0.92840245738625382 35.181079053319991 2.5991928577423087 2.2460118820890784 1.1375771556049588 2.3288646936416626 3.0505347200669348 4.1974001759663224 1.4212054582312701 1.6489179246127603 2.3569736678618938 0.71283226087689389 2.2506138691678643
leaf_count=263 116 19 62 271 19 51 21 12 19 49 38 21 19 70 18 15 22 13 335 22 60 10 46 51 107 17 105 67 7 55
internal_value=-4.91709e-05 -0.000642127 0.00679731 0.00910423 0.00591687 0.00324707 -0.00568097 0.0150444 0.0303957 0.00895783 -0.00305303 -0.00104549 0.000139677 -0.00106286 -0.0163411 0.00167951 0.00793883 -5.85431e-05 -0.00135496 -0.0145161 -0.0241476 -0.0148144 0.0057336 -0.0165069 -0.0240535 -0.0357793 -0.0202832 -0.01093 -0.0359522 -0.0372202
internal_weight=93.1872 92.1025 22.5424 21.9329 20.4676 19.4648 13.4751 4.6236 3.69536 2.2784 69.5601 62.3013 60.9749 59.0473 8.9858 50.0615 3.99533 48.2251 46.6717 11.4907 8.89147 6.64546 3.46644 8.8515 7.24793 4.99048 7.25888 5.60996 3.25299 3.17902
internal_count=2000 1737 681 662 600 581 310 101 80 61 1056 761 723 702 127 575 40 556 541 206 184 124 56 209 158 87 295 190 123 68
is_linear=0
shrinkage=0.05


Tree=107
num_leaves=31
num_cat=0
split_feature=5 6 0 2 7 5 7 7 9 2 4 4 0 4 7 7 5 7 7 0 0 6 6 5 8 7 9 0 9 4
split_gain=1.06049 1.39711 0.897312 1.41016 0.896482 0.687364 1.60051 1.02887 0.609665 1.13058 1.36405 1.85114 1.24513 1.11601 0.924241 1.12176 1.55652 0.766125 1.41978 0.85009 0.73466 0.914818 1.48395 0.777836 1.07148 1.16184 0.721967 0.776838 0.809579 0.621748
threshold=0.52683210372924816 6.5000000000000009 103.57311630249025 120.70887756347658 0.14783626049757007 0.51046153903007518 0.15958333015441897 0.18050000071525577 8.8817286491394061 343.41722106933599 0.10823307558894159 0.08886688202619554 197.59748077392581 0.12194668874144556 0.75900000333786022 0.62791666388511669 0.23424997925758365 0.21062500029802325 0.23607692122459414 190.20220947265628 198.7400817871094 8.5000000000000018 7.5000000000000009 0.21053409576416018 0.044589893892407424 0.30464285612106329 9.1048059463500994 97.418514251708999 9.8275189399719256 0.097064275294542326
decision_type=2 2 2 2 2 2 2 2 2 2 2 2 2 2 2 2 2 2 2 2 2 2 2 2 2 2 2 2 2 2
left_child=5 2 -2 -4 -5 6 -1 -7 20 14 11 -11 -13 -12 15 16 -10 19 -19 -18 21 22 23 -8 25 -25 -20 -28 -29 -17
right_child=1 -3 3 4 -6 7 8 -9 9 10 13 12 -14 -15 -16 29 17 18 26 -21 -22 -23 -24 24 -26 -27 27 28 -30 -31
leaf_value=0.053277929149330105 -0.060648785746291158 0.048835432994016964 0.0507825045743883 0.050488714787990399 -0.025082293551218389 -0.058365658455968208 -0.016130022947660749 0.0019483857176262422 -0.043406902251475588 -0.053184795131695342 -0.063305063013279095 0.029414539185076145 -0.015985072771631342 -0.013765330311844078 -0.038425431628777311 0.0029991313254895588 0.04358680911119401 -0.039002687903190392 -0.035973282210859173 -0.0019373397077217186 0.027812285585236542 -0.021039228999831402 0.042790979863704309 -0.030389979826168846 0.036016761389735696 0.015443352949569562 -0.042490344488776935 0.029253050550228595 0.0011224776090849279 0.046085734925810411
leaf_weight=1.3480906928889442 0.50542271137237449 2.4771428420208395 1.3908270236570386 0.47919541504234109 2.1675972393713892 1.3072282415814691 4.6429563900455895 1.5400931588374076 2.1256063105538479 1.5778900547884385 2.3690421367064118 3.146628316026181 2.9040991850197315 2.1857021106407046 1.5750690677668888 1.4434084803797298 2.0642219921573988 2.3979001943953326 1.279986273497342 2.0378131098113954 3.1409014984965316 3.5863944571465245 2.4380999095737925 2.2805221844464523 2.603449025657028 3.5120693296194077 0.93829277902841823 2.8148171342909363 27.995504774618894 1.9938557832501826
leaf_count=40 33 319 206 78 46 19 44 21 41 87 38 54 49 23 46 32 27 43 9 25 24 35 21 25 17 29 22 27 497 23
internal_value=-5.1181e-05 0.0186283 0.0021576 0.0100196 -0.0114003 -0.00158941 -0.000754837 -0.0257423 -0.00165351 -0.00431714 -0.0178805 -0.00495311 0.0076246 -0.0395322 -0.000776112 0.000539 -0.00172643 0.000514893 -0.00185375 0.0209713 0.0054061 0.00171446 0.00698701 0.000292194 0.00937357 -0.00260106 0.000843288 0.0023276 0.00369247 0.0279924
internal_weight=92.2698 7.02019 4.54304 4.03762 2.64679 85.2496 82.4023 2.84732 81.0542 58.8498 12.1834 7.62862 6.05073 4.55474 46.6665 45.0914 41.6541 39.5285 35.4265 4.10204 22.2044 19.0635 15.4771 13.039 8.39604 5.79259 33.0286 31.7486 30.8103 3.43726
internal_count=2000 682 363 330 124 1318 1278 40 1238 1043 251 190 103 61 792 746 691 650 598 52 195 171 136 115 71 54 555 546 524 55
is_linear=0
shrinkage=0.05


Tree=108
num_leaves=31
num_cat=0
split_feature=7 5 8 5 4 7 1 5 0 6 8 4 7 5 7 0 0 7 9 4 1 0 0 5 7 2 2 4 7 8
split_gain=1.01699 0.617542 1.52519 1.56689 1.49519 1.10793 1.0832 1.04855 2.38679 1.16579 1.51461 1.93478 1.33081 1.67878 1.35257 1.13657 1.09945 1.72607 1.58601 1.54331 1.2659 1.14343 1.10055 0.987067 1.88962 1.34615 1.20018 0.97123 1.85108 1.3439
threshold=0.12029411643743516 0.33575668931007391 0.018392291851341728 0.31985129415988928 0.14906157553195956 0.42049999535083776 107.16216278076173 0.70629960298538219 111.47814178466798 5.5000000000000009 0.044701451435685165 0.097064275294542326 0.21062500029802325 0.43268631398677831 0.32774999737739569 224.18183135986331 184.84757995605472 0.20145833492279056 10.670877456665041 0.11141143366694452 37.713876724243171 190.20220947265628 195.32550048828128 0.43533453345298773 0.19763889163732531 392.27041625976568 103.55961227416994 0.089603852480649962 0.70249998569488536 0.040350284427404411
decision_type=2 2 2 2 2 2 2 2 2 2 2 2 2 2 2 2 2 2 2 2 2 2 2 2 2 2 2 2 2 2
left_child=-1 2 -2 27 5 6 7 9 -9 12 16 -12 -3 14 -14 -10 17 20 -19 21 -11 -18 -23 26 25 -25 -24 28 29 -4
right_child=1 4 3 -5 -6 -7 -8 8 15 10 11 -13 13 -15 -16 -17 19 18 -20 -21 -22 22 23 24 -26 -27 -28 -29 -30 -31
leaf_value=0.050275545014949477 -0.054966926323157951 0.052785261159888713 -0.011271878314098469 -0.031611822551239115 0.057919953942959651 -0.025956855033884754 -0.044448111530590972 -0.2047377811581074 0.05076706082305707 0.052786955087794823 -0.0047970833696360298 0.051862163511607912 -0.003427447813904558 -0.016452782655537814 0.042766504651655497 -0.085745153532654092 0.034606889278006085 -0.0063814210313542985 -0.056313842516205442 0.055270444241251951 -0.016986618130523001 -0.053220457610574992 0.034351897769596955 0.020430557166400388 0.04337044174996349 -0.061252233140474635 -0.050521048152183251 -0.0036194643562512843 -0.042321499304986451 0.041718254747138507
leaf_weight=0.99301433935761352 1.4613174470141519 2.3957191456574938 1.6345368069596578 4.3276476119644931 1.2298235562629987 3.2742748358286908 1.1093308608978976 0.19159496482461591 0.38386017875745893 1.2120578142348732 3.1083682700991622 2.9241162973921746 2.4938832183834148 3.5499126517679542 4.3463164786808193 0.25294658076018095 1.7202483331784586 2.997856724075973 3.3870872696861625 1.328547510318457 1.402016253210604 1.2598499904852358 0.55594463832676444 0.94507727189920876 2.2537331627681851 1.0817243261262772 1.6610245730262247 32.432434167247266 1.1235437924042342 4.464904781896621
leaf_count=263 52 131 64 84 23 90 12 5 47 96 96 44 42 68 60 2 39 34 79 14 29 36 6 42 33 14 59 346 34 56
internal_value=-4.90467e-05 -0.000601176 -0.00471397 -0.00304433 0.00354621 0.00202073 0.0042792 0.00564934 -0.0500098 0.00684313 0.000732407 0.0226673 0.0191917 0.0114458 0.0259246 -0.00345708 -0.00594876 -0.0188582 -0.0328696 0.0048018 0.015365 -0.00227278 -0.0104511 -0.00215823 0.0118667 -0.0231644 -0.0292376 7.32721e-05 0.0166543 0.0275179
internal_weight=91.5027 90.5097 45.4444 43.9831 45.0653 43.8355 40.5612 39.4519 0.828402 38.6235 25.8377 6.03248 12.7858 10.3901 6.8402 0.636807 19.8052 8.99902 6.38494 10.8061 2.61407 9.4776 7.75735 6.4975 4.28053 2.0268 2.21697 39.6554 7.22299 6.09944
internal_count=2000 1737 636 584 1101 1078 988 976 54 922 621 140 301 170 102 49 481 238 113 243 125 229 190 154 89 56 65 500 154 120
is_linear=0
shrinkage=0.05


Tree=109
num_leaves=31
num_cat=0
split_feature=5 6 2 2 0 9 9 5 9 9 2 2 2 7 7 9 3 9 3 0 4 4 4 6 5 2 4 9 5 7
split_gain=0.972359 1.28612 0.711188 1.29592 0.843943 0.886019 0.621422 1.04129 0.738545 0.994409 0.967416 0.870378 0.806284 0.727907 1.18457 1.09918 1.05748 1.07554 0.689286 1.5334 1.46885 1.30108 1.38786 1.57755 1.47803 1.76331 2.22847 1.14057 1.5109 1.1069
threshold=0.52683210372924816 6.5000000000000009 42.91662788391114 120.70887756347658 226.20195770263675 13.393192291259767 8.8817286491394061 0.20851960033178332 9.1048059463500994 9.3630943298339862 498.81297302246099 492.08648681640631 461.04286193847662 0.5443750023841859 0.44416666030883795 6.3361613750457773 0.037747642025351531 8.4744629859924334 0.027460592798888687 202.498893737793 0.099394958466291441 0.11755571886897088 0.11159776151180269 4.5000000000000009 0.33056472241878515 152.61964416503909 0.084496144205331816 12.792386054992678 0.43533453345298773 0.26937501132488256
decision_type=2 2 2 2 2 2 2 2 2 2 2 2 2 2 2 2 2 2 2 2 2 2 2 2 2 2 2 2 2 2
left_child=6 2 -2 -4 5 -5 13 -8 -9 -10 11 12 18 14 15 -1 17 -17 21 20 -20 22 23 -11 29 26 -26 -27 -29 -25
right_child=1 -3 3 4 -6 -7 7 8 9 10 -12 -13 -14 -15 -16 16 -18 -19 19 -21 -22 -23 -24 24 25 27 -28 28 -30 -31
leaf_value=0.036494707091977621 -0.051330468930181443 0.048407305462010108 0.050722658815935108 0.031436516326337913 0.05282893763705622 -0.042574850553433283 -0.036930182538364539 -0.031051523842635143 0.028508435499113138 0.010684000157160166 -0.037352004398342235 0.041380370545706119 -0.033307012867626315 -0.017577696081025253 0.034593301085176609 -0.024587414738911989 0.015956746198635127 0.014851970693341167 0.019322852945750549 0.039124534164144166 -0.013021455201830765 0.023002228625547988 -0.051276491258500125 0.01787775498108881 -0.032607529168075175 -0.046822506158908782 0.032353968933711973 -0.051813656619451066 0.01254547775880677 -0.054018521519412589
leaf_weight=2.1307219765149119 0.54065490840002794 2.3173734997399151 1.292383512016386 0.54311775788664896 0.43417291319929052 1.5829802087973801 2.3229013532400122 2.2273521260358384 2.5995925408788016 8.8382387794554322 1.9913625316694368 1.1391803324222554 2.079065373633056 2.9219158375635734 3.7088472489267579 5.9176911907270533 5.0250101359561077 2.4419932719320059 5.8042264799587455 2.9756027469411483 8.8807399407960457 3.4606993929482988 1.8556147888302792 0.63979760464281143 1.9102470213547329 3.1286479039117694 4.2739378716796637 1.3135818757582454 2.9822564870119095 3.2791394006926566
leaf_count=21 30 319 209 46 25 53 63 22 28 200 40 9 45 29 30 54 50 22 74 29 116 38 18 15 66 53 51 88 50 107
internal_value=-4.53876e-05 0.0182685 0.002371 0.00990709 -0.0106959 -0.0236684 -0.00151112 -0.0040899 -0.0028052 -0.00170437 -0.00314411 -0.00184808 -0.00280575 0.00567372 0.00920773 0.00313949 -0.00217035 -0.0130666 -0.00152057 0.00639465 -0.000237382 -0.00593275 -0.00948095 -0.0065394 -0.0152242 -0.00743264 0.0122879 -0.0238587 -0.00713426 -0.0422809
internal_weight=90.559 6.71068 4.39331 3.85265 2.56027 2.1261 83.8484 61.7022 59.3793 57.1519 54.5523 52.561 51.4218 22.1462 19.2243 15.5154 13.3847 8.35968 49.3427 17.6606 14.685 31.6822 28.2215 26.3658 17.5276 13.6087 6.18418 7.42449 4.29584 3.91894
internal_count=2000 682 363 333 124 99 1318 1112 1049 1027 999 959 950 206 177 147 126 76 905 219 190 686 648 630 430 308 117 191 138 122
is_linear=0
shrinkage=0.05


Tree=110
num_leaves=31
num_cat=0
split_feature=5 6 5 7 3 9 9 9 5 9 5 9 2 1 4 7 3 5 4 8 4 4 9 4 2 9 0 0 8 4
split_gain=0.909105 0.988208 0.837354 1.468 0.622992 0.946066 1.73399 0.974059 1.27029 0.556063 1.4659 1.97217 1.71627 1.30834 1.4884 0.873885 1.42957 0.517827 0.743222 1.03691 1.17473 1.23935 0.817926 0.798905 0.690913 1.04182 1.46905 1.17496 0.909542 0.882887
threshold=0.52222236990928661 6.5000000000000009 0.51046153903007518 0.15958333015441897 0.01501726917922497 11.413536548614504 11.902299880981447 16.679950714111332 0.57774519920349132 13.393192291259767 0.36579407751560217 13.74346971511841 92.181991577148452 23.616579055786136 0.082025259733200087 0.55099999904632579 0.023691140115261081 0.19663144648075107 0.12519570440053943 0.045612115412950523 0.14175220578908923 0.14906157553195956 8.9815607070922869 0.12255461513996126 138.1419372558594 12.539570331573488 161.2481384277344 181.32503509521487 0.062801644206047072 0.089603852480649962
decision_type=2 2 2 2 2 2 2 2 2 2 2 2 2 2 2 2 2 2 2 2 2 2 2 2 2 2 2 2 2 2
left_child=2 4 3 -1 -2 -6 -7 8 -8 17 15 -12 -13 -14 -15 -11 -17 -5 23 20 22 -22 -20 24 25 26 28 -28 29 -19
right_child=1 -3 -4 9 5 6 7 -9 -10 10 11 12 13 14 -16 16 -18 18 19 -21 21 -23 -24 -25 -26 -27 27 -29 -30 -31
leaf_value=0.053076481236442145 0.03846196936469716 0.041334754386994112 -0.031160150686374455 -0.013604136023631625 0.051076216413692643 -0.12593737984831219 -0.029234687352544628 -0.064574969895288256 0.051379673103031098 -0.053793953379324091 -0.057374891788642135 -0.051620713865104598 0.055196605154371282 -0.041688536660672348 0.024230219733572905 -0.051258890372855574 0.05016705185162243 0.011955122518034435 0.033505342656088642 0.030558207442126364 -0.039872862937917919 0.0091801620344698649 -0.0048823129756919784 -0.035742524247687917 -0.0061523301932560519 0.033072565986748591 0.049199658429951318 0.0035423995550786617 0.022802063116672943 -0.023962171124897114
leaf_weight=1.2513097194023419 0.94707680819556017 2.6486944367643446 2.3146458687260738 6.1021113372407845 0.57500241813249919 0.33580358838662538 0.96766534983180486 0.53660591435618687 0.98722652439028025 2.5504187811166044 1.2424379852600376 0.9465832938440143 1.8960418221540747 1.207206724444404 2.9462321922183037 0.75543696992099263 0.64322400558739901 2.2532740477472597 3.4506390746682865 4.7499268297106019 2.516748134046793 2.6366860345005989 2.320957588031888 1.6489515486173321 23.313687008805573 3.1151533881202331 2.3597911670804015 3.4976897658780217 1.8788709379732598 7.1087844572030008
leaf_count=40 133 324 32 83 69 14 25 12 113 115 22 35 20 98 46 58 8 22 31 39 19 23 26 19 355 43 20 32 17 107
internal_value=-4.64139e-05 0.0172577 -0.00151057 -0.000656902 0.00259527 -0.0073887 -0.019279 -0.00490361 0.0114758 -0.00150649 -0.0113298 0.000675874 0.0109852 0.0207813 0.00507078 -0.0363759 -0.00461456 0.000281662 0.00167412 0.0110551 0.0025756 -0.0147755 0.0180683 -0.00158082 -0.000286668 0.0064786 0.00163346 0.0219362 -0.00894602 -0.0153175
internal_weight=89.7049 6.99808 82.7068 80.3922 4.34938 3.4023 2.8273 2.4915 1.95489 79.1409 12.1876 8.2385 6.99606 6.04948 4.15344 3.94908 1.39866 66.9533 60.8512 15.675 10.925 5.15343 5.7716 45.1762 43.5273 20.2136 17.0984 5.85748 11.2409 9.36206
internal_count=2000 690 1310 1278 366 233 164 150 138 1238 402 221 199 164 144 181 66 836 753 138 99 42 57 615 596 241 198 52 146 129
is_linear=0
shrinkage=0.05


Tree=111
num_leaves=31
num_cat=0
split_feature=7 9 9 5 2 2 5 7 6 9 1 7 5 3 5 2 0 6 6 0 0 7 7 9 7 2 7 6 3 3
split_gain=0.862384 1.21307 2.55401 1.47133 1.29877 1.14363 0.757117 0.786345 0.744184 0.813074 1.62526 1.14847 1.30888 1.1734 2.05838 0.852025 0.77545 2.65944 1.88932 1.24357 1.14269 1.29943 1.74882 1.38982 1.64187 1.27336 1.17361 1.20402 1.17747 1.74341
threshold=0.21062500029802325 11.740690708160402 12.427813529968263 0.45932918787002569 450.89181518554693 478.04307556152349 0.78045868873596203 0.19944444298744204 11.500000000000002 13.116025924682619 37.713876724243171 0.32944445312023168 0.50721323490142833 0.023691140115261081 0.36579407751560217 92.96197891235353 185.32576751708987 8.5000000000000018 6.5000000000000009 181.32503509521487 166.93327331542972 0.4812499880790711 0.59533333778381359 7.4054429531097421 0.43633332848548895 141.21437835693362 0.40774999558925634 4.5000000000000009 0.039784917607903487 0.031211911700665954
decision_type=2 2 2 2 2 2 2 2 2 2 2 2 2 2 2 2 2 2 2 2 2 2 2 2 2 2 2 2 2 2
left_child=1 5 -3 -4 6 -1 7 -5 9 16 11 12 -11 14 -13 -16 17 19 -18 20 21 23 -23 -2 26 -22 27 -25 29 -29
right_child=8 2 3 4 -6 -7 -8 -9 -10 10 -12 13 -14 -15 15 -17 18 -19 -20 -21 25 22 -24 24 -26 -27 -28 28 -30 -31
leaf_value=0.041214343422795695 0.045072375709785541 -0.043696326730368017 -0.048028369043824404 0.043948419174492992 -0.03635719500028084 -0.0094270650660373094 -0.041246121742570654 -0.0046753001690148363 0.028053160960083496 -0.054887575740194441 -0.0461624808744606 -0.051598650990052813 0.013135071268144364 0.036703402932442557 -0.024330933432881799 0.036141965628013771 -0.0035688503403767929 -0.045009918515920275 0.029017663041813902 -0.037755309421319515 0.054565035562891696 -0.047750111065719282 0.0034111173694630079 0.034373710755330682 0.039272572095020108 0.002516981252710309 -0.039310783066226984 0.0016012655755155991 0.030202967876238215 -0.042109332165138347
leaf_weight=4.4225831890944383 1.8865704201161921 2.5174553215038014 0.8374669849872588 4.5171304370742291 0.82834955770522345 1.4905958548188207 0.34595073340460647 1.0190754078794269 1.958399933297186 1.93366844113916 3.0918664613272986 1.6749021240975706 1.1149438098073003 2.2231357372365892 0.8239109045825902 1.9876231392845509 13.343483536504211 3.7216737302951506 6.6722320094704619 2.1039305329322806 2.024689868092536 3.2170345387421539 3.4741684752516448 2.1362356320023599 2.3376805000007144 2.8005314385518432 2.2211709544062606 6.8392080958001298 1.865715730935334 3.422921490855515
leaf_count=205 16 63 20 434 23 26 25 20 27 64 167 99 29 24 24 35 162 56 80 29 17 52 58 26 23 39 17 84 16 40
internal_value=-4.52595e-05 0.0104744 -8.495e-05 0.0144606 0.0222592 0.0284486 0.0305138 0.034998 -0.00235179 -0.00319143 -0.0145722 -0.00456288 -0.0300102 0.00699956 -0.0077194 0.0184206 -0.000672909 -0.00486355 0.00729385 -0.000511317 0.00192023 -0.00203079 -0.0211865 0.00415838 5.76799e-05 0.0243566 -0.00550316 -0.000238715 -0.00633545 -0.0129784
internal_weight=88.8543 15.9786 10.0654 7.54797 6.71051 5.91318 5.88216 5.53621 72.8757 70.9173 12.8501 9.75818 3.04861 6.70957 4.48644 2.81153 58.0672 38.0515 20.0157 34.3299 32.2259 27.4007 6.6912 20.7095 18.8229 4.82522 16.4853 14.2641 12.1278 10.2621
internal_count=2000 816 585 522 502 231 479 454 1184 1157 442 275 93 182 158 59 715 473 242 417 388 332 110 222 206 56 183 166 140 124
is_linear=0
shrinkage=0.05


Tree=112
num_leaves=31
num_cat=0
split_feature=5 6 0 2 7 5 7 9 5 2 4 4 7 5 4 2 4 6 6 8 2 1 5 4 3 2 0 4 8 1
split_gain=0.804549 1.1648 0.637483 1.17603 0.737963 0.5805 1.10724 0.502507 0.939668 0.777885 1.38416 1.39712 0.933329 1.35322 0.865157 0.748069 1.1403 0.999018 1.02365 0.904182 0.724836 1.06277 0.897122 2.18679 1.78049 1.57355 0.93899 1.63621 1.51399 1.35307
threshold=0.52683210372924816 6.5000000000000009 103.57311630249025 120.70887756347658 0.14783626049757007 0.51046153903007518 0.16607692092657092 8.8817286491394061 0.20851960033178332 343.41722106933599 0.10592114925384523 0.08886688202619554 0.29522725939750677 0.44599455595016485 0.12194668874144556 199.28000640869143 0.11524338647723199 4.5000000000000009 9.5000000000000018 0.037754992023110397 168.16127014160159 35.222124099731452 0.30126973986625677 0.099931538105011 0.02931705862283707 34.821166992187507 142.59743499755862 0.097751278430223479 0.012921773362904789 22.773248672485355
decision_type=2 2 2 2 2 2 2 2 2 2 2 2 2 2 2 2 2 2 2 2 2 2 2 2 2 2 2 2 2 2
left_child=5 2 -2 -4 -5 6 -1 -8 -9 15 11 -11 13 -13 -12 20 17 -17 19 -19 22 -22 23 24 25 -10 -24 28 -28 -30
right_child=1 -3 3 4 -6 -7 7 8 9 10 14 12 -14 -15 -16 16 -18 18 -20 -21 21 -23 26 -25 -26 -27 27 -29 29 -31
leaf_value=0.040811089142703864 -0.048525132905142515 0.047563315134592742 0.050692699850870465 0.050431388511795565 -0.022841540166047711 -0.023976771722944032 0.0050636626730210209 -0.035730027057623674 0.050048671076523013 -0.050679233692513849 -0.055531541807070296 -0.043542452627965078 0.032632683570998217 0.030084183776636998 -0.011373621852212974 0.046286579273914774 0.056807615589901987 0.0038480863085033311 0.031335851933713903 -0.055947041234524 0.015147576883374031 -0.043143751172667076 -0.0091994573824376227 -0.036443907567841667 0.0415749367162516 -0.040348479538267534 0.058789329445553866 0.029844247490528081 -0.043876975180279554 0.0032165990583793874
leaf_weight=1.5829502972774196 0.54503229353576799 2.10217275749892 1.1694936174899342 0.41432620165869627 2.0137981832958758 2.7444529240019611 21.492295443546027 2.2308033832814536 0.63834464550018166 1.0932841545436511 2.4854967622086406 1.3738679261878135 2.5954544581472874 1.1435162350535391 2.0032047359272838 1.1257226401939977 1.366090554744005 1.2943040966056294 1.1616946361027656 1.2359015068504957 1.1688444069586688 2.3622353787068278 7.5174419372342554 4.8823810541070998 2.4066018322482705 1.9580829853657631 0.90147076430730333 7.1991283558309069 2.1026729312725365 5.5539867088664323
leaf_count=48 33 319 206 78 46 40 193 63 4 82 41 33 40 13 22 20 11 28 17 29 28 73 108 68 22 74 10 65 71 115
internal_value=-4.77353e-05 0.0172495 0.00186688 0.00950117 -0.0103385 -0.00137116 -0.000584606 -0.00143239 -0.00393442 -0.00261036 -0.0146741 0.00062358 0.0115937 -0.0100977 -0.0358249 0.000398855 0.0164866 0.00505314 -0.00751964 -0.0253594 -0.00231248 -0.0238484 -1.92108e-05 -0.0126384 0.010593 -0.0181239 0.00534052 0.0122772 -0.00250021 -0.00971624
internal_weight=87.8651 6.24482 4.14265 3.59762 2.42812 81.6202 78.8758 77.2928 55.8005 53.5697 10.6948 6.20612 5.11284 2.51738 4.4887 42.8749 6.18371 4.81762 3.6919 2.53021 36.6912 3.53108 33.1601 9.88541 5.00303 2.59643 23.2747 15.7573 8.55813 7.65666
internal_count=2000 682 363 330 124 1318 1278 1230 1037 974 231 168 86 46 63 743 105 94 74 57 638 101 537 168 100 78 369 261 196 186
is_linear=0
shrinkage=0.05


end of trees

feature_importances:
Column_5=560
Column_7=415
Column_0=386
Column_4=364
Column_3=352
Column_8=334
Column_9=333
Column_2=266
Column_1=224
Column_6=156

parameters:
[boosting: gbdt]
[objective: binary]
[metric: binary_logloss]
[tree_learner: serial]
[device_type: cpu]
[data_sample_strategy: bagging]
[data: ]
[valid: ]
[num_iterations: 200]
[learning_rate: 0.05]
[num_leaves: 31]
[num_threads: 0]
[seed: 0]
[deterministic: 0]
[force_col_wise: 0]
[force_row_wise: 0]
[histogram_pool_size: -1]
[max_depth: -1]
[min_data_in_leaf: 20]
[min_sum_hessian_in_leaf: 0.001]
[bagging_fraction: 1]
[pos_bagging_fraction: 1]
[neg_bagging_fraction: 1]
[bagging_freq: 0]
[bagging_seed: 3]
[bagging_by_query: 0]
[feature_fraction: 1]
[feature_fraction_bynode: 1]
[feature_fraction_seed: 2]
[extra_trees: 0]
[extra_seed: 6]
[early_stopping_round: 0]
[early_stopping_min_delta: 0]
[first_metric_only: 0]
[max_delta_step: 0]
[lambda_l1: 0]
[lambda_l2: 0]
[linear_lambda: 0]
[min_gain_to_split: 0]
[drop_rate: 0.1]
[max_drop: 50]
[skip_drop: 0.5]
[xgboost_dart_mode: 0]
[uniform_drop: 0]
[drop_seed: 4]
[top_rate: 0.2]
[other_rate: 0.1]
[min_data_per_group: 100]
[max_cat_threshold: 32]
[cat_l2: 10]
[cat_smooth: 10]
[max_cat_to_onehot: 4]
[top_k: 20]
[monotone_constraints: ]
[monotone_constraints_method: basic]
[monotone_penalty: 0]
[feature_contri: ]
[forcedsplits_filename: ]
[refit_decay_rate: 0.9]
[cegb_tradeoff: 1]
[cegb_penalty_split: 0]
[cegb_penalty_feature_lazy: ]
[cegb_penalty_feature_coupled: ]
[path_smooth: 0]
[interaction_constraints: ]
[verbosity: -1]
[saved_feature_importance_type: 0]
[use_quantized_grad: 0]
[num_grad_quant_bins: 4]
[quant_train_renew_leaf: 0]
[stochastic_rounding: 1]
[linear_tree: 0]
[max_bin: 255]
[max_bin_by_feature: ]
[min_data_in_bin: 3]
[bin_construct_sample_cnt: 200000]
[data_random_seed: 1]
[is_enable_sparse: 1]
[enable_bundle: 1]
[use_missing: 1]
[zero_as_missing: 0]
[feature_pre_filter: 1]
[pre_partition: 0]
[two_round: 0]
[header: 0]
[label_column: ]
[weight_column: ]
[group_column: ]
[ignore_column: ]
[categorical_feature: ]
[forcedbins_filename: ]
[precise_float_parser: 0]
[parser_config_file: ]
[objective_seed: 5]
[num_class: 1]
[is_unbalance: 0]
[scale_pos_weight: 1]
[sigmoid: 1]
[boost_from_average: 1]
[reg_sqrt: 0]
[alpha: 0.9]
[fair_c: 1]
[poisson_max_delta_step: 0.7]
[tweedie_variance_power: 1.5]
[lambdarank_truncation_level: 30]
[lambdarank_norm: 1]
[label_gain: ]
[lambdarank_position_bias_regularization: 0]
[eval_at: ]
[multi_error_top_k: 1]
[auc_mu_weights: ]
[num_machines: 1]
[local_listen_port: 12400]
[time_out: 120]
[machine_list_filename: ]
[machines: ]
[gpu_platform_id: -1]
[gpu_device_id: -1]
[gpu_device_id_list: ]
[gpu_use_dp: 0]
[num_gpu: 1]

end of parameters

pandas_categorical:null
