id,language,is_tts,group_key
ASM_F_ANGER_00342,Assamese,1,ASM_F
ASM_F_ANGER_00077,Assamese,0,ASM_F
ASM_F_ANGER_00216,Assamese,0,ASM_F
ASM_F_ANGER_00069,Assamese,1,ASM_F
ASM_F_ANGER_00445,Assamese,0,ASM_F
ASM_F_ANGER_00235,Assamese,0,ASM_F
ASM_F_ANGER_00199,Assamese,1,ASM_F
ASM_F_ANGER_00056,Assamese,0,ASM_F
ASM_F_ANGER_00160,Assamese,0,ASM_F
ASM_F_ANGER_00194,Assamese,0,ASM_F
ASM_F_ANGER_00328,Assamese,0,ASM_F
ASM_F_ANGER_00359,Assamese,1,ASM_F
ASM_F_ANGER_00147,Assamese,1,ASM_F
ASM_F_ANGER_00093,Assamese,0,ASM_F
ASM_F_ANGER_00252,Assamese,1,ASM_F
ASM_F_ANGER_00158,Assamese,1,ASM_F
ASM_F_ANGER_00032,Assamese,1,ASM_F
ASM_F_ANGER_00274,Assamese,1,ASM_F
ASM_F_ANGER_00123,Assamese,1,ASM_F
ASM_F_ANGER_00003,Assamese,0,ASM_F
ASM_F_ANGER_00393,Assamese,1,ASM_F
ASM_F_ANGER_00198,Assamese,0,ASM_F
ASM_F_ANGER_00110,Assamese,0,ASM_F
ASM_F_ANGER_00218,Assamese,0,ASM_F
ASM_F_ANGER_00001,Assamese,0,ASM_F
ASM_F_ANGER_00115,Assamese,0,ASM_F
ASM_F_ANGER_00407,Assamese,0,ASM_F
ASM_F_ANGER_00438,Assamese,1,ASM_F
ASM_F_ANGER_00113,Assamese,0,ASM_F
ASM_F_ANGER_00381,Assamese,0,ASM_F
ASM_F_ANGER_00294,Assamese,0,ASM_F
ASM_F_ANGER_00021,Assamese,1,ASM_F
ASM_F_ANGER_00428,Assamese,0,ASM_F
ASM_F_ANGER_00378,Assamese,0,ASM_F
ASM_F_ANGER_00090,Assamese,1,ASM_F
ASM_F_ANGER_00213,Assamese,1,ASM_F
ASM_F_ANGER_00048,Assamese,1,ASM_F
ASM_F_ANGER_00423,Assamese,0,ASM_F
ASM_F_ANGER_00121,Assamese,1,ASM_F
ASM_F_ANGER_00183,Assamese,1,ASM_F
ASM_F_ANGER_00185,Assamese,0,ASM_F
ASM_F_ANGER_00225,Assamese,0,ASM_F
ASM_F_ANGER_00130,Assamese,1,ASM_F
ASM_F_ANGER_00170,Assamese,1,ASM_F
ASM_F_ANGER_00065,Assamese,0,ASM_F
ASM_F_ANGER_00429,Assamese,0,ASM_F
ASM_F_ANGER_00318,Assamese,1,ASM_F
ASM_F_ANGER_00384,Assamese,0,ASM_F
ASM_F_ANGER_00263,Assamese,0,ASM_F
ASM_F_ANGER_00234,Assamese,1,ASM_F
ASM_F_ANGER_00443,Assamese,0,ASM_F
ASM_F_ANGER_00091,Assamese,1,ASM_F
ASM_F_ANGER_00044,Assamese,0,ASM_F
ASM_F_ANGER_00054,Assamese,1,ASM_F
ASM_F_ANGER_00157,Assamese,1,ASM_F
ASM_F_ANGER_00353,Assamese,1,ASM_F
ASM_F_ANGER_00136,Assamese,0,ASM_F
ASM_F_ANGER_00108,Assamese,1,ASM_F
ASM_F_ANGER_00053,Assamese,0,ASM_F
ASM_F_ANGER_00258,Assamese,0,ASM_F
ASM_F_ANGER_00215,Assamese,1,ASM_F
ASM_F_ANGER_00308,Assamese,0,ASM_F
ASM_F_ANGER_00406,Assamese,1,ASM_F
ASM_F_ANGER_00329,Assamese,1,ASM_F
ASM_F_ANGER_00403,Assamese,0,ASM_F
ASM_F_ANGER_00014,Assamese,0,ASM_F
ASM_F_ANGER_00075,Assamese,0,ASM_F
ASM_F_ANGER_00411,Assamese,1,ASM_F
ASM_F_ANGER_00117,Assamese,1,ASM_F
ASM_F_ANGER_00201,Assamese,1,ASM_F
ASM_F_ANGER_00454,Assamese,1,ASM_F
ASM_F_ANGER_00116,Assamese,1,ASM_F
ASM_F_ANGER_00154,Assamese,1,ASM_F
ASM_F_ANGER_00008,Assamese,0,ASM_F
ASM_F_ANGER_00038,Assamese,1,ASM_F
ASM_F_ANGER_00134,Assamese,1,ASM_F
ASM_F_ANGER_00152,Assamese,0,ASM_F
ASM_F_UMANG_00046,Assamese,0,ASM_F
ASM_F_DIGI_00094,Assamese,0,ASM_F
ASM_F_BB_00011,Assamese,1,ASM_F
ASM_F_ALEXA_00035,Assamese,1,ASM_F
ASM_F_BB_00152,Assamese,0,ASM_F
ASM_F_ALEXA_00309,Assamese,1,ASM_F
ASM_F_DIGI_00107,Assamese,1,ASM_F
ASM_F_UMANG_00057,Assamese,1,ASM_F
ASM_F_UMANG_00048,Assamese,0,ASM_F
ASM_F_BB_00067,Assamese,1,ASM_F
ASM_F_ALEXA_00020,Assamese,0,ASM_F
ASM_F_ALEXA_00376,Assamese,0,ASM_F
ASM_F_UMANG_00047,Assamese,1,ASM_F
ASM_F_DIGI_00023,Assamese,1,ASM_F
ASM_F_BB_00049,Assamese,0,ASM_F
ASM_F_UMANG_00074,Assamese,1,ASM_F
ASM_F_ALEXA_00178,Assamese,0,ASM_F
ASM_F_ALEXA_00065,Assamese,0,ASM_F
ASM_F_BB_00080,Assamese,1,ASM_F
ASM_F_ALEXA_00192,Assamese,1,ASM_F
ASM_F_BB_00091,Assamese,1,ASM_F
ASM_F_UMANG_00017,Assamese,1,ASM_F
ASM_F_BB_00134,Assamese,0,ASM_F
ASM_F_BB_00045,Assamese,0,ASM_F
ASM_F_ALEXA_00070,Assamese,1,ASM_F
ASM_F_ALEXA_00317,Assamese,1,ASM_F
ASM_F_DIGI_00100,Assamese,1,ASM_F
ASM_F_DIGI_00061,Assamese,1,ASM_F
ASM_F_ALEXA_00163,Assamese,1,ASM_F
ASM_F_ALEXA_00151,Assamese,1,ASM_F
ASM_F_ALEXA_00158,Assamese,0,ASM_F
ASM_F_BB_00032,Assamese,1,ASM_F
ASM_F_UMANG_00092,Assamese,1,ASM_F
ASM_F_ALEXA_00165,Assamese,0,ASM_F
ASM_F_ALEXA_00002,Assamese,0,ASM_F
ASM_F_ALEXA_00031,Assamese,1,ASM_F
ASM_F_ALEXA_00224,Assamese,1,ASM_F
ASM_F_ALEXA_00254,Assamese,0,ASM_F
ASM_F_DIGI_00078,Assamese,1,ASM_F
ASM_F_UMANG_00033,Assamese,0,ASM_F
ASM_F_ALEXA_00284,Assamese,1,ASM_F
ASM_F_BB_00062,Assamese,0,ASM_F
ASM_F_ALEXA_00106,Assamese,0,ASM_F
ASM_F_BB_00034,Assamese,0,ASM_F
ASM_F_ALEXA_00043,Assamese,0,ASM_F
ASM_F_ALEXA_00131,Assamese,1,ASM_F
ASM_F_ALEXA_00144,Assamese,0,ASM_F
ASM_F_ALEXA_00265,Assamese,1,ASM_F
ASM_F_ALEXA_00279,Assamese,0,ASM_F
ASM_F_ALEXA_00082,Assamese,0,ASM_F
ASM_F_UMANG_00077,Assamese,0,ASM_F
ASM_F_UMANG_00021,Assamese,0,ASM_F
ASM_F_BB_00016,Assamese,0,ASM_F
ASM_F_BB_00095,Assamese,1,ASM_F
ASM_F_DIGI_00110,Assamese,0,ASM_F
ASM_F_UMANG_00079,Assamese,1,ASM_F
ASM_F_BB_00046,Assamese,1,ASM_F
ASM_F_BB_00108,Assamese,0,ASM_F
ASM_F_ALEXA_00221,Assamese,0,ASM_F
ASM_F_DIGI_00052,Assamese,1,ASM_F
ASM_F_BB_00024,Assamese,1,ASM_F
ASM_F_BB_00163,Assamese,0,ASM_F
ASM_F_BB_00010,Assamese,0,ASM_F
ASM_F_BB_00115,Assamese,1,ASM_F
ASM_F_ALEXA_00182,Assamese,1,ASM_F
ASM_F_ALEXA_00204,Assamese,0,ASM_F
ASM_F_ALEXA_00295,Assamese,1,ASM_F
ASM_F_ALEXA_00175,Assamese,1,ASM_F
ASM_F_DIGI_00096,Assamese,0,ASM_F
ASM_F_DIGI_00001,Assamese,1,ASM_F
ASM_F_BB_00113,Assamese,0,ASM_F
ASM_F_ALEXA_00154,Assamese,1,ASM_F
ASM_F_ALEXA_00164,Assamese,0,ASM_F
ASM_F_UMANG_00022,Assamese,0,ASM_F
ASM_F_DIGI_00008,Assamese,0,ASM_F
ASM_F_ALEXA_00171,Assamese,0,ASM_F
ASM_F_DIGI_00081,Assamese,1,ASM_F
ASM_F_CONV_00394,Assamese,1,ASM_F
ASM_F_CONV_00196,Assamese,1,ASM_F
ASM_F_CONV_00885,Assamese,0,ASM_F
ASM_F_CONV_01033,Assamese,1,ASM_F
ASM_F_CONV_02582,Assamese,0,ASM_F
ASM_F_CONV_02874,Assamese,1,ASM_F
ASM_F_CONV_02568,Assamese,0,ASM_F
ASM_F_CONV_02075,Assamese,1,ASM_F
ASM_F_CONV_01668,Assamese,0,ASM_F
ASM_F_CONV_02248,Assamese,0,ASM_F
ASM_F_CONV_02997,Assamese,0,ASM_F
ASM_F_CONV_03084,Assamese,0,ASM_F
ASM_F_CONV_01848,Assamese,0,ASM_F
ASM_F_CONV_00103,Assamese,1,ASM_F
ASM_F_CONV_01322,Assamese,0,ASM_F
ASM_F_CONV_02876,Assamese,1,ASM_F
ASM_F_CONV_02120,Assamese,0,ASM_F
ASM_F_CONV_03138,Assamese,1,ASM_F
ASM_F_CONV_03071,Assamese,1,ASM_F
ASM_F_CONV_00235,Assamese,0,ASM_F
ASM_F_CONV_02064,Assamese,0,ASM_F
ASM_F_CONV_01156,Assamese,0,ASM_F
ASM_F_CONV_02525,Assamese,1,ASM_F
ASM_F_CONV_00606,Assamese,0,ASM_F
ASM_F_CONV_01714,Assamese,1,ASM_F
ASM_F_CONV_00783,Assamese,1,ASM_F
ASM_F_CONV_03100,Assamese,0,ASM_F
ASM_F_CONV_00514,Assamese,1,ASM_F
ASM_F_CONV_01568,Assamese,1,ASM_F
ASM_F_CONV_02340,Assamese,0,ASM_F
ASM_F_CONV_02408,Assamese,1,ASM_F
ASM_F_CONV_03067,Assamese,1,ASM_F
ASM_F_CONV_02915,Assamese,1,ASM_F
ASM_F_CONV_00527,Assamese,1,ASM_F
ASM_F_CONV_00553,Assamese,0,ASM_F
ASM_F_CONV_00038,Assamese,0,ASM_F
ASM_F_CONV_02918,Assamese,1,ASM_F
ASM_F_CONV_01610,Assamese,0,ASM_F
ASM_F_CONV_01474,Assamese,0,ASM_F
ASM_F_CONV_00587,Assamese,0,ASM_F
ASM_F_CONV_00010,Assamese,0,ASM_F
ASM_F_CONV_02717,Assamese,0,ASM_F
ASM_F_CONV_00428,Assamese,1,ASM_F
ASM_F_CONV_02911,Assamese,0,ASM_F
ASM_F_CONV_02581,Assamese,1,ASM_F
ASM_F_CONV_01430,Assamese,0,ASM_F
ASM_F_CONV_02032,Assamese,1,ASM_F
ASM_F_CONV_02620,Assamese,0,ASM_F
ASM_F_CONV_03174,Assamese,1,ASM_F
ASM_F_CONV_02397,Assamese,1,ASM_F
ASM_F_CONV_01661,Assamese,1,ASM_F
ASM_F_CONV_02476,Assamese,0,ASM_F
ASM_F_CONV_00089,Assamese,1,ASM_F
ASM_F_CONV_02161,Assamese,0,ASM_F
ASM_F_CONV_02885,Assamese,0,ASM_F
ASM_F_CONV_03120,Assamese,1,ASM_F
ASM_F_CONV_03196,Assamese,0,ASM_F
ASM_F_CONV_03216,Assamese,0,ASM_F
ASM_F_CONV_02440,Assamese,0,ASM_F
ASM_F_CONV_02555,Assamese,0,ASM_F
ASM_F_CONV_01449,Assamese,0,ASM_F
ASM_F_CONV_00930,Assamese,1,ASM_F
ASM_F_CONV_02227,Assamese,1,ASM_F
ASM_F_CONV_02240,Assamese,0,ASM_F
ASM_F_CONV_01044,Assamese,1,ASM_F
ASM_F_CONV_02470,Assamese,0,ASM_F
ASM_F_CONV_00609,Assamese,1,ASM_F
ASM_F_CONV_00110,Assamese,1,ASM_F
ASM_F_CONV_01748,Assamese,0,ASM_F
ASM_F_CONV_02585,Assamese,1,ASM_F
ASM_F_CONV_02561,Assamese,1,ASM_F
ASM_F_CONV_00384,Assamese,1,ASM_F
ASM_F_CONV_00618,Assamese,1,ASM_F
ASM_F_CONV_01135,Assamese,0,ASM_F
ASM_F_CONV_00601,Assamese,1,ASM_F
ASM_F_CONV_00964,Assamese,1,ASM_F
ASM_F_CONV_00934,Assamese,1,ASM_F
ASM_F_DISGUST_00412,Assamese,1,ASM_F
ASM_F_DISGUST_00096,Assamese,0,ASM_F
ASM_F_DISGUST_00227,Assamese,0,ASM_F
ASM_F_DISGUST_00041,Assamese,0,ASM_F
ASM_F_DISGUST_00442,Assamese,1,ASM_F
ASM_F_DISGUST_00127,Assamese,1,ASM_F
ASM_F_DISGUST_00309,Assamese,1,ASM_F
ASM_F_DISGUST_00195,Assamese,1,ASM_F
ASM_F_DISGUST_00209,Assamese,1,ASM_F
ASM_F_DISGUST_00257,Assamese,0,ASM_F
ASM_F_DISGUST_00193,Assamese,1,ASM_F
ASM_F_DISGUST_00088,Assamese,0,ASM_F
ASM_F_DISGUST_00253,Assamese,1,ASM_F
ASM_F_DISGUST_00408,Assamese,1,ASM_F
ASM_F_DISGUST_00051,Assamese,0,ASM_F
ASM_F_DISGUST_00484,Assamese,1,ASM_F
ASM_F_DISGUST_00335,Assamese,0,ASM_F
ASM_F_DISGUST_00090,Assamese,1,ASM_F
ASM_F_DISGUST_00014,Assamese,0,ASM_F
ASM_F_DISGUST_00344,Assamese,0,ASM_F
ASM_F_DISGUST_00351,Assamese,1,ASM_F
ASM_F_DISGUST_00439,Assamese,1,ASM_F
ASM_F_DISGUST_00429,Assamese,0,ASM_F
ASM_F_DISGUST_00072,Assamese,0,ASM_F
ASM_F_DISGUST_00354,Assamese,1,ASM_F
ASM_F_DISGUST_00247,Assamese,0,ASM_F
ASM_F_DISGUST_00187,Assamese,0,ASM_F
ASM_F_DISGUST_00480,Assamese,0,ASM_F
ASM_F_DISGUST_00414,Assamese,1,ASM_F
ASM_F_DISGUST_00327,Assamese,0,ASM_F
ASM_F_DISGUST_00159,Assamese,1,ASM_F
ASM_F_DISGUST_00490,Assamese,0,ASM_F
ASM_F_DISGUST_00373,Assamese,1,ASM_F
ASM_F_DISGUST_00117,Assamese,0,ASM_F
ASM_F_DISGUST_00452,Assamese,0,ASM_F
ASM_F_DISGUST_00099,Assamese,0,ASM_F
ASM_F_DISGUST_00365,Assamese,0,ASM_F
ASM_F_DISGUST_00175,Assamese,1,ASM_F
ASM_F_DISGUST_00391,Assamese,0,ASM_F
ASM_F_DISGUST_00455,Assamese,0,ASM_F
ASM_F_DISGUST_00279,Assamese,0,ASM_F
ASM_F_DISGUST_00194,Assamese,1,ASM_F
ASM_F_DISGUST_00100,Assamese,0,ASM_F
ASM_F_DISGUST_00091,Assamese,1,ASM_F
ASM_F_DISGUST_00044,Assamese,0,ASM_F
ASM_F_DISGUST_00145,Assamese,0,ASM_F
ASM_F_DISGUST_00406,Assamese,1,ASM_F
ASM_F_DISGUST_00097,Assamese,0,ASM_F
ASM_F_DISGUST_00303,Assamese,1,ASM_F
ASM_F_DISGUST_00465,Assamese,1,ASM_F
ASM_F_DISGUST_00024,Assamese,1,ASM_F
ASM_F_DISGUST_00295,Assamese,0,ASM_F
ASM_F_DISGUST_00415,Assamese,0,ASM_F
ASM_F_DISGUST_00001,Assamese,0,ASM_F
ASM_F_DISGUST_00028,Assamese,1,ASM_F
ASM_F_DISGUST_00340,Assamese,0,ASM_F
ASM_F_DISGUST_00350,Assamese,1,ASM_F
ASM_F_DISGUST_00071,Assamese,1,ASM_F
ASM_F_DISGUST_00217,Assamese,0,ASM_F
ASM_F_DISGUST_00105,Assamese,1,ASM_F
ASM_F_DISGUST_00438,Assamese,1,ASM_F
ASM_F_DISGUST_00348,Assamese,0,ASM_F
ASM_F_DISGUST_00101,Assamese,1,ASM_F
ASM_F_DISGUST_00114,Assamese,0,ASM_F
ASM_F_DISGUST_00446,Assamese,0,ASM_F
ASM_F_DISGUST_00036,Assamese,1,ASM_F
ASM_F_DISGUST_00226,Assamese,1,ASM_F
ASM_F_DISGUST_00305,Assamese,1,ASM_F
ASM_F_DISGUST_00191,Assamese,1,ASM_F
ASM_F_DISGUST_00055,Assamese,1,ASM_F
ASM_F_DISGUST_00244,Assamese,1,ASM_F
ASM_F_DISGUST_00359,Assamese,0,ASM_F
ASM_F_DISGUST_00129,Assamese,1,ASM_F
ASM_F_DISGUST_00234,Assamese,0,ASM_F
ASM_F_DISGUST_00410,Assamese,0,ASM_F
ASM_F_DISGUST_00343,Assamese,1,ASM_F
ASM_F_DISGUST_00034,Assamese,0,ASM_F
ASM_F_FEAR_00175,Assamese,0,ASM_F
ASM_F_FEAR_00413,Assamese,1,ASM_F
ASM_F_FEAR_00214,Assamese,1,ASM_F
ASM_F_FEAR_00457,Assamese,1,ASM_F
ASM_F_FEAR_00465,Assamese,0,ASM_F
ASM_F_FEAR_00086,Assamese,0,ASM_F
ASM_F_FEAR_00159,Assamese,0,ASM_F
ASM_F_FEAR_00167,Assamese,0,ASM_F
ASM_F_FEAR_00035,Assamese,0,ASM_F
ASM_F_FEAR_00085,Assamese,1,ASM_F
ASM_F_FEAR_00082,Assamese,1,ASM_F
ASM_F_FEAR_00112,Assamese,0,ASM_F
ASM_F_FEAR_00455,Assamese,0,ASM_F
ASM_F_FEAR_00108,Assamese,0,ASM_F
ASM_F_FEAR_00404,Assamese,1,ASM_F
ASM_F_FEAR_00377,Assamese,1,ASM_F
ASM_F_FEAR_00012,Assamese,1,ASM_F
ASM_F_FEAR_00309,Assamese,0,ASM_F
ASM_F_FEAR_00242,Assamese,0,ASM_F
ASM_F_FEAR_00287,Assamese,1,ASM_F
ASM_F_FEAR_00236,Assamese,0,ASM_F
ASM_F_FEAR_00297,Assamese,0,ASM_F
ASM_F_FEAR_00430,Assamese,1,ASM_F
ASM_F_FEAR_00284,Assamese,1,ASM_F
ASM_F_FEAR_00062,Assamese,1,ASM_F
ASM_F_FEAR_00436,Assamese,1,ASM_F
ASM_F_FEAR_00063,Assamese,0,ASM_F
ASM_F_FEAR_00370,Assamese,0,ASM_F
ASM_F_FEAR_00337,Assamese,0,ASM_F
ASM_F_FEAR_00093,Assamese,1,ASM_F
ASM_F_FEAR_00348,Assamese,0,ASM_F
ASM_F_FEAR_00142,Assamese,1,ASM_F
ASM_F_FEAR_00256,Assamese,0,ASM_F
ASM_F_FEAR_00238,Assamese,0,ASM_F
ASM_F_FEAR_00447,Assamese,1,ASM_F
ASM_F_FEAR_00225,Assamese,0,ASM_F
ASM_F_FEAR_00268,Assamese,1,ASM_F
ASM_F_FEAR_00044,Assamese,0,ASM_F
ASM_F_FEAR_00206,Assamese,1,ASM_F
ASM_F_FEAR_00325,Assamese,1,ASM_F
ASM_F_FEAR_00088,Assamese,0,ASM_F
ASM_F_FEAR_00089,Assamese,0,ASM_F
ASM_F_FEAR_00471,Assamese,0,ASM_F
ASM_F_FEAR_00039,Assamese,1,ASM_F
ASM_F_FEAR_00139,Assamese,1,ASM_F
ASM_F_FEAR_00463,Assamese,0,ASM_F
ASM_F_FEAR_00178,Assamese,1,ASM_F
ASM_F_FEAR_00367,Assamese,1,ASM_F
ASM_F_FEAR_00454,Assamese,1,ASM_F
ASM_F_FEAR_00020,Assamese,1,ASM_F
ASM_F_FEAR_00091,Assamese,0,ASM_F
ASM_F_FEAR_00392,Assamese,1,ASM_F
ASM_F_FEAR_00001,Assamese,0,ASM_F
ASM_F_FEAR_00023,Assamese,0,ASM_F
ASM_F_FEAR_00449,Assamese,0,ASM_F
ASM_F_FEAR_00344,Assamese,1,ASM_F
ASM_F_FEAR_00346,Assamese,1,ASM_F
ASM_F_FEAR_00342,Assamese,1,ASM_F
ASM_F_FEAR_00090,Assamese,1,ASM_F
ASM_F_FEAR_00098,Assamese,0,ASM_F
ASM_F_FEAR_00439,Assamese,1,ASM_F
ASM_F_FEAR_00129,Assamese,0,ASM_F
ASM_F_FEAR_00030,Assamese,0,ASM_F
ASM_F_FEAR_00464,Assamese,0,ASM_F
ASM_F_FEAR_00212,Assamese,0,ASM_F
ASM_F_FEAR_00452,Assamese,0,ASM_F
ASM_F_FEAR_00330,Assamese,0,ASM_F
ASM_F_FEAR_00048,Assamese,1,ASM_F
ASM_F_FEAR_00211,Assamese,1,ASM_F
ASM_F_FEAR_00333,Assamese,1,ASM_F
ASM_F_FEAR_00152,Assamese,0,ASM_F
ASM_F_FEAR_00419,Assamese,1,ASM_F
ASM_F_FEAR_00368,Assamese,1,ASM_F
ASM_F_FEAR_00338,Assamese,0,ASM_F
ASM_F_FEAR_00028,Assamese,1,ASM_F
ASM_F_FEAR_00052,Assamese,1,ASM_F
ASM_F_FEAR_00353,Assamese,0,ASM_F
ASM_F_HAPPY_00246,Assamese,0,ASM_F
ASM_F_HAPPY_00253,Assamese,0,ASM_F
ASM_F_HAPPY_00430,Assamese,1,ASM_F
ASM_F_HAPPY_00450,Assamese,1,ASM_F
ASM_F_HAPPY_00171,Assamese,1,ASM_F
ASM_F_HAPPY_00204,Assamese,1,ASM_F
ASM_F_HAPPY_00335,Assamese,0,ASM_F
ASM_F_HAPPY_00423,Assamese,0,ASM_F
ASM_F_HAPPY_00017,Assamese,0,ASM_F
ASM_F_HAPPY_00223,Assamese,1,ASM_F
ASM_F_HAPPY_00056,Assamese,0,ASM_F
ASM_F_HAPPY_00234,Assamese,0,ASM_F
ASM_F_HAPPY_00141,Assamese,1,ASM_F
ASM_F_HAPPY_00440,Assamese,1,ASM_F
ASM_F_HAPPY_00368,Assamese,1,ASM_F
ASM_F_HAPPY_00418,Assamese,1,ASM_F
ASM_F_HAPPY_00189,Assamese,0,ASM_F
ASM_F_HAPPY_00014,Assamese,0,ASM_F
ASM_F_HAPPY_00296,Assamese,0,ASM_F
ASM_F_HAPPY_00172,Assamese,0,ASM_F
ASM_F_HAPPY_00285,Assamese,0,ASM_F
ASM_F_HAPPY_00294,Assamese,0,ASM_F
ASM_F_HAPPY_00048,Assamese,0,ASM_F
ASM_F_HAPPY_00257,Assamese,0,ASM_F
ASM_F_HAPPY_00233,Assamese,1,ASM_F
ASM_F_HAPPY_00280,Assamese,0,ASM_F
ASM_F_HAPPY_00188,Assamese,1,ASM_F
ASM_F_HAPPY_00173,Assamese,1,ASM_F
ASM_F_HAPPY_00372,Assamese,1,ASM_F
ASM_F_HAPPY_00027,Assamese,1,ASM_F
ASM_F_HAPPY_00089,Assamese,1,ASM_F
ASM_F_HAPPY_00330,Assamese,0,ASM_F
ASM_F_HAPPY_00464,Assamese,1,ASM_F
ASM_F_HAPPY_00328,Assamese,1,ASM_F
ASM_F_HAPPY_00097,Assamese,1,ASM_F
ASM_F_HAPPY_00274,Assamese,0,ASM_F
ASM_F_HAPPY_00182,Assamese,1,ASM_F
ASM_F_HAPPY_00477,Assamese,0,ASM_F
ASM_F_HAPPY_00395,Assamese,0,ASM_F
ASM_F_HAPPY_00020,Assamese,0,ASM_F
ASM_F_HAPPY_00250,Assamese,0,ASM_F
ASM_F_HAPPY_00137,Assamese,0,ASM_F
ASM_F_HAPPY_00216,Assamese,0,ASM_F
ASM_F_HAPPY_00185,Assamese,1,ASM_F
ASM_F_HAPPY_00061,Assamese,0,ASM_F
ASM_F_HAPPY_00315,Assamese,1,ASM_F
ASM_F_HAPPY_00382,Assamese,0,ASM_F
ASM_F_HAPPY_00046,Assamese,0,ASM_F
ASM_F_HAPPY_00202,Assamese,0,ASM_F
ASM_F_HAPPY_00288,Assamese,1,ASM_F
ASM_F_HAPPY_00300,Assamese,1,ASM_F
ASM_F_HAPPY_00369,Assamese,1,ASM_F
ASM_F_HAPPY_00242,Assamese,1,ASM_F
ASM_F_HAPPY_00339,Assamese,0,ASM_F
ASM_F_HAPPY_00333,Assamese,0,ASM_F
ASM_F_HAPPY_00217,Assamese,1,ASM_F
ASM_F_HAPPY_00336,Assamese,1,ASM_F
ASM_F_HAPPY_00165,Assamese,1,ASM_F
ASM_F_HAPPY_00039,Assamese,0,ASM_F
ASM_F_HAPPY_00159,Assamese,0,ASM_F
ASM_F_HAPPY_00267,Assamese,0,ASM_F
ASM_F_HAPPY_00211,Assamese,1,ASM_F
ASM_F_HAPPY_00460,Assamese,1,ASM_F
ASM_F_HAPPY_00196,Assamese,0,ASM_F
ASM_F_HAPPY_00353,Assamese,1,ASM_F
ASM_F_HAPPY_00116,Assamese,0,ASM_F
ASM_F_HAPPY_00289,Assamese,1,ASM_F
ASM_F_HAPPY_00342,Assamese,1,ASM_F
ASM_F_HAPPY_00465,Assamese,0,ASM_F
ASM_F_HAPPY_00187,Assamese,1,ASM_F
ASM_F_HAPPY_00252,Assamese,1,ASM_F
ASM_F_HAPPY_00472,Assamese,1,ASM_F
ASM_F_HAPPY_00226,Assamese,1,ASM_F
ASM_F_HAPPY_00322,Assamese,1,ASM_F
ASM_F_HAPPY_00210,Assamese,0,ASM_F
ASM_F_HAPPY_00262,Assamese,1,ASM_F
ASM_F_HAPPY_00282,Assamese,0,ASM_F
ASM_F_INDIC_00435,Assamese,0,ASM_F
ASM_F_INDIC_00523,Assamese,0,ASM_F
ASM_F_INDIC_00285,Assamese,1,ASM_F
ASM_F_INDIC_00384,Assamese,1,ASM_F
ASM_F_INDIC_00358,Assamese,1,ASM_F
ASM_F_INDIC_00233,Assamese,0,ASM_F
ASM_F_INDIC_00437,Assamese,1,ASM_F
ASM_F_INDIC_00192,Assamese,0,ASM_F
ASM_F_INDIC_00378,Assamese,1,ASM_F
ASM_F_INDIC_00284,Assamese,0,ASM_F
ASM_F_INDIC_00354,Assamese,1,ASM_F
ASM_F_INDIC_00181,Assamese,1,ASM_F
ASM_F_INDIC_00559,Assamese,0,ASM_F
ASM_F_INDIC_00088,Assamese,1,ASM_F
ASM_F_INDIC_00637,Assamese,1,ASM_F
ASM_F_INDIC_00456,Assamese,1,ASM_F
ASM_F_INDIC_00573,Assamese,0,ASM_F
ASM_F_INDIC_00725,Assamese,0,ASM_F
ASM_F_INDIC_00213,Assamese,1,ASM_F
ASM_F_INDIC_00547,Assamese,0,ASM_F
ASM_F_INDIC_00404,Assamese,1,ASM_F
ASM_F_INDIC_00379,Assamese,1,ASM_F
ASM_F_INDIC_00325,Assamese,0,ASM_F
ASM_F_INDIC_00473,Assamese,1,ASM_F
ASM_F_INDIC_00444,Assamese,0,ASM_F
ASM_F_INDIC_00372,Assamese,0,ASM_F
ASM_F_INDIC_00275,Assamese,1,ASM_F
ASM_F_INDIC_00062,Assamese,0,ASM_F
ASM_F_INDIC_00537,Assamese,1,ASM_F
ASM_F_INDIC_00497,Assamese,0,ASM_F
ASM_F_INDIC_00148,Assamese,1,ASM_F
ASM_F_INDIC_00683,Assamese,1,ASM_F
ASM_F_INDIC_00151,Assamese,0,ASM_F
ASM_F_INDIC_00120,Assamese,1,ASM_F
ASM_F_INDIC_00409,Assamese,0,ASM_F
ASM_F_INDIC_00259,Assamese,1,ASM_F
ASM_F_INDIC_00234,Assamese,0,ASM_F
ASM_F_INDIC_00472,Assamese,1,ASM_F
ASM_F_INDIC_00270,Assamese,0,ASM_F
ASM_F_INDIC_00145,Assamese,1,ASM_F
ASM_F_INDIC_00276,Assamese,0,ASM_F
ASM_F_INDIC_00083,Assamese,0,ASM_F
ASM_F_INDIC_00403,Assamese,1,ASM_F
ASM_F_INDIC_00671,Assamese,0,ASM_F
ASM_F_INDIC_00757,Assamese,0,ASM_F
ASM_F_INDIC_00693,Assamese,1,ASM_F
ASM_F_INDIC_00349,Assamese,0,ASM_F
ASM_F_INDIC_00623,Assamese,0,ASM_F
ASM_F_INDIC_00086,Assamese,0,ASM_F
ASM_F_INDIC_00562,Assamese,0,ASM_F
ASM_F_INDIC_00307,Assamese,1,ASM_F
ASM_F_INDIC_00100,Assamese,1,ASM_F
ASM_F_INDIC_00607,Assamese,0,ASM_F
ASM_F_INDIC_00014,Assamese,0,ASM_F
ASM_F_INDIC_00070,Assamese,1,ASM_F
ASM_F_INDIC_00324,Assamese,0,ASM_F
ASM_F_INDIC_00646,Assamese,0,ASM_F
ASM_F_INDIC_00390,Assamese,0,ASM_F
ASM_F_INDIC_00600,Assamese,0,ASM_F
ASM_F_INDIC_00701,Assamese,0,ASM_F
ASM_F_INDIC_00037,Assamese,1,ASM_F
ASM_F_INDIC_00243,Assamese,1,ASM_F
ASM_F_INDIC_00593,Assamese,1,ASM_F
ASM_F_INDIC_00087,Assamese,1,ASM_F
ASM_F_INDIC_00532,Assamese,0,ASM_F
ASM_F_INDIC_00673,Assamese,1,ASM_F
ASM_F_INDIC_00231,Assamese,0,ASM_F
ASM_F_INDIC_00064,Assamese,0,ASM_F
ASM_F_INDIC_00150,Assamese,1,ASM_F
ASM_F_INDIC_00351,Assamese,1,ASM_F
ASM_F_INDIC_00251,Assamese,1,ASM_F
ASM_F_INDIC_00002,Assamese,1,ASM_F
ASM_F_INDIC_00620,Assamese,1,ASM_F
ASM_F_INDIC_00090,Assamese,0,ASM_F
ASM_F_INDIC_00718,Assamese,0,ASM_F
ASM_F_INDIC_00676,Assamese,0,ASM_F
ASM_F_INDIC_00406,Assamese,1,ASM_F
ASM_F_BOOK_00416,Assamese,0,ASM_F
ASM_F_BOOK_00770,Assamese,0,ASM_F
ASM_F_BOOK_00043,Assamese,1,ASM_F
ASM_F_BOOK_01057,Assamese,1,ASM_F
ASM_F_BOOK_00378,Assamese,0,ASM_F
ASM_F_BOOK_00088,Assamese,0,ASM_F
ASM_F_BOOK_00279,Assamese,0,ASM_F
ASM_F_BOOK_00221,Assamese,0,ASM_F
ASM_F_BOOK_00967,Assamese,0,ASM_F
ASM_F_BOOK_01124,Assamese,1,ASM_F
ASM_F_BOOK_00096,Assamese,0,ASM_F
ASM_F_BOOK_00687,Assamese,0,ASM_F
ASM_F_BOOK_00460,Assamese,1,ASM_F
ASM_F_BOOK_00557,Assamese,1,ASM_F
ASM_F_BOOK_00273,Assamese,1,ASM_F
ASM_F_BOOK_00309,Assamese,1,ASM_F
ASM_F_BOOK_00528,Assamese,1,ASM_F
ASM_F_BOOK_00054,Assamese,0,ASM_F
ASM_F_BOOK_00758,Assamese,1,ASM_F
ASM_F_BOOK_00207,Assamese,0,ASM_F
ASM_F_BOOK_00696,Assamese,1,ASM_F
ASM_F_BOOK_00398,Assamese,1,ASM_F
ASM_F_BOOK_00958,Assamese,0,ASM_F
ASM_F_BOOK_00450,Assamese,1,ASM_F
ASM_F_BOOK_00445,Assamese,0,ASM_F
ASM_F_BOOK_00339,Assamese,0,ASM_F
ASM_F_BOOK_00469,Assamese,0,ASM_F
ASM_F_BOOK_00707,Assamese,1,ASM_F
ASM_F_BOOK_01097,Assamese,0,ASM_F
ASM_F_BOOK_01129,Assamese,0,ASM_F
ASM_F_BOOK_00801,Assamese,0,ASM_F
ASM_F_BOOK_00409,Assamese,0,ASM_F
ASM_F_BOOK_00152,Assamese,0,ASM_F
ASM_F_BOOK_00658,Assamese,0,ASM_F
ASM_F_BOOK_00692,Assamese,0,ASM_F
ASM_F_BOOK_00551,Assamese,1,ASM_F
ASM_F_BOOK_00181,Assamese,1,ASM_F
ASM_F_BOOK_00354,Assamese,0,ASM_F
ASM_F_BOOK_01061,Assamese,0,ASM_F
ASM_F_BOOK_00184,Assamese,1,ASM_F
ASM_F_BOOK_00717,Assamese,0,ASM_F
ASM_F_BOOK_00626,Assamese,1,ASM_F
ASM_F_BOOK_00565,Assamese,1,ASM_F
ASM_F_BOOK_00403,Assamese,1,ASM_F
ASM_F_BOOK_00668,Assamese,1,ASM_F
ASM_F_BOOK_00622,Assamese,1,ASM_F
ASM_F_BOOK_00101,Assamese,0,ASM_F
ASM_F_BOOK_00811,Assamese,0,ASM_F
ASM_F_BOOK_00031,Assamese,0,ASM_F
ASM_F_BOOK_00558,Assamese,1,ASM_F
ASM_F_BOOK_00149,Assamese,1,ASM_F
ASM_F_BOOK_00345,Assamese,0,ASM_F
ASM_F_BOOK_00852,Assamese,1,ASM_F
ASM_F_BOOK_00926,Assamese,1,ASM_F
ASM_F_BOOK_00363,Assamese,1,ASM_F
ASM_F_BOOK_00693,Assamese,0,ASM_F
ASM_F_BOOK_00871,Assamese,0,ASM_F
ASM_F_BOOK_01069,Assamese,0,ASM_F
ASM_F_BOOK_00683,Assamese,0,ASM_F
ASM_F_BOOK_00278,Assamese,0,ASM_F
ASM_F_BOOK_00163,Assamese,0,ASM_F
ASM_F_BOOK_01043,Assamese,1,ASM_F
ASM_F_BOOK_00385,Assamese,1,ASM_F
ASM_F_BOOK_00623,Assamese,0,ASM_F
ASM_F_BOOK_00099,Assamese,1,ASM_F
ASM_F_BOOK_00742,Assamese,0,ASM_F
ASM_F_BOOK_00627,Assamese,1,ASM_F
ASM_F_BOOK_00913,Assamese,1,ASM_F
ASM_F_BOOK_00858,Assamese,1,ASM_F
ASM_F_BOOK_00272,Assamese,1,ASM_F
ASM_F_BOOK_00250,Assamese,1,ASM_F
ASM_F_BOOK_00591,Assamese,1,ASM_F
ASM_F_BOOK_00063,Assamese,0,ASM_F
ASM_F_BOOK_00909,Assamese,1,ASM_F
ASM_F_BOOK_01089,Assamese,1,ASM_F
ASM_F_BOOK_00326,Assamese,1,ASM_F
ASM_F_BOOK_00969,Assamese,1,ASM_F
ASM_F_WIKI_02077,Assamese,0,ASM_F
ASM_F_WIKI_00184,Assamese,0,ASM_F
ASM_F_WIKI_03020,Assamese,0,ASM_F
ASM_F_WIKI_02229,Assamese,0,ASM_F
ASM_F_WIKI_00671,Assamese,0,ASM_F
ASM_F_WIKI_02306,Assamese,1,ASM_F
ASM_F_WIKI_00107,Assamese,0,ASM_F
ASM_F_WIKI_00916,Assamese,0,ASM_F
ASM_F_WIKI_01074,Assamese,0,ASM_F
ASM_F_WIKI_01746,Assamese,0,ASM_F
ASM_F_WIKI_01469,Assamese,0,ASM_F
ASM_F_WIKI_01425,Assamese,1,ASM_F
ASM_F_WIKI_02913,Assamese,0,ASM_F
ASM_F_WIKI_00209,Assamese,1,ASM_F
ASM_F_WIKI_00601,Assamese,1,ASM_F
ASM_F_WIKI_01629,Assamese,0,ASM_F
ASM_F_WIKI_02532,Assamese,0,ASM_F
ASM_F_WIKI_01237,Assamese,0,ASM_F
ASM_F_WIKI_00620,Assamese,0,ASM_F
ASM_F_WIKI_02243,Assamese,1,ASM_F
ASM_F_WIKI_00442,Assamese,1,ASM_F
ASM_F_WIKI_01455,Assamese,1,ASM_F
ASM_F_WIKI_02014,Assamese,1,ASM_F
ASM_F_WIKI_01773,Assamese,1,ASM_F
ASM_F_WIKI_00347,Assamese,1,ASM_F
ASM_F_WIKI_01304,Assamese,1,ASM_F
ASM_F_WIKI_00221,Assamese,0,ASM_F
ASM_F_WIKI_02461,Assamese,1,ASM_F
ASM_F_WIKI_02737,Assamese,1,ASM_F
ASM_F_WIKI_02253,Assamese,0,ASM_F
ASM_F_WIKI_01123,Assamese,1,ASM_F
ASM_F_WIKI_01951,Assamese,0,ASM_F
ASM_F_WIKI_02565,Assamese,1,ASM_F
ASM_F_WIKI_02500,Assamese,1,ASM_F
ASM_F_WIKI_00385,Assamese,1,ASM_F
ASM_F_WIKI_02160,Assamese,1,ASM_F
ASM_F_WIKI_01652,Assamese,1,ASM_F
ASM_F_WIKI_01765,Assamese,1,ASM_F
ASM_F_WIKI_01033,Assamese,1,ASM_F
ASM_F_WIKI_02859,Assamese,0,ASM_F
ASM_F_WIKI_01023,Assamese,0,ASM_F
ASM_F_WIKI_00538,Assamese,1,ASM_F
ASM_F_WIKI_00598,Assamese,1,ASM_F
ASM_F_WIKI_00966,Assamese,1,ASM_F
ASM_F_WIKI_02221,Assamese,0,ASM_F
ASM_F_WIKI_01890,Assamese,0,ASM_F
ASM_F_WIKI_00674,Assamese,1,ASM_F
ASM_F_WIKI_02427,Assamese,0,ASM_F
ASM_F_WIKI_00151,Assamese,0,ASM_F
ASM_F_WIKI_02331,Assamese,0,ASM_F
ASM_F_WIKI_02078,Assamese,0,ASM_F
ASM_F_WIKI_01733,Assamese,1,ASM_F
ASM_F_WIKI_01676,Assamese,0,ASM_F
ASM_F_WIKI_00392,Assamese,1,ASM_F
ASM_F_WIKI_00461,Assamese,0,ASM_F
ASM_F_WIKI_01831,Assamese,0,ASM_F
ASM_F_WIKI_02487,Assamese,1,ASM_F
ASM_F_WIKI_00631,Assamese,1,ASM_F
ASM_F_WIKI_01347,Assamese,1,ASM_F
ASM_F_WIKI_01907,Assamese,0,ASM_F
ASM_F_WIKI_01864,Assamese,1,ASM_F
ASM_F_WIKI_01814,Assamese,0,ASM_F
ASM_F_WIKI_01408,Assamese,0,ASM_F
ASM_F_WIKI_01444,Assamese,1,ASM_F
ASM_F_WIKI_00472,Assamese,1,ASM_F
ASM_F_WIKI_02031,Assamese,0,ASM_F
ASM_F_WIKI_01647,Assamese,1,ASM_F
ASM_F_WIKI_02058,Assamese,1,ASM_F
ASM_F_WIKI_01158,Assamese,0,ASM_F
ASM_F_WIKI_02802,Assamese,0,ASM_F
ASM_F_WIKI_02476,Assamese,0,ASM_F
ASM_F_WIKI_02141,Assamese,1,ASM_F
ASM_F_WIKI_00680,Assamese,0,ASM_F
ASM_F_WIKI_00101,Assamese,1,ASM_F
ASM_F_WIKI_01505,Assamese,0,ASM_F
ASM_F_WIKI_02192,Assamese,1,ASM_F
ASM_F_WIKI_02825,Assamese,1,ASM_F
ASM_F_NEWS_00446,Assamese,1,ASM_F
ASM_F_NEWS_00709,Assamese,0,ASM_F
ASM_F_NEWS_00750,Assamese,1,ASM_F
ASM_F_NEWS_00049,Assamese,1,ASM_F
ASM_F_NEWS_00511,Assamese,0,ASM_F
ASM_F_NEWS_00902,Assamese,0,ASM_F
ASM_F_NEWS_00095,Assamese,0,ASM_F
ASM_F_NEWS_00145,Assamese,1,ASM_F
ASM_F_NEWS_00349,Assamese,0,ASM_F
ASM_F_NEWS_00668,Assamese,0,ASM_F
ASM_F_NEWS_00491,Assamese,1,ASM_F
ASM_F_NEWS_00104,Assamese,0,ASM_F
ASM_F_NEWS_00540,Assamese,1,ASM_F
ASM_F_NEWS_00092,Assamese,1,ASM_F
ASM_F_NEWS_00854,Assamese,0,ASM_F
ASM_F_NEWS_00546,Assamese,1,ASM_F
ASM_F_NEWS_00585,Assamese,1,ASM_F
ASM_F_NEWS_00584,Assamese,1,ASM_F
ASM_F_NEWS_00264,Assamese,1,ASM_F
ASM_F_NEWS_00460,Assamese,1,ASM_F
ASM_F_NEWS_00139,Assamese,1,ASM_F
ASM_F_NEWS_00055,Assamese,0,ASM_F
ASM_F_NEWS_00534,Assamese,1,ASM_F
ASM_F_NEWS_00113,Assamese,1,ASM_F
ASM_F_NEWS_00110,Assamese,1,ASM_F
ASM_F_NEWS_00602,Assamese,1,ASM_F
ASM_F_NEWS_00014,Assamese,0,ASM_F
ASM_F_NEWS_00823,Assamese,1,ASM_F
ASM_F_NEWS_00414,Assamese,1,ASM_F
ASM_F_NEWS_00015,Assamese,0,ASM_F
ASM_F_NEWS_00079,Assamese,0,ASM_F
ASM_F_NEWS_00111,Assamese,0,ASM_F
ASM_F_NEWS_00322,Assamese,1,ASM_F
ASM_F_NEWS_00329,Assamese,0,ASM_F
ASM_F_NEWS_00862,Assamese,0,ASM_F
ASM_F_NEWS_00431,Assamese,0,ASM_F
ASM_F_NEWS_00791,Assamese,0,ASM_F
ASM_F_NEWS_00270,Assamese,1,ASM_F
ASM_F_NEWS_00457,Assamese,0,ASM_F
ASM_F_NEWS_00683,Assamese,1,ASM_F
ASM_F_NEWS_00448,Assamese,1,ASM_F
ASM_F_NEWS_00210,Assamese,0,ASM_F
ASM_F_NEWS_00222,Assamese,1,ASM_F
ASM_F_NEWS_00930,Assamese,0,ASM_F
ASM_F_NEWS_00318,Assamese,0,ASM_F
ASM_F_NEWS_00910,Assamese,1,ASM_F
ASM_F_NEWS_00477,Assamese,1,ASM_F
ASM_F_NEWS_00180,Assamese,1,ASM_F
ASM_F_NEWS_00601,Assamese,1,ASM_F
ASM_F_NEWS_00760,Assamese,0,ASM_F
ASM_F_NEWS_00159,Assamese,1,ASM_F
ASM_F_NEWS_00700,Assamese,0,ASM_F
ASM_F_NEWS_00284,Assamese,0,ASM_F
ASM_F_NEWS_00864,Assamese,0,ASM_F
ASM_F_NEWS_00365,Assamese,1,ASM_F
ASM_F_NEWS_00366,Assamese,0,ASM_F
ASM_F_NEWS_00796,Assamese,0,ASM_F
ASM_F_NEWS_00163,Assamese,1,ASM_F
ASM_F_NEWS_00839,Assamese,0,ASM_F
ASM_F_NEWS_00724,Assamese,1,ASM_F
ASM_F_NEWS_00341,Assamese,1,ASM_F
ASM_F_NEWS_00925,Assamese,0,ASM_F
ASM_F_NEWS_00070,Assamese,0,ASM_F
ASM_F_NEWS_00451,Assamese,0,ASM_F
ASM_F_NEWS_00133,Assamese,1,ASM_F
ASM_F_NEWS_00650,Assamese,0,ASM_F
ASM_F_NEWS_00120,Assamese,0,ASM_F
ASM_F_NEWS_00313,Assamese,1,ASM_F
ASM_F_NEWS_00236,Assamese,0,ASM_F
ASM_F_NEWS_00036,Assamese,1,ASM_F
ASM_F_NEWS_00472,Assamese,0,ASM_F
ASM_F_NEWS_00267,Assamese,0,ASM_F
ASM_F_NEWS_00782,Assamese,0,ASM_F
ASM_F_NEWS_00357,Assamese,1,ASM_F
ASM_F_NEWS_00443,Assamese,0,ASM_F
ASM_F_NEWS_00681,Assamese,1,ASM_F
ASM_F_NEWS_00286,Assamese,1,ASM_F
ASM_F_NAMES_00778,Assamese,1,ASM_F
ASM_F_NAMES_00546,Assamese,0,ASM_F
ASM_F_NAMES_00604,Assamese,1,ASM_F
ASM_F_NAMES_00826,Assamese,1,ASM_F
ASM_F_NAMES_00465,Assamese,1,ASM_F
ASM_F_NAMES_01137,Assamese,1,ASM_F
ASM_F_NAMES_00212,Assamese,0,ASM_F
ASM_F_NAMES_01985,Assamese,0,ASM_F
ASM_F_NAMES_02243,Assamese,1,ASM_F
ASM_F_NAMES_00417,Assamese,0,ASM_F
ASM_F_NAMES_00488,Assamese,0,ASM_F
ASM_F_NAMES_00919,Assamese,1,ASM_F
ASM_F_NAMES_00571,Assamese,0,ASM_F
ASM_F_NAMES_00509,Assamese,0,ASM_F
ASM_F_NAMES_00790,Assamese,1,ASM_F
ASM_F_NAMES_00547,Assamese,0,ASM_F
ASM_F_NAMES_02265,Assamese,1,ASM_F
ASM_F_NAMES_01041,Assamese,1,ASM_F
ASM_F_NAMES_00891,Assamese,1,ASM_F
ASM_F_NAMES_01074,Assamese,0,ASM_F
ASM_F_NAMES_00268,Assamese,1,ASM_F
ASM_F_NAMES_01223,Assamese,1,ASM_F
ASM_F_NAMES_01197,Assamese,0,ASM_F
ASM_F_NAMES_01089,Assamese,0,ASM_F
ASM_F_NAMES_00192,Assamese,1,ASM_F
ASM_F_NAMES_02151,Assamese,1,ASM_F
ASM_F_NAMES_02156,Assamese,1,ASM_F
ASM_F_NAMES_00707,Assamese,0,ASM_F
ASM_F_NAMES_00557,Assamese,0,ASM_F
ASM_F_NAMES_00759,Assamese,0,ASM_F
ASM_F_NAMES_01693,Assamese,1,ASM_F
ASM_F_NAMES_01075,Assamese,1,ASM_F
ASM_F_NAMES_01782,Assamese,1,ASM_F
ASM_F_NAMES_02261,Assamese,0,ASM_F
ASM_F_NAMES_00691,Assamese,1,ASM_F
ASM_F_NAMES_00786,Assamese,0,ASM_F
ASM_F_NAMES_00709,Assamese,0,ASM_F
ASM_F_NAMES_00466,Assamese,0,ASM_F
ASM_F_NAMES_00457,Assamese,0,ASM_F
ASM_F_NAMES_02193,Assamese,0,ASM_F
ASM_F_NAMES_00469,Assamese,0,ASM_F
ASM_F_NAMES_00600,Assamese,0,ASM_F
ASM_F_NAMES_00383,Assamese,1,ASM_F
ASM_F_NAMES_00459,Assamese,0,ASM_F
ASM_F_NAMES_00454,Assamese,1,ASM_F
ASM_F_NAMES_01071,Assamese,0,ASM_F
ASM_F_NAMES_00241,Assamese,0,ASM_F
ASM_F_NAMES_01054,Assamese,0,ASM_F
ASM_F_NAMES_02139,Assamese,0,ASM_F
ASM_F_NAMES_00452,Assamese,1,ASM_F
ASM_F_NAMES_00751,Assamese,0,ASM_F
ASM_F_NAMES_01240,Assamese,1,ASM_F
ASM_F_NAMES_01748,Assamese,0,ASM_F
ASM_F_NAMES_00785,Assamese,1,ASM_F
ASM_F_NAMES_00456,Assamese,0,ASM_F
ASM_F_NAMES_00449,Assamese,0,ASM_F
ASM_F_NAMES_01128,Assamese,1,ASM_F
ASM_F_NAMES_00451,Assamese,0,ASM_F
ASM_F_NAMES_00811,Assamese,0,ASM_F
ASM_F_NAMES_01254,Assamese,0,ASM_F
ASM_F_NAMES_01251,Assamese,0,ASM_F
ASM_F_NAMES_00943,Assamese,0,ASM_F
ASM_F_NAMES_00487,Assamese,1,ASM_F
ASM_F_NAMES_00838,Assamese,1,ASM_F
ASM_F_NAMES_01116,Assamese,1,ASM_F
ASM_F_NAMES_01111,Assamese,1,ASM_F
ASM_F_NAMES_00880,Assamese,0,ASM_F
ASM_F_NAMES_00892,Assamese,0,ASM_F
ASM_F_NAMES_00458,Assamese,1,ASM_F
ASM_F_NAMES_00793,Assamese,1,ASM_F
ASM_F_NAMES_00663,Assamese,1,ASM_F
ASM_F_NAMES_00980,Assamese,1,ASM_F
ASM_F_NAMES_00447,Assamese,1,ASM_F
ASM_F_NAMES_00471,Assamese,0,ASM_F
ASM_F_NAMES_00434,Assamese,1,ASM_F
ASM_F_NAMES_01573,Assamese,1,ASM_F
ASM_F_NAMES_01699,Assamese,1,ASM_F
ASM_F_SAD_00322,Assamese,1,ASM_F
ASM_F_SAD_00303,Assamese,1,ASM_F
ASM_F_SAD_00047,Assamese,1,ASM_F
ASM_F_SAD_00411,Assamese,0,ASM_F
ASM_F_SAD_00064,Assamese,0,ASM_F
ASM_F_SAD_00278,Assamese,1,ASM_F
ASM_F_SAD_00037,Assamese,1,ASM_F
ASM_F_SAD_00136,Assamese,1,ASM_F
ASM_F_SAD_00290,Assamese,1,ASM_F
ASM_F_SAD_00292,Assamese,1,ASM_F
ASM_F_SAD_00298,Assamese,1,ASM_F
ASM_F_SAD_00142,Assamese,1,ASM_F
ASM_F_SAD_00239,Assamese,1,ASM_F
ASM_F_SAD_00313,Assamese,0,ASM_F
ASM_F_SAD_00130,Assamese,1,ASM_F
ASM_F_SAD_00214,Assamese,0,ASM_F
ASM_F_SAD_00191,Assamese,1,ASM_F
ASM_F_SAD_00124,Assamese,0,ASM_F
ASM_F_SAD_00189,Assamese,0,ASM_F
ASM_F_SAD_00300,Assamese,0,ASM_F
ASM_F_SAD_00046,Assamese,0,ASM_F
ASM_F_SAD_00043,Assamese,1,ASM_F
ASM_F_SAD_00012,Assamese,0,ASM_F
ASM_F_SAD_00108,Assamese,1,ASM_F
ASM_F_SAD_00019,Assamese,0,ASM_F
ASM_F_SAD_00063,Assamese,0,ASM_F
ASM_F_SAD_00179,Assamese,1,ASM_F
ASM_F_SAD_00053,Assamese,1,ASM_F
ASM_F_SAD_00001,Assamese,1,ASM_F
ASM_F_SAD_00361,Assamese,0,ASM_F
ASM_F_SAD_00127,Assamese,0,ASM_F
ASM_F_SAD_00029,Assamese,0,ASM_F
ASM_F_SAD_00400,Assamese,0,ASM_F
ASM_F_SAD_00090,Assamese,0,ASM_F
ASM_F_SAD_00166,Assamese,0,ASM_F
ASM_F_SAD_00402,Assamese,1,ASM_F
ASM_F_SAD_00219,Assamese,0,ASM_F
ASM_F_SAD_00051,Assamese,1,ASM_F
ASM_F_SAD_00426,Assamese,1,ASM_F
ASM_F_SAD_00357,Assamese,0,ASM_F
ASM_F_SAD_00094,Assamese,0,ASM_F
ASM_F_SAD_00133,Assamese,0,ASM_F
ASM_F_SAD_00138,Assamese,1,ASM_F
ASM_F_SAD_00197,Assamese,1,ASM_F
ASM_F_SAD_00169,Assamese,0,ASM_F
ASM_F_SAD_00026,Assamese,1,ASM_F
ASM_F_SAD_00035,Assamese,0,ASM_F
ASM_F_SAD_00089,Assamese,1,ASM_F
ASM_F_SAD_00104,Assamese,1,ASM_F
ASM_F_SAD_00065,Assamese,0,ASM_F
ASM_F_SAD_00034,Assamese,1,ASM_F
ASM_F_SAD_00083,Assamese,0,ASM_F
ASM_F_SAD_00387,Assamese,0,ASM_F
ASM_F_SAD_00243,Assamese,1,ASM_F
ASM_F_SAD_00151,Assamese,0,ASM_F
ASM_F_SAD_00339,Assamese,1,ASM_F
ASM_F_SAD_00255,Assamese,0,ASM_F
ASM_F_SAD_00084,Assamese,0,ASM_F
ASM_F_SAD_00006,Assamese,1,ASM_F
ASM_F_SAD_00215,Assamese,0,ASM_F
ASM_F_SAD_00050,Assamese,1,ASM_F
ASM_F_SAD_00301,Assamese,1,ASM_F
ASM_F_SAD_00086,Assamese,0,ASM_F
ASM_F_SAD_00315,Assamese,1,ASM_F
ASM_F_SAD_00281,Assamese,1,ASM_F
ASM_F_SAD_00272,Assamese,0,ASM_F
ASM_F_SAD_00011,Assamese,0,ASM_F
ASM_F_SAD_00148,Assamese,0,ASM_F
ASM_F_SAD_00379,Assamese,0,ASM_F
ASM_F_SAD_00004,Assamese,0,ASM_F
ASM_F_SAD_00022,Assamese,0,ASM_F
ASM_F_SAD_00171,Assamese,1,ASM_F
ASM_F_SAD_00123,Assamese,1,ASM_F
ASM_F_SAD_00206,Assamese,1,ASM_F
ASM_F_SAD_00075,Assamese,1,ASM_F
ASM_F_SAD_00283,Assamese,0,ASM_F
ASM_F_SAD_00096,Assamese,1,ASM_F
ASM_F_SURPRISE_00130,Assamese,0,ASM_F
ASM_F_SURPRISE_00186,Assamese,0,ASM_F
ASM_F_SURPRISE_00438,Assamese,0,ASM_F
ASM_F_SURPRISE_00183,Assamese,1,ASM_F
ASM_F_SURPRISE_00410,Assamese,0,ASM_F
ASM_F_SURPRISE_00076,Assamese,0,ASM_F
ASM_F_SURPRISE_00345,Assamese,1,ASM_F
ASM_F_SURPRISE_00417,Assamese,0,ASM_F
ASM_F_SURPRISE_00444,Assamese,1,ASM_F
ASM_F_SURPRISE_00222,Assamese,1,ASM_F
ASM_F_SURPRISE_00302,Assamese,1,ASM_F
ASM_F_SURPRISE_00052,Assamese,1,ASM_F
ASM_F_SURPRISE_00017,Assamese,0,ASM_F
ASM_F_SURPRISE_00140,Assamese,0,ASM_F
ASM_F_SURPRISE_00162,Assamese,1,ASM_F
ASM_F_SURPRISE_00298,Assamese,0,ASM_F
ASM_F_SURPRISE_00245,Assamese,1,ASM_F
ASM_F_SURPRISE_00238,Assamese,0,ASM_F
ASM_F_SURPRISE_00172,Assamese,0,ASM_F
ASM_F_SURPRISE_00134,Assamese,1,ASM_F
ASM_F_SURPRISE_00377,Assamese,1,ASM_F
ASM_F_SURPRISE_00214,Assamese,1,ASM_F
ASM_F_SURPRISE_00138,Assamese,0,ASM_F
ASM_F_SURPRISE_00325,Assamese,0,ASM_F
ASM_F_SURPRISE_00110,Assamese,0,ASM_F
ASM_F_SURPRISE_00007,Assamese,0,ASM_F
ASM_F_SURPRISE_00221,Assamese,1,ASM_F
ASM_F_SURPRISE_00388,Assamese,0,ASM_F
ASM_F_SURPRISE_00301,Assamese,1,ASM_F
ASM_F_SURPRISE_00188,Assamese,0,ASM_F
ASM_F_SURPRISE_00085,Assamese,1,ASM_F
ASM_F_SURPRISE_00396,Assamese,1,ASM_F
ASM_F_SURPRISE_00395,Assamese,1,ASM_F
ASM_F_SURPRISE_00004,Assamese,1,ASM_F
ASM_F_SURPRISE_00228,Assamese,0,ASM_F
ASM_F_SURPRISE_00331,Assamese,0,ASM_F
ASM_F_SURPRISE_00232,Assamese,0,ASM_F
ASM_F_SURPRISE_00394,Assamese,0,ASM_F
ASM_F_SURPRISE_00155,Assamese,1,ASM_F
ASM_F_SURPRISE_00159,Assamese,0,ASM_F
ASM_F_SURPRISE_00116,Assamese,1,ASM_F
ASM_F_SURPRISE_00063,Assamese,1,ASM_F
ASM_F_SURPRISE_00281,Assamese,0,ASM_F
ASM_F_SURPRISE_00337,Assamese,1,ASM_F
ASM_F_SURPRISE_00194,Assamese,1,ASM_F
ASM_F_SURPRISE_00403,Assamese,1,ASM_F
ASM_F_SURPRISE_00442,Assamese,1,ASM_F
ASM_F_SURPRISE_00137,Assamese,1,ASM_F
ASM_F_SURPRISE_00278,Assamese,1,ASM_F
ASM_F_SURPRISE_00084,Assamese,1,ASM_F
ASM_F_SURPRISE_00192,Assamese,0,ASM_F
ASM_F_SURPRISE_00208,Assamese,0,ASM_F
ASM_F_SURPRISE_00254,Assamese,0,ASM_F
ASM_F_SURPRISE_00283,Assamese,0,ASM_F
ASM_F_SURPRISE_00406,Assamese,0,ASM_F
ASM_F_SURPRISE_00139,Assamese,0,ASM_F
ASM_F_SURPRISE_00037,Assamese,0,ASM_F
ASM_F_SURPRISE_00280,Assamese,0,ASM_F
ASM_F_SURPRISE_00334,Assamese,0,ASM_F
ASM_F_SURPRISE_00010,Assamese,0,ASM_F
ASM_F_SURPRISE_00106,Assamese,1,ASM_F
ASM_F_SURPRISE_00144,Assamese,0,ASM_F
ASM_F_SURPRISE_00296,Assamese,1,ASM_F
ASM_F_SURPRISE_00440,Assamese,1,ASM_F
ASM_F_SURPRISE_00434,Assamese,1,ASM_F
ASM_F_SURPRISE_00338,Assamese,1,ASM_F
ASM_F_SURPRISE_00147,Assamese,0,ASM_F
ASM_F_SURPRISE_00362,Assamese,0,ASM_F
ASM_F_SURPRISE_00113,Assamese,0,ASM_F
ASM_F_SURPRISE_00340,Assamese,1,ASM_F
ASM_F_SURPRISE_00286,Assamese,1,ASM_F
ASM_F_SURPRISE_00263,Assamese,0,ASM_F
ASM_F_SURPRISE_00038,Assamese,1,ASM_F
ASM_F_SURPRISE_00051,Assamese,1,ASM_F
ASM_F_SURPRISE_00219,Assamese,0,ASM_F
ASM_F_SURPRISE_00200,Assamese,1,ASM_F
ASM_F_SURPRISE_00433,Assamese,1,ASM_F
BEN_M_ANGER_00348,Bengali,0,BEN_M
BEN_M_ANGER_00088,Bengali,0,BEN_M
BEN_M_ANGER_00373,Bengali,0,BEN_M
BEN_M_ANGER_00190,Bengali,1,BEN_M
BEN_M_ANGER_00129,Bengali,0,BEN_M
BEN_M_ANGER_00362,Bengali,0,BEN_M
BEN_M_ANGER_00506,Bengali,1,BEN_M
BEN_M_ANGER_00154,Bengali,1,BEN_M
BEN_M_ANGER_00081,Bengali,1,BEN_M
BEN_M_ANGER_00312,Bengali,0,BEN_M
BEN_M_ANGER_00010,Bengali,1,BEN_M
BEN_M_ANGER_00239,Bengali,0,BEN_M
BEN_M_ANGER_00399,Bengali,1,BEN_M
BEN_M_ANGER_00103,Bengali,0,BEN_M
BEN_M_ANGER_00481,Bengali,0,BEN_M
BEN_M_ANGER_00504,Bengali,0,BEN_M
BEN_M_ANGER_00542,Bengali,0,BEN_M
BEN_M_ANGER_00033,Bengali,0,BEN_M
BEN_M_ANGER_00413,Bengali,1,BEN_M
BEN_M_ANGER_00524,Bengali,1,BEN_M
BEN_M_ANGER_00463,Bengali,0,BEN_M
BEN_M_ANGER_00466,Bengali,1,BEN_M
BEN_M_ANGER_00287,Bengali,0,BEN_M
BEN_M_ANGER_00289,Bengali,0,BEN_M
BEN_M_ANGER_00093,Bengali,1,BEN_M
BEN_M_ANGER_00596,Bengali,0,BEN_M
BEN_M_ANGER_00065,Bengali,1,BEN_M
BEN_M_ANGER_00519,Bengali,0,BEN_M
BEN_M_ANGER_00122,Bengali,1,BEN_M
BEN_M_ANGER_00437,Bengali,0,BEN_M
BEN_M_ANGER_00387,Bengali,0,BEN_M
BEN_M_ANGER_00283,Bengali,1,BEN_M
BEN_M_ANGER_00567,Bengali,1,BEN_M
BEN_M_ANGER_00215,Bengali,1,BEN_M
BEN_M_ANGER_00004,Bengali,0,BEN_M
BEN_M_ANGER_00436,Bengali,1,BEN_M
BEN_M_ANGER_00351,Bengali,1,BEN_M
BEN_M_ANGER_00085,Bengali,1,BEN_M
BEN_M_ANGER_00261,Bengali,1,BEN_M
BEN_M_ANGER_00074,Bengali,0,BEN_M
BEN_M_ANGER_00451,Bengali,0,BEN_M
BEN_M_ANGER_00112,Bengali,1,BEN_M
BEN_M_ANGER_00388,Bengali,0,BEN_M
BEN_M_ANGER_00228,Bengali,0,BEN_M
BEN_M_ANGER_00036,Bengali,0,BEN_M
BEN_M_ANGER_00094,Bengali,0,BEN_M
BEN_M_ANGER_00001,Bengali,1,BEN_M
BEN_M_ANGER_00012,Bengali,0,BEN_M
BEN_M_ANGER_00405,Bengali,1,BEN_M
BEN_M_ANGER_00024,Bengali,0,BEN_M
BEN_M_ANGER_00089,Bengali,1,BEN_M
BEN_M_ANGER_00225,Bengali,0,BEN_M
BEN_M_ANGER_00163,Bengali,0,BEN_M
BEN_M_ANGER_00530,Bengali,1,BEN_M
BEN_M_ANGER_00238,Bengali,1,BEN_M
BEN_M_ANGER_00062,Bengali,0,BEN_M
BEN_M_ANGER_00183,Bengali,0,BEN_M
BEN_M_ANGER_00020,Bengali,1,BEN_M
BEN_M_ANGER_00552,Bengali,1,BEN_M
BEN_M_ANGER_00095,Bengali,0,BEN_M
BEN_M_ANGER_00507,Bengali,0,BEN_M
BEN_M_ANGER_00529,Bengali,0,BEN_M
BEN_M_ANGER_00424,Bengali,1,BEN_M
BEN_M_ANGER_00371,Bengali,1,BEN_M
BEN_M_ANGER_00096,Bengali,0,BEN_M
BEN_M_ANGER_00043,Bengali,1,BEN_M
BEN_M_ANGER_00583,Bengali,1,BEN_M
BEN_M_ANGER_00051,Bengali,1,BEN_M
BEN_M_ANGER_00345,Bengali,1,BEN_M
BEN_M_ANGER_00508,Bengali,0,BEN_M
BEN_M_ANGER_00456,Bengali,1,BEN_M
BEN_M_ANGER_00258,Bengali,1,BEN_M
BEN_M_ANGER_00360,Bengali,0,BEN_M
BEN_M_ANGER_00379,Bengali,1,BEN_M
BEN_M_ANGER_00415,Bengali,1,BEN_M
BEN_M_ANGER_00400,Bengali,0,BEN_M
BEN_M_ANGER_00328,Bengali,1,BEN_M
BEN_M_ALEXA_00126,Bengali,1,BEN_M
BEN_M_UMANG_00371,Bengali,1,BEN_M
BEN_M_BB_00040,Bengali,0,BEN_M
BEN_M_DIGI_00249,Bengali,0,BEN_M
BEN_M_ALEXA_00079,Bengali,0,BEN_M
BEN_M_UMANG_00244,Bengali,0,BEN_M
BEN_M_BB_00130,Bengali,0,BEN_M
BEN_M_ALEXA_00174,Bengali,1,BEN_M
BEN_M_ALEXA_00129,Bengali,1,BEN_M
BEN_M_ALEXA_00146,Bengali,1,BEN_M
BEN_M_ALEXA_00217,Bengali,1,BEN_M
BEN_M_DIGI_00178,Bengali,0,BEN_M
BEN_M_UMANG_00332,Bengali,0,BEN_M
BEN_M_ALEXA_00192,Bengali,0,BEN_M
BEN_M_UMANG_00187,Bengali,1,BEN_M
BEN_M_UMANG_00003,Bengali,1,BEN_M
BEN_M_ALEXA_00257,Bengali,1,BEN_M
BEN_M_DIGI_00025,Bengali,0,BEN_M
BEN_M_DIGI_00060,Bengali,1,BEN_M
BEN_M_ALEXA_00122,Bengali,0,BEN_M
BEN_M_BB_00017,Bengali,0,BEN_M
BEN_M_UMANG_00255,Bengali,0,BEN_M
BEN_M_UMANG_00149,Bengali,1,BEN_M
BEN_M_BB_00171,Bengali,1,BEN_M
BEN_M_DIGI_00190,Bengali,1,BEN_M
BEN_M_BB_00182,Bengali,1,BEN_M
BEN_M_ALEXA_00063,Bengali,0,BEN_M
BEN_M_UMANG_00382,Bengali,0,BEN_M
BEN_M_UMANG_00095,Bengali,0,BEN_M
BEN_M_DIGI_00164,Bengali,0,BEN_M
BEN_M_BB_00077,Bengali,1,BEN_M
BEN_M_UMANG_00276,Bengali,1,BEN_M
BEN_M_BB_00128,Bengali,1,BEN_M
BEN_M_DIGI_00177,Bengali,0,BEN_M
BEN_M_UMANG_00032,Bengali,1,BEN_M
BEN_M_UMANG_00121,Bengali,1,BEN_M
BEN_M_ALEXA_00050,Bengali,0,BEN_M
BEN_M_DIGI_00250,Bengali,1,BEN_M
BEN_M_DIGI_00036,Bengali,1,BEN_M
BEN_M_BB_00015,Bengali,1,BEN_M
BEN_M_ALEXA_00115,Bengali,1,BEN_M
BEN_M_BB_00048,Bengali,0,BEN_M
BEN_M_BB_00214,Bengali,1,BEN_M
BEN_M_UMANG_00259,Bengali,1,BEN_M
BEN_M_UMANG_00089,Bengali,0,BEN_M
BEN_M_UMANG_00044,Bengali,1,BEN_M
BEN_M_BB_00021,Bengali,0,BEN_M
BEN_M_DIGI_00162,Bengali,0,BEN_M
BEN_M_DIGI_00128,Bengali,1,BEN_M
BEN_M_UMANG_00376,Bengali,0,BEN_M
BEN_M_DIGI_00067,Bengali,0,BEN_M
BEN_M_BB_00194,Bengali,0,BEN_M
BEN_M_DIGI_00200,Bengali,1,BEN_M
BEN_M_BB_00101,Bengali,0,BEN_M
BEN_M_BB_00057,Bengali,1,BEN_M
BEN_M_BB_00019,Bengali,0,BEN_M
BEN_M_ALEXA_00215,Bengali,0,BEN_M
BEN_M_BB_00242,Bengali,0,BEN_M
BEN_M_BB_00133,Bengali,1,BEN_M
BEN_M_DIGI_00191,Bengali,0,BEN_M
BEN_M_ALEXA_00089,Bengali,1,BEN_M
BEN_M_BB_00236,Bengali,1,BEN_M
BEN_M_UMANG_00253,Bengali,1,BEN_M
BEN_M_DIGI_00062,Bengali,0,BEN_M
BEN_M_BB_00014,Bengali,1,BEN_M
BEN_M_ALEXA_00298,Bengali,1,BEN_M
BEN_M_UMANG_00113,Bengali,0,BEN_M
BEN_M_DIGI_00157,Bengali,0,BEN_M
BEN_M_BB_00163,Bengali,1,BEN_M
BEN_M_DIGI_00063,Bengali,1,BEN_M
BEN_M_UMANG_00047,Bengali,0,BEN_M
BEN_M_DIGI_00243,Bengali,0,BEN_M
BEN_M_UMANG_00370,Bengali,1,BEN_M
BEN_M_BB_00147,Bengali,0,BEN_M
BEN_M_ALEXA_00214,Bengali,1,BEN_M
BEN_M_UMANG_00391,Bengali,0,BEN_M
BEN_M_BB_00204,Bengali,0,BEN_M
BEN_M_CONV_00482,Bengali,1,BEN_M
BEN_M_CONV_03169,Bengali,1,BEN_M
BEN_M_CONV_02751,Bengali,0,BEN_M
BEN_M_CONV_01671,Bengali,0,BEN_M
BEN_M_CONV_03196,Bengali,0,BEN_M
BEN_M_CONV_00505,Bengali,1,BEN_M
BEN_M_CONV_02793,Bengali,1,BEN_M
BEN_M_CONV_01060,Bengali,0,BEN_M
BEN_M_CONV_00125,Bengali,0,BEN_M
BEN_M_CONV_00492,Bengali,1,BEN_M
BEN_M_CONV_02756,Bengali,0,BEN_M
BEN_M_CONV_03101,Bengali,0,BEN_M
BEN_M_CONV_00799,Bengali,1,BEN_M
BEN_M_CONV_02258,Bengali,1,BEN_M
BEN_M_CONV_01522,Bengali,0,BEN_M
BEN_M_CONV_00718,Bengali,1,BEN_M
BEN_M_CONV_02622,Bengali,0,BEN_M
BEN_M_CONV_02846,Bengali,1,BEN_M
BEN_M_CONV_00369,Bengali,1,BEN_M
BEN_M_CONV_00213,Bengali,1,BEN_M
BEN_M_CONV_02160,Bengali,1,BEN_M
BEN_M_CONV_01967,Bengali,1,BEN_M
BEN_M_CONV_00506,Bengali,0,BEN_M
BEN_M_CONV_02025,Bengali,1,BEN_M
BEN_M_CONV_01816,Bengali,1,BEN_M
BEN_M_CONV_00567,Bengali,0,BEN_M
BEN_M_CONV_03089,Bengali,1,BEN_M
BEN_M_CONV_02373,Bengali,0,BEN_M
BEN_M_CONV_00215,Bengali,0,BEN_M
BEN_M_CONV_03151,Bengali,1,BEN_M
BEN_M_CONV_02635,Bengali,0,BEN_M
BEN_M_CONV_02262,Bengali,0,BEN_M
BEN_M_CONV_02893,Bengali,0,BEN_M
BEN_M_CONV_01155,Bengali,0,BEN_M
BEN_M_CONV_01656,Bengali,0,BEN_M
BEN_M_CONV_00916,Bengali,1,BEN_M
BEN_M_CONV_02999,Bengali,1,BEN_M
BEN_M_CONV_03028,Bengali,1,BEN_M
BEN_M_CONV_00517,Bengali,1,BEN_M
BEN_M_CONV_00598,Bengali,0,BEN_M
BEN_M_CONV_00696,Bengali,1,BEN_M
BEN_M_CONV_00542,Bengali,0,BEN_M
BEN_M_CONV_01963,Bengali,0,BEN_M
BEN_M_CONV_00919,Bengali,1,BEN_M
BEN_M_CONV_02964,Bengali,0,BEN_M
BEN_M_CONV_02442,Bengali,0,BEN_M
BEN_M_CONV_00739,Bengali,1,BEN_M
BEN_M_CONV_00750,Bengali,1,BEN_M
BEN_M_CONV_01665,Bengali,1,BEN_M
BEN_M_CONV_02728,Bengali,1,BEN_M
BEN_M_CONV_02415,Bengali,1,BEN_M
BEN_M_CONV_02546,Bengali,0,BEN_M
BEN_M_CONV_01385,Bengali,0,BEN_M
BEN_M_CONV_00519,Bengali,1,BEN_M
BEN_M_CONV_00682,Bengali,1,BEN_M
BEN_M_CONV_03127,Bengali,0,BEN_M
BEN_M_CONV_00854,Bengali,0,BEN_M
BEN_M_CONV_01472,Bengali,1,BEN_M
BEN_M_CONV_01082,Bengali,1,BEN_M
BEN_M_CONV_02000,Bengali,1,BEN_M
BEN_M_CONV_00257,Bengali,0,BEN_M
BEN_M_CONV_02677,Bengali,0,BEN_M
BEN_M_CONV_00994,Bengali,0,BEN_M
BEN_M_CONV_00690,Bengali,0,BEN_M
BEN_M_CONV_01493,Bengali,0,BEN_M
BEN_M_CONV_02338,Bengali,1,BEN_M
BEN_M_CONV_00247,Bengali,0,BEN_M
BEN_M_CONV_00121,Bengali,0,BEN_M
BEN_M_CONV_00984,Bengali,0,BEN_M
BEN_M_CONV_00357,Bengali,0,BEN_M
BEN_M_CONV_02773,Bengali,0,BEN_M
BEN_M_CONV_02099,Bengali,1,BEN_M
BEN_M_CONV_00922,Bengali,1,BEN_M
BEN_M_CONV_00053,Bengali,1,BEN_M
BEN_M_CONV_02150,Bengali,1,BEN_M
BEN_M_CONV_00684,Bengali,0,BEN_M
BEN_M_CONV_00455,Bengali,1,BEN_M
BEN_M_DISGUST_00244,Bengali,0,BEN_M
BEN_M_DISGUST_00103,Bengali,1,BEN_M
BEN_M_DISGUST_00618,Bengali,0,BEN_M
BEN_M_DISGUST_00143,Bengali,0,BEN_M
BEN_M_DISGUST_00159,Bengali,1,BEN_M
BEN_M_DISGUST_00452,Bengali,1,BEN_M
BEN_M_DISGUST_00108,Bengali,0,BEN_M
BEN_M_DISGUST_00469,Bengali,1,BEN_M
BEN_M_DISGUST_00175,Bengali,0,BEN_M
BEN_M_DISGUST_00464,Bengali,1,BEN_M
BEN_M_DISGUST_00229,Bengali,1,BEN_M
BEN_M_DISGUST_00013,Bengali,0,BEN_M
BEN_M_DISGUST_00096,Bengali,1,BEN_M
BEN_M_DISGUST_00278,Bengali,1,BEN_M
BEN_M_DISGUST_00350,Bengali,1,BEN_M
BEN_M_DISGUST_00106,Bengali,1,BEN_M
BEN_M_DISGUST_00489,Bengali,1,BEN_M
BEN_M_DISGUST_00009,Bengali,1,BEN_M
BEN_M_DISGUST_00275,Bengali,1,BEN_M
BEN_M_DISGUST_00577,Bengali,1,BEN_M
BEN_M_DISGUST_00507,Bengali,0,BEN_M
BEN_M_DISGUST_00212,Bengali,0,BEN_M
BEN_M_DISGUST_00602,Bengali,0,BEN_M
BEN_M_DISGUST_00218,Bengali,1,BEN_M
BEN_M_DISGUST_00105,Bengali,1,BEN_M
BEN_M_DISGUST_00553,Bengali,0,BEN_M
BEN_M_DISGUST_00233,Bengali,0,BEN_M
BEN_M_DISGUST_00364,Bengali,0,BEN_M
BEN_M_DISGUST_00659,Bengali,0,BEN_M
BEN_M_DISGUST_00660,Bengali,1,BEN_M
BEN_M_DISGUST_00318,Bengali,0,BEN_M
BEN_M_DISGUST_00620,Bengali,0,BEN_M
BEN_M_DISGUST_00417,Bengali,1,BEN_M
BEN_M_DISGUST_00095,Bengali,0,BEN_M
BEN_M_DISGUST_00191,Bengali,0,BEN_M
BEN_M_DISGUST_00099,Bengali,0,BEN_M
BEN_M_DISGUST_00003,Bengali,0,BEN_M
BEN_M_DISGUST_00210,Bengali,1,BEN_M
BEN_M_DISGUST_00535,Bengali,1,BEN_M
BEN_M_DISGUST_00552,Bengali,1,BEN_M
BEN_M_DISGUST_00249,Bengali,0,BEN_M
BEN_M_DISGUST_00262,Bengali,0,BEN_M
BEN_M_DISGUST_00449,Bengali,1,BEN_M
BEN_M_DISGUST_00100,Bengali,0,BEN_M
BEN_M_DISGUST_00197,Bengali,0,BEN_M
BEN_M_DISGUST_00494,Bengali,1,BEN_M
BEN_M_DISGUST_00154,Bengali,0,BEN_M
BEN_M_DISGUST_00661,Bengali,1,BEN_M
BEN_M_DISGUST_00352,Bengali,0,BEN_M
BEN_M_DISGUST_00665,Bengali,1,BEN_M
BEN_M_DISGUST_00505,Bengali,1,BEN_M
BEN_M_DISGUST_00093,Bengali,0,BEN_M
BEN_M_DISGUST_00265,Bengali,0,BEN_M
BEN_M_DISGUST_00475,Bengali,1,BEN_M
BEN_M_DISGUST_00404,Bengali,0,BEN_M
BEN_M_DISGUST_00074,Bengali,0,BEN_M
BEN_M_DISGUST_00472,Bengali,1,BEN_M
BEN_M_DISGUST_00525,Bengali,1,BEN_M
BEN_M_DISGUST_00110,Bengali,1,BEN_M
BEN_M_DISGUST_00583,Bengali,1,BEN_M
BEN_M_DISGUST_00516,Bengali,1,BEN_M
BEN_M_DISGUST_00303,Bengali,0,BEN_M
BEN_M_DISGUST_00045,Bengali,1,BEN_M
BEN_M_DISGUST_00223,Bengali,0,BEN_M
BEN_M_DISGUST_00135,Bengali,1,BEN_M
BEN_M_DISGUST_00012,Bengali,0,BEN_M
BEN_M_DISGUST_00188,Bengali,1,BEN_M
BEN_M_DISGUST_00491,Bengali,0,BEN_M
BEN_M_DISGUST_00436,Bengali,1,BEN_M
BEN_M_DISGUST_00114,Bengali,0,BEN_M
BEN_M_DISGUST_00101,Bengali,0,BEN_M
BEN_M_DISGUST_00051,Bengali,0,BEN_M
BEN_M_DISGUST_00396,Bengali,0,BEN_M
BEN_M_DISGUST_00155,Bengali,1,BEN_M
BEN_M_DISGUST_00107,Bengali,1,BEN_M
BEN_M_DISGUST_00490,Bengali,0,BEN_M
BEN_M_DISGUST_00199,Bengali,0,BEN_M
BEN_M_FEAR_00514,Bengali,0,BEN_M
BEN_M_FEAR_00041,Bengali,1,BEN_M
BEN_M_FEAR_00168,Bengali,1,BEN_M
BEN_M_FEAR_00089,Bengali,0,BEN_M
BEN_M_FEAR_00096,Bengali,0,BEN_M
BEN_M_FEAR_00147,Bengali,1,BEN_M
BEN_M_FEAR_00343,Bengali,0,BEN_M
BEN_M_FEAR_00236,Bengali,0,BEN_M
BEN_M_FEAR_00325,Bengali,0,BEN_M
BEN_M_FEAR_00013,Bengali,0,BEN_M
BEN_M_FEAR_00415,Bengali,0,BEN_M
BEN_M_FEAR_00582,Bengali,0,BEN_M
BEN_M_FEAR_00375,Bengali,1,BEN_M
BEN_M_FEAR_00370,Bengali,1,BEN_M
BEN_M_FEAR_00103,Bengali,0,BEN_M
BEN_M_FEAR_00596,Bengali,0,BEN_M
BEN_M_FEAR_00038,Bengali,1,BEN_M
BEN_M_FEAR_00134,Bengali,1,BEN_M
BEN_M_FEAR_00550,Bengali,0,BEN_M
BEN_M_FEAR_00231,Bengali,1,BEN_M
BEN_M_FEAR_00467,Bengali,1,BEN_M
BEN_M_FEAR_00310,Bengali,1,BEN_M
BEN_M_FEAR_00223,Bengali,1,BEN_M
BEN_M_FEAR_00498,Bengali,0,BEN_M
BEN_M_FEAR_00002,Bengali,1,BEN_M
BEN_M_FEAR_00457,Bengali,0,BEN_M
BEN_M_FEAR_00016,Bengali,0,BEN_M
BEN_M_FEAR_00124,Bengali,1,BEN_M
BEN_M_FEAR_00348,Bengali,0,BEN_M
BEN_M_FEAR_00247,Bengali,0,BEN_M
BEN_M_FEAR_00332,Bengali,1,BEN_M
BEN_M_FEAR_00233,Bengali,0,BEN_M
BEN_M_FEAR_00568,Bengali,1,BEN_M
BEN_M_FEAR_00264,Bengali,0,BEN_M
BEN_M_FEAR_00068,Bengali,1,BEN_M
BEN_M_FEAR_00287,Bengali,0,BEN_M
BEN_M_FEAR_00024,Bengali,1,BEN_M
BEN_M_FEAR_00583,Bengali,0,BEN_M
BEN_M_FEAR_00197,Bengali,0,BEN_M
BEN_M_FEAR_00093,Bengali,0,BEN_M
BEN_M_FEAR_00048,Bengali,0,BEN_M
BEN_M_FEAR_00530,Bengali,1,BEN_M
BEN_M_FEAR_00226,Bengali,1,BEN_M
BEN_M_FEAR_00555,Bengali,0,BEN_M
BEN_M_FEAR_00097,Bengali,1,BEN_M
BEN_M_FEAR_00391,Bengali,0,BEN_M
BEN_M_FEAR_00522,Bengali,1,BEN_M
BEN_M_FEAR_00117,Bengali,0,BEN_M
BEN_M_FEAR_00503,Bengali,1,BEN_M
BEN_M_FEAR_00305,Bengali,0,BEN_M
BEN_M_FEAR_00517,Bengali,1,BEN_M
BEN_M_FEAR_00094,Bengali,0,BEN_M
BEN_M_FEAR_00414,Bengali,0,BEN_M
BEN_M_FEAR_00245,Bengali,0,BEN_M
BEN_M_FEAR_00258,Bengali,1,BEN_M
BEN_M_FEAR_00224,Bengali,1,BEN_M
BEN_M_FEAR_00090,Bengali,0,BEN_M
BEN_M_FEAR_00394,Bengali,1,BEN_M
BEN_M_FEAR_00492,Bengali,0,BEN_M
BEN_M_FEAR_00283,Bengali,0,BEN_M
BEN_M_FEAR_00174,Bengali,1,BEN_M
BEN_M_FEAR_00095,Bengali,1,BEN_M
BEN_M_FEAR_00078,Bengali,1,BEN_M
BEN_M_FEAR_00334,Bengali,1,BEN_M
BEN_M_FEAR_00196,Bengali,0,BEN_M
BEN_M_FEAR_00188,Bengali,1,BEN_M
BEN_M_FEAR_00086,Bengali,0,BEN_M
BEN_M_FEAR_00497,Bengali,1,BEN_M
BEN_M_FEAR_00449,Bengali,0,BEN_M
BEN_M_FEAR_00513,Bengali,0,BEN_M
BEN_M_FEAR_00378,Bengali,1,BEN_M
BEN_M_FEAR_00581,Bengali,1,BEN_M
BEN_M_FEAR_00345,Bengali,1,BEN_M
BEN_M_FEAR_00438,Bengali,1,BEN_M
BEN_M_FEAR_00565,Bengali,1,BEN_M
BEN_M_FEAR_00022,Bengali,1,BEN_M
BEN_M_FEAR_00179,Bengali,0,BEN_M
BEN_M_HAPPY_00175,Bengali,0,BEN_M
BEN_M_HAPPY_00137,Bengali,0,BEN_M
BEN_M_HAPPY_00308,Bengali,1,BEN_M
BEN_M_HAPPY_00490,Bengali,0,BEN_M
BEN_M_HAPPY_00344,Bengali,1,BEN_M
BEN_M_HAPPY_00224,Bengali,1,BEN_M
BEN_M_HAPPY_00295,Bengali,1,BEN_M
BEN_M_HAPPY_00034,Bengali,0,BEN_M
BEN_M_HAPPY_00097,Bengali,0,BEN_M
BEN_M_HAPPY_00184,Bengali,0,BEN_M
BEN_M_HAPPY_00577,Bengali,1,BEN_M
BEN_M_HAPPY_00506,Bengali,1,BEN_M
BEN_M_HAPPY_00195,Bengali,1,BEN_M
BEN_M_HAPPY_00416,Bengali,1,BEN_M
BEN_M_HAPPY_00662,Bengali,0,BEN_M
BEN_M_HAPPY_00668,Bengali,1,BEN_M
BEN_M_HAPPY_00327,Bengali,0,BEN_M
BEN_M_HAPPY_00066,Bengali,1,BEN_M
BEN_M_HAPPY_00170,Bengali,0,BEN_M
BEN_M_HAPPY_00209,Bengali,0,BEN_M
BEN_M_HAPPY_00359,Bengali,0,BEN_M
BEN_M_HAPPY_00107,Bengali,1,BEN_M
BEN_M_HAPPY_00485,Bengali,1,BEN_M
BEN_M_HAPPY_00288,Bengali,0,BEN_M
BEN_M_HAPPY_00331,Bengali,0,BEN_M
BEN_M_HAPPY_00258,Bengali,0,BEN_M
BEN_M_HAPPY_00237,Bengali,1,BEN_M
BEN_M_HAPPY_00640,Bengali,0,BEN_M
BEN_M_HAPPY_00289,Bengali,1,BEN_M
BEN_M_HAPPY_00088,Bengali,1,BEN_M
BEN_M_HAPPY_00370,Bengali,1,BEN_M
BEN_M_HAPPY_00348,Bengali,0,BEN_M
BEN_M_HAPPY_00650,Bengali,0,BEN_M
BEN_M_HAPPY_00669,Bengali,0,BEN_M
BEN_M_HAPPY_00355,Bengali,1,BEN_M
BEN_M_HAPPY_00096,Bengali,0,BEN_M
BEN_M_HAPPY_00013,Bengali,0,BEN_M
BEN_M_HAPPY_00092,Bengali,0,BEN_M
BEN_M_HAPPY_00009,Bengali,1,BEN_M
BEN_M_HAPPY_00630,Bengali,1,BEN_M
BEN_M_HAPPY_00211,Bengali,1,BEN_M
BEN_M_HAPPY_00643,Bengali,0,BEN_M
BEN_M_HAPPY_00189,Bengali,1,BEN_M
BEN_M_HAPPY_00324,Bengali,1,BEN_M
BEN_M_HAPPY_00459,Bengali,1,BEN_M
BEN_M_HAPPY_00129,Bengali,1,BEN_M
BEN_M_HAPPY_00267,Bengali,0,BEN_M
BEN_M_HAPPY_00339,Bengali,0,BEN_M
BEN_M_HAPPY_00084,Bengali,0,BEN_M
BEN_M_HAPPY_00628,Bengali,1,BEN_M
BEN_M_HAPPY_00358,Bengali,1,BEN_M
BEN_M_HAPPY_00375,Bengali,1,BEN_M
BEN_M_HAPPY_00661,Bengali,0,BEN_M
BEN_M_HAPPY_00035,Bengali,0,BEN_M
BEN_M_HAPPY_00476,Bengali,1,BEN_M
BEN_M_HAPPY_00613,Bengali,1,BEN_M
BEN_M_HAPPY_00123,Bengali,1,BEN_M
BEN_M_HAPPY_00483,Bengali,1,BEN_M
BEN_M_HAPPY_00216,Bengali,0,BEN_M
BEN_M_HAPPY_00099,Bengali,1,BEN_M
BEN_M_HAPPY_00044,Bengali,0,BEN_M
BEN_M_HAPPY_00095,Bengali,0,BEN_M
BEN_M_HAPPY_00438,Bengali,0,BEN_M
BEN_M_HAPPY_00004,Bengali,0,BEN_M
BEN_M_HAPPY_00087,Bengali,0,BEN_M
BEN_M_HAPPY_00649,Bengali,0,BEN_M
BEN_M_HAPPY_00598,Bengali,1,BEN_M
BEN_M_HAPPY_00167,Bengali,1,BEN_M
BEN_M_HAPPY_00347,Bengali,1,BEN_M
BEN_M_HAPPY_00578,Bengali,0,BEN_M
BEN_M_HAPPY_00322,Bengali,1,BEN_M
BEN_M_HAPPY_00250,Bengali,0,BEN_M
BEN_M_HAPPY_00014,Bengali,1,BEN_M
BEN_M_HAPPY_00091,Bengali,0,BEN_M
BEN_M_HAPPY_00526,Bengali,0,BEN_M
BEN_M_HAPPY_00560,Bengali,0,BEN_M
BEN_M_HAPPY_00415,Bengali,1,BEN_M
BEN_M_INDIC_00161,Bengali,0,BEN_M
BEN_M_INDIC_00468,Bengali,1,BEN_M
BEN_M_INDIC_00050,Bengali,0,BEN_M
BEN_M_INDIC_00883,Bengali,0,BEN_M
BEN_M_INDIC_00718,Bengali,1,BEN_M
BEN_M_INDIC_00742,Bengali,1,BEN_M
BEN_M_INDIC_00082,Bengali,1,BEN_M
BEN_M_INDIC_00696,Bengali,1,BEN_M
BEN_M_INDIC_00098,Bengali,1,BEN_M
BEN_M_INDIC_00902,Bengali,1,BEN_M
BEN_M_INDIC_00680,Bengali,0,BEN_M
BEN_M_INDIC_00124,Bengali,0,BEN_M
BEN_M_INDIC_00471,Bengali,0,BEN_M
BEN_M_INDIC_00105,Bengali,1,BEN_M
BEN_M_INDIC_00284,Bengali,0,BEN_M
BEN_M_INDIC_00592,Bengali,0,BEN_M
BEN_M_INDIC_00323,Bengali,1,BEN_M
BEN_M_INDIC_00357,Bengali,0,BEN_M
BEN_M_INDIC_00861,Bengali,1,BEN_M
BEN_M_INDIC_00776,Bengali,1,BEN_M
BEN_M_INDIC_00068,Bengali,1,BEN_M
BEN_M_INDIC_00286,Bengali,0,BEN_M
BEN_M_INDIC_00250,Bengali,1,BEN_M
BEN_M_INDIC_00814,Bengali,1,BEN_M
BEN_M_INDIC_00249,Bengali,0,BEN_M
BEN_M_INDIC_00174,Bengali,1,BEN_M
BEN_M_INDIC_00309,Bengali,1,BEN_M
BEN_M_INDIC_00091,Bengali,1,BEN_M
BEN_M_INDIC_00107,Bengali,1,BEN_M
BEN_M_INDIC_00531,Bengali,0,BEN_M
BEN_M_INDIC_00499,Bengali,0,BEN_M
BEN_M_INDIC_00158,Bengali,1,BEN_M
BEN_M_INDIC_00515,Bengali,0,BEN_M
BEN_M_INDIC_00655,Bengali,0,BEN_M
BEN_M_INDIC_00102,Bengali,0,BEN_M
BEN_M_INDIC_00519,Bengali,1,BEN_M
BEN_M_INDIC_00097,Bengali,1,BEN_M
BEN_M_INDIC_00714,Bengali,0,BEN_M
BEN_M_INDIC_00182,Bengali,1,BEN_M
BEN_M_INDIC_00791,Bengali,0,BEN_M
BEN_M_INDIC_00176,Bengali,1,BEN_M
BEN_M_INDIC_00787,Bengali,1,BEN_M
BEN_M_INDIC_00839,Bengali,1,BEN_M
BEN_M_INDIC_00344,Bengali,1,BEN_M
BEN_M_INDIC_00288,Bengali,1,BEN_M
BEN_M_INDIC_00061,Bengali,1,BEN_M
BEN_M_INDIC_00476,Bengali,1,BEN_M
BEN_M_INDIC_00715,Bengali,0,BEN_M
BEN_M_INDIC_00289,Bengali,0,BEN_M
BEN_M_INDIC_00619,Bengali,0,BEN_M
BEN_M_INDIC_00142,Bengali,0,BEN_M
BEN_M_INDIC_00215,Bengali,0,BEN_M
BEN_M_INDIC_00798,Bengali,0,BEN_M
BEN_M_INDIC_00442,Bengali,1,BEN_M
BEN_M_INDIC_00580,Bengali,1,BEN_M
BEN_M_INDIC_00819,Bengali,0,BEN_M
BEN_M_INDIC_00080,Bengali,0,BEN_M
BEN_M_INDIC_00287,Bengali,0,BEN_M
BEN_M_INDIC_00900,Bengali,0,BEN_M
BEN_M_INDIC_00633,Bengali,0,BEN_M
BEN_M_INDIC_00013,Bengali,0,BEN_M
BEN_M_INDIC_00510,Bengali,1,BEN_M
BEN_M_INDIC_00505,Bengali,0,BEN_M
BEN_M_INDIC_00137,Bengali,0,BEN_M
BEN_M_INDIC_00251,Bengali,1,BEN_M
BEN_M_INDIC_00735,Bengali,0,BEN_M
BEN_M_INDIC_00577,Bengali,0,BEN_M
BEN_M_INDIC_00391,Bengali,1,BEN_M
BEN_M_INDIC_00818,Bengali,0,BEN_M
BEN_M_INDIC_00913,Bengali,0,BEN_M
BEN_M_INDIC_00599,Bengali,1,BEN_M
BEN_M_INDIC_00912,Bengali,0,BEN_M
BEN_M_INDIC_00703,Bengali,0,BEN_M
BEN_M_INDIC_00571,Bengali,1,BEN_M
BEN_M_INDIC_00134,Bengali,1,BEN_M
BEN_M_INDIC_00402,Bengali,1,BEN_M
BEN_M_INDIC_00261,Bengali,0,BEN_M
BEN_M_BOOK_00291,Bengali,1,BEN_M
BEN_M_BOOK_00792,Bengali,0,BEN_M
BEN_M_BOOK_00251,Bengali,1,BEN_M
BEN_M_BOOK_00694,Bengali,0,BEN_M
BEN_M_BOOK_00094,Bengali,0,BEN_M
BEN_M_BOOK_00635,Bengali,1,BEN_M
BEN_M_BOOK_00586,Bengali,1,BEN_M
BEN_M_BOOK_00504,Bengali,1,BEN_M
BEN_M_BOOK_00411,Bengali,1,BEN_M
BEN_M_BOOK_00227,Bengali,1,BEN_M
BEN_M_BOOK_01324,Bengali,1,BEN_M
BEN_M_BOOK_00095,Bengali,1,BEN_M
BEN_M_BOOK_00341,Bengali,0,BEN_M
BEN_M_BOOK_01130,Bengali,1,BEN_M
BEN_M_BOOK_00718,Bengali,0,BEN_M
BEN_M_BOOK_00994,Bengali,0,BEN_M
BEN_M_BOOK_00105,Bengali,0,BEN_M
BEN_M_BOOK_01182,Bengali,1,BEN_M
BEN_M_BOOK_01284,Bengali,0,BEN_M
BEN_M_BOOK_01042,Bengali,1,BEN_M
BEN_M_BOOK_00119,Bengali,1,BEN_M
BEN_M_BOOK_00129,Bengali,1,BEN_M
BEN_M_BOOK_00938,Bengali,1,BEN_M
BEN_M_BOOK_00448,Bengali,0,BEN_M
BEN_M_BOOK_00401,Bengali,1,BEN_M
BEN_M_BOOK_01116,Bengali,1,BEN_M
BEN_M_BOOK_00522,Bengali,0,BEN_M
BEN_M_BOOK_01260,Bengali,0,BEN_M
BEN_M_BOOK_01022,Bengali,0,BEN_M
BEN_M_BOOK_01339,Bengali,1,BEN_M
BEN_M_BOOK_00033,Bengali,0,BEN_M
BEN_M_BOOK_00041,Bengali,1,BEN_M
BEN_M_BOOK_00992,Bengali,1,BEN_M
BEN_M_BOOK_01400,Bengali,1,BEN_M
BEN_M_BOOK_00596,Bengali,0,BEN_M
BEN_M_BOOK_00782,Bengali,1,BEN_M
BEN_M_BOOK_01215,Bengali,1,BEN_M
BEN_M_BOOK_00432,Bengali,0,BEN_M
BEN_M_BOOK_01234,Bengali,0,BEN_M
BEN_M_BOOK_01277,Bengali,0,BEN_M
BEN_M_BOOK_00380,Bengali,0,BEN_M
BEN_M_BOOK_01319,Bengali,1,BEN_M
BEN_M_BOOK_00480,Bengali,0,BEN_M
BEN_M_BOOK_00486,Bengali,0,BEN_M
BEN_M_BOOK_00928,Bengali,0,BEN_M
BEN_M_BOOK_01143,Bengali,0,BEN_M
BEN_M_BOOK_01108,Bengali,0,BEN_M
BEN_M_BOOK_00168,Bengali,1,BEN_M
BEN_M_BOOK_01166,Bengali,1,BEN_M
BEN_M_BOOK_00472,Bengali,0,BEN_M
BEN_M_BOOK_01074,Bengali,1,BEN_M
BEN_M_BOOK_01257,Bengali,1,BEN_M
BEN_M_BOOK_00053,Bengali,1,BEN_M
BEN_M_BOOK_01165,Bengali,0,BEN_M
BEN_M_BOOK_00997,Bengali,1,BEN_M
BEN_M_BOOK_00454,Bengali,0,BEN_M
BEN_M_BOOK_00462,Bengali,1,BEN_M
BEN_M_BOOK_00085,Bengali,0,BEN_M
BEN_M_BOOK_01327,Bengali,0,BEN_M
BEN_M_BOOK_00733,Bengali,0,BEN_M
BEN_M_BOOK_00693,Bengali,1,BEN_M
BEN_M_BOOK_01065,Bengali,0,BEN_M
BEN_M_BOOK_00988,Bengali,0,BEN_M
BEN_M_BOOK_01021,Bengali,1,BEN_M
BEN_M_BOOK_00712,Bengali,1,BEN_M
BEN_M_BOOK_00996,Bengali,1,BEN_M
BEN_M_BOOK_01170,Bengali,0,BEN_M
BEN_M_BOOK_00098,Bengali,0,BEN_M
BEN_M_BOOK_00185,Bengali,0,BEN_M
BEN_M_BOOK_00450,Bengali,0,BEN_M
BEN_M_BOOK_01270,Bengali,1,BEN_M
BEN_M_BOOK_01053,Bengali,0,BEN_M
BEN_M_BOOK_00927,Bengali,1,BEN_M
BEN_M_BOOK_00843,Bengali,0,BEN_M
BEN_M_BOOK_00715,Bengali,1,BEN_M
BEN_M_BOOK_00091,Bengali,0,BEN_M
BEN_M_BOOK_01224,Bengali,0,BEN_M
BEN_M_WIKI_01949,Bengali,0,BEN_M
BEN_M_WIKI_00589,Bengali,0,BEN_M
BEN_M_WIKI_00238,Bengali,1,BEN_M
BEN_M_WIKI_00057,Bengali,1,BEN_M
BEN_M_WIKI_01573,Bengali,0,BEN_M
BEN_M_WIKI_00587,Bengali,0,BEN_M
BEN_M_WIKI_01269,Bengali,1,BEN_M
BEN_M_WIKI_00757,Bengali,1,BEN_M
BEN_M_WIKI_01977,Bengali,0,BEN_M
BEN_M_WIKI_00635,Bengali,1,BEN_M
BEN_M_WIKI_01607,Bengali,1,BEN_M
BEN_M_WIKI_01087,Bengali,1,BEN_M
BEN_M_WIKI_00539,Bengali,1,BEN_M
BEN_M_WIKI_00603,Bengali,0,BEN_M
BEN_M_WIKI_00568,Bengali,0,BEN_M
BEN_M_WIKI_00249,Bengali,0,BEN_M
BEN_M_WIKI_00082,Bengali,0,BEN_M
BEN_M_WIKI_00405,Bengali,1,BEN_M
BEN_M_WIKI_00696,Bengali,0,BEN_M
BEN_M_WIKI_00540,Bengali,0,BEN_M
BEN_M_WIKI_01197,Bengali,0,BEN_M
BEN_M_WIKI_01647,Bengali,0,BEN_M
BEN_M_WIKI_00723,Bengali,1,BEN_M
BEN_M_WIKI_01048,Bengali,0,BEN_M
BEN_M_WIKI_01398,Bengali,0,BEN_M
BEN_M_WIKI_01106,Bengali,0,BEN_M
BEN_M_WIKI_01547,Bengali,1,BEN_M
BEN_M_WIKI_00556,Bengali,0,BEN_M
BEN_M_WIKI_00428,Bengali,0,BEN_M
BEN_M_WIKI_01817,Bengali,1,BEN_M
BEN_M_WIKI_01610,Bengali,0,BEN_M
BEN_M_WIKI_00925,Bengali,0,BEN_M
BEN_M_WIKI_00294,Bengali,1,BEN_M
BEN_M_WIKI_01962,Bengali,0,BEN_M
BEN_M_WIKI_01765,Bengali,0,BEN_M
BEN_M_WIKI_00363,Bengali,0,BEN_M
BEN_M_WIKI_01906,Bengali,1,BEN_M
BEN_M_WIKI_01338,Bengali,1,BEN_M
BEN_M_WIKI_00907,Bengali,1,BEN_M
BEN_M_WIKI_00286,Bengali,0,BEN_M
BEN_M_WIKI_01469,Bengali,0,BEN_M
BEN_M_WIKI_01424,Bengali,0,BEN_M
BEN_M_WIKI_00030,Bengali,1,BEN_M
BEN_M_WIKI_00366,Bengali,1,BEN_M
BEN_M_WIKI_00413,Bengali,0,BEN_M
BEN_M_WIKI_00450,Bengali,1,BEN_M
BEN_M_WIKI_00465,Bengali,1,BEN_M
BEN_M_WIKI_01208,Bengali,1,BEN_M
BEN_M_WIKI_00119,Bengali,0,BEN_M
BEN_M_WIKI_01028,Bengali,1,BEN_M
BEN_M_WIKI_00566,Bengali,1,BEN_M
BEN_M_WIKI_00074,Bengali,1,BEN_M
BEN_M_WIKI_01451,Bengali,1,BEN_M
BEN_M_WIKI_01339,Bengali,1,BEN_M
BEN_M_WIKI_01603,Bengali,1,BEN_M
BEN_M_WIKI_00936,Bengali,1,BEN_M
BEN_M_WIKI_01003,Bengali,0,BEN_M
BEN_M_WIKI_00514,Bengali,0,BEN_M
BEN_M_WIKI_00528,Bengali,0,BEN_M
BEN_M_WIKI_01586,Bengali,1,BEN_M
BEN_M_WIKI_01952,Bengali,1,BEN_M
BEN_M_WIKI_01814,Bengali,0,BEN_M
BEN_M_WIKI_01078,Bengali,0,BEN_M
BEN_M_WIKI_00037,Bengali,1,BEN_M
BEN_M_WIKI_01582,Bengali,1,BEN_M
BEN_M_WIKI_00955,Bengali,0,BEN_M
BEN_M_WIKI_00457,Bengali,1,BEN_M
BEN_M_WIKI_00759,Bengali,0,BEN_M
BEN_M_WIKI_00730,Bengali,1,BEN_M
BEN_M_WIKI_00036,Bengali,1,BEN_M
BEN_M_WIKI_00679,Bengali,1,BEN_M
BEN_M_WIKI_00657,Bengali,1,BEN_M
BEN_M_WIKI_01555,Bengali,0,BEN_M
BEN_M_WIKI_00807,Bengali,0,BEN_M
BEN_M_WIKI_01945,Bengali,1,BEN_M
BEN_M_WIKI_01452,Bengali,1,BEN_M
BEN_M_WIKI_00503,Bengali,0,BEN_M
BEN_M_NEWS_01057,Bengali,0,BEN_M
BEN_M_NEWS_00895,Bengali,0,BEN_M
BEN_M_NEWS_00197,Bengali,1,BEN_M
BEN_M_NEWS_00339,Bengali,1,BEN_M
BEN_M_NEWS_00595,Bengali,1,BEN_M
BEN_M_NEWS_01196,Bengali,1,BEN_M
BEN_M_NEWS_00858,Bengali,1,BEN_M
BEN_M_NEWS_00427,Bengali,1,BEN_M
BEN_M_NEWS_00839,Bengali,1,BEN_M
BEN_M_NEWS_00085,Bengali,1,BEN_M
BEN_M_NEWS_00864,Bengali,1,BEN_M
BEN_M_NEWS_00512,Bengali,0,BEN_M
BEN_M_NEWS_00916,Bengali,1,BEN_M
BEN_M_NEWS_00574,Bengali,1,BEN_M
BEN_M_NEWS_01126,Bengali,0,BEN_M
BEN_M_NEWS_00326,Bengali,1,BEN_M
BEN_M_NEWS_00707,Bengali,1,BEN_M
BEN_M_NEWS_00721,Bengali,0,BEN_M
BEN_M_NEWS_00492,Bengali,1,BEN_M
BEN_M_NEWS_00519,Bengali,0,BEN_M
BEN_M_NEWS_00618,Bengali,0,BEN_M
BEN_M_NEWS_00930,Bengali,1,BEN_M
BEN_M_NEWS_01161,Bengali,1,BEN_M
BEN_M_NEWS_01098,Bengali,1,BEN_M
BEN_M_NEWS_00980,Bengali,1,BEN_M
BEN_M_NEWS_00224,Bengali,0,BEN_M
BEN_M_NEWS_01184,Bengali,1,BEN_M
BEN_M_NEWS_00685,Bengali,1,BEN_M
BEN_M_NEWS_01188,Bengali,1,BEN_M
BEN_M_NEWS_00674,Bengali,0,BEN_M
BEN_M_NEWS_00469,Bengali,0,BEN_M
BEN_M_NEWS_00793,Bengali,0,BEN_M
BEN_M_NEWS_00997,Bengali,0,BEN_M
BEN_M_NEWS_00463,Bengali,1,BEN_M
BEN_M_NEWS_00222,Bengali,0,BEN_M
BEN_M_NEWS_00801,Bengali,1,BEN_M
BEN_M_NEWS_00970,Bengali,0,BEN_M
BEN_M_NEWS_00158,Bengali,0,BEN_M
BEN_M_NEWS_00461,Bengali,1,BEN_M
BEN_M_NEWS_01026,Bengali,1,BEN_M
BEN_M_NEWS_00060,Bengali,0,BEN_M
BEN_M_NEWS_00108,Bengali,0,BEN_M
BEN_M_NEWS_00300,Bengali,1,BEN_M
BEN_M_NEWS_00513,Bengali,0,BEN_M
BEN_M_NEWS_00425,Bengali,0,BEN_M
BEN_M_NEWS_00045,Bengali,0,BEN_M
BEN_M_NEWS_00568,Bengali,0,BEN_M
BEN_M_NEWS_00811,Bengali,0,BEN_M
BEN_M_NEWS_00983,Bengali,1,BEN_M
BEN_M_NEWS_01119,Bengali,1,BEN_M
BEN_M_NEWS_00937,Bengali,0,BEN_M
BEN_M_NEWS_00483,Bengali,0,BEN_M
BEN_M_NEWS_00554,Bengali,0,BEN_M
BEN_M_NEWS_00764,Bengali,1,BEN_M
BEN_M_NEWS_00891,Bengali,0,BEN_M
BEN_M_NEWS_00688,Bengali,0,BEN_M
BEN_M_NEWS_00852,Bengali,0,BEN_M
BEN_M_NEWS_00285,Bengali,1,BEN_M
BEN_M_NEWS_00394,Bengali,0,BEN_M
BEN_M_NEWS_00037,Bengali,1,BEN_M
BEN_M_NEWS_00419,Bengali,0,BEN_M
BEN_M_NEWS_00942,Bengali,0,BEN_M
BEN_M_NEWS_00620,Bengali,1,BEN_M
BEN_M_NEWS_00105,Bengali,0,BEN_M
BEN_M_NEWS_00273,Bengali,0,BEN_M
BEN_M_NEWS_01160,Bengali,0,BEN_M
BEN_M_NEWS_00780,Bengali,0,BEN_M
BEN_M_NEWS_00909,Bengali,1,BEN_M
BEN_M_NEWS_00993,Bengali,0,BEN_M
BEN_M_NEWS_01080,Bengali,0,BEN_M
BEN_M_NEWS_00989,Bengali,0,BEN_M
BEN_M_NEWS_00179,Bengali,1,BEN_M
BEN_M_NEWS_00139,Bengali,1,BEN_M
BEN_M_NEWS_00467,Bengali,0,BEN_M
BEN_M_NEWS_00227,Bengali,1,BEN_M
BEN_M_NEWS_01043,Bengali,1,BEN_M
BEN_M_NEWS_00733,Bengali,1,BEN_M
BEN_M_SAD_00363,Bengali,1,BEN_M
BEN_M_SAD_00631,Bengali,1,BEN_M
BEN_M_SAD_00274,Bengali,0,BEN_M
BEN_M_SAD_00630,Bengali,1,BEN_M
BEN_M_SAD_00585,Bengali,1,BEN_M
BEN_M_SAD_00367,Bengali,0,BEN_M
BEN_M_SAD_00287,Bengali,0,BEN_M
BEN_M_SAD_00596,Bengali,1,BEN_M
BEN_M_SAD_00506,Bengali,0,BEN_M
BEN_M_SAD_00261,Bengali,1,BEN_M
BEN_M_SAD_00087,Bengali,1,BEN_M
BEN_M_SAD_00162,Bengali,0,BEN_M
BEN_M_SAD_00298,Bengali,0,BEN_M
BEN_M_SAD_00229,Bengali,0,BEN_M
BEN_M_SAD_00501,Bengali,1,BEN_M
BEN_M_SAD_00170,Bengali,0,BEN_M
BEN_M_SAD_00322,Bengali,1,BEN_M
BEN_M_SAD_00539,Bengali,0,BEN_M
BEN_M_SAD_00183,Bengali,1,BEN_M
BEN_M_SAD_00140,Bengali,1,BEN_M
BEN_M_SAD_00157,Bengali,0,BEN_M
BEN_M_SAD_00204,Bengali,0,BEN_M
BEN_M_SAD_00247,Bengali,1,BEN_M
BEN_M_SAD_00289,Bengali,1,BEN_M
BEN_M_SAD_00586,Bengali,0,BEN_M
BEN_M_SAD_00191,Bengali,1,BEN_M
BEN_M_SAD_00012,Bengali,1,BEN_M
BEN_M_SAD_00117,Bengali,0,BEN_M
BEN_M_SAD_00248,Bengali,1,BEN_M
BEN_M_SAD_00290,Bengali,1,BEN_M
BEN_M_SAD_00592,Bengali,1,BEN_M
BEN_M_SAD_00074,Bengali,0,BEN_M
BEN_M_SAD_00007,Bengali,1,BEN_M
BEN_M_SAD_00097,Bengali,0,BEN_M
BEN_M_SAD_00516,Bengali,1,BEN_M
BEN_M_SAD_00329,Bengali,1,BEN_M
BEN_M_SAD_00080,Bengali,0,BEN_M
BEN_M_SAD_00086,Bengali,1,BEN_M
BEN_M_SAD_00177,Bengali,1,BEN_M
BEN_M_SAD_00288,Bengali,1,BEN_M
BEN_M_SAD_00371,Bengali,1,BEN_M
BEN_M_SAD_00405,Bengali,0,BEN_M
BEN_M_SAD_00111,Bengali,0,BEN_M
BEN_M_SAD_00414,Bengali,0,BEN_M
BEN_M_SAD_00033,Bengali,0,BEN_M
BEN_M_SAD_00058,Bengali,0,BEN_M
BEN_M_SAD_00552,Bengali,1,BEN_M
BEN_M_SAD_00431,Bengali,1,BEN_M
BEN_M_SAD_00456,Bengali,0,BEN_M
BEN_M_SAD_00077,Bengali,0,BEN_M
BEN_M_SAD_00152,Bengali,0,BEN_M
BEN_M_SAD_00041,Bengali,0,BEN_M
BEN_M_SAD_00538,Bengali,0,BEN_M
BEN_M_SAD_00076,Bengali,1,BEN_M
BEN_M_SAD_00003,Bengali,0,BEN_M
BEN_M_SAD_00240,Bengali,1,BEN_M
BEN_M_SAD_00560,Bengali,0,BEN_M
BEN_M_SAD_00544,Bengali,0,BEN_M
BEN_M_SAD_00271,Bengali,0,BEN_M
BEN_M_SAD_00143,Bengali,1,BEN_M
BEN_M_SAD_00085,Bengali,0,BEN_M
BEN_M_SAD_00358,Bengali,0,BEN_M
BEN_M_SAD_00278,Bengali,0,BEN_M
BEN_M_SAD_00379,Bengali,0,BEN_M
BEN_M_SAD_00127,Bengali,1,BEN_M
BEN_M_SAD_00598,Bengali,0,BEN_M
BEN_M_SAD_00433,Bengali,1,BEN_M
BEN_M_SAD_00342,Bengali,1,BEN_M
BEN_M_SAD_00238,Bengali,1,BEN_M
BEN_M_SAD_00088,Bengali,0,BEN_M
BEN_M_SAD_00370,Bengali,0,BEN_M
BEN_M_SAD_00082,Bengali,1,BEN_M
BEN_M_SAD_00471,Bengali,1,BEN_M
BEN_M_SAD_00482,Bengali,0,BEN_M
BEN_M_SAD_00307,Bengali,1,BEN_M
BEN_M_SAD_00083,Bengali,1,BEN_M
BEN_M_SAD_00569,Bengali,1,BEN_M
BEN_M_SANGRAH_01258,Bengali,0,BEN_M
BEN_M_SANGRAH_00151,Bengali,1,BEN_M
BEN_M_SANGRAH_00732,Bengali,0,BEN_M
BEN_M_SANGRAH_00238,Bengali,1,BEN_M
BEN_M_SANGRAH_00082,Bengali,1,BEN_M
BEN_M_SANGRAH_01590,Bengali,0,BEN_M
BEN_M_SANGRAH_01522,Bengali,0,BEN_M
BEN_M_SANGRAH_01108,Bengali,1,BEN_M
BEN_M_SANGRAH_00383,Bengali,1,BEN_M
BEN_M_SANGRAH_00454,Bengali,1,BEN_M
BEN_M_SANGRAH_01519,Bengali,0,BEN_M
BEN_M_SANGRAH_00641,Bengali,0,BEN_M
BEN_M_SANGRAH_00768,Bengali,0,BEN_M
BEN_M_SANGRAH_00062,Bengali,0,BEN_M
BEN_M_SANGRAH_00099,Bengali,1,BEN_M
BEN_M_SANGRAH_01290,Bengali,0,BEN_M
BEN_M_SANGRAH_00276,Bengali,1,BEN_M
BEN_M_SANGRAH_01222,Bengali,0,BEN_M
BEN_M_SANGRAH_01136,Bengali,0,BEN_M
BEN_M_SANGRAH_00352,Bengali,1,BEN_M
BEN_M_SANGRAH_01121,Bengali,1,BEN_M
BEN_M_SANGRAH_00973,Bengali,0,BEN_M
BEN_M_SANGRAH_00589,Bengali,1,BEN_M
BEN_M_SANGRAH_01448,Bengali,0,BEN_M
BEN_M_SANGRAH_01049,Bengali,0,BEN_M
BEN_M_SANGRAH_01155,Bengali,1,BEN_M
BEN_M_SANGRAH_00743,Bengali,1,BEN_M
BEN_M_SANGRAH_00739,Bengali,1,BEN_M
BEN_M_SANGRAH_00762,Bengali,1,BEN_M
BEN_M_SANGRAH_01365,Bengali,0,BEN_M
BEN_M_SANGRAH_00390,Bengali,1,BEN_M
BEN_M_SANGRAH_00290,Bengali,0,BEN_M
BEN_M_SANGRAH_01453,Bengali,0,BEN_M
BEN_M_SANGRAH_00702,Bengali,1,BEN_M
BEN_M_SANGRAH_00539,Bengali,1,BEN_M
BEN_M_SANGRAH_00979,Bengali,1,BEN_M
BEN_M_SANGRAH_01243,Bengali,0,BEN_M
BEN_M_SANGRAH_01694,Bengali,1,BEN_M
BEN_M_SANGRAH_00366,Bengali,0,BEN_M
BEN_M_SANGRAH_00247,Bengali,0,BEN_M
BEN_M_SANGRAH_01248,Bengali,1,BEN_M
BEN_M_SANGRAH_00327,Bengali,1,BEN_M
BEN_M_SANGRAH_00101,Bengali,0,BEN_M
BEN_M_SANGRAH_00066,Bengali,1,BEN_M
BEN_M_SANGRAH_01319,Bengali,0,BEN_M
BEN_M_SANGRAH_01699,Bengali,0,BEN_M
BEN_M_SANGRAH_00786,Bengali,0,BEN_M
BEN_M_SANGRAH_01790,Bengali,0,BEN_M
BEN_M_SANGRAH_01278,Bengali,0,BEN_M
BEN_M_SANGRAH_00699,Bengali,1,BEN_M
BEN_M_SANGRAH_01822,Bengali,1,BEN_M
BEN_M_SANGRAH_00670,Bengali,0,BEN_M
BEN_M_SANGRAH_00887,Bengali,0,BEN_M
BEN_M_SANGRAH_01358,Bengali,1,BEN_M
BEN_M_SANGRAH_00708,Bengali,1,BEN_M
BEN_M_SANGRAH_00939,Bengali,1,BEN_M
BEN_M_SANGRAH_01275,Bengali,0,BEN_M
BEN_M_SANGRAH_00527,Bengali,0,BEN_M
BEN_M_SANGRAH_00058,Bengali,0,BEN_M
BEN_M_SANGRAH_00586,Bengali,0,BEN_M
BEN_M_SANGRAH_00992,Bengali,0,BEN_M
BEN_M_SANGRAH_01763,Bengali,1,BEN_M
BEN_M_SANGRAH_01082,Bengali,1,BEN_M
BEN_M_SANGRAH_00590,Bengali,0,BEN_M
BEN_M_SANGRAH_01772,Bengali,0,BEN_M
BEN_M_SANGRAH_00261,Bengali,1,BEN_M
BEN_M_SANGRAH_01508,Bengali,0,BEN_M
BEN_M_SANGRAH_01684,Bengali,1,BEN_M
BEN_M_SANGRAH_01257,Bengali,1,BEN_M
BEN_M_SANGRAH_00896,Bengali,1,BEN_M
BEN_M_SANGRAH_00662,Bengali,1,BEN_M
BEN_M_SANGRAH_00712,Bengali,1,BEN_M
BEN_M_SANGRAH_01554,Bengali,0,BEN_M
BEN_M_SANGRAH_00427,Bengali,1,BEN_M
BEN_M_SANGRAH_01271,Bengali,0,BEN_M
BEN_M_SANGRAH_00626,Bengali,1,BEN_M
BEN_M_SURPRISE_00573,Bengali,1,BEN_M
BEN_M_SURPRISE_00324,Bengali,0,BEN_M
BEN_M_SURPRISE_00445,Bengali,0,BEN_M
BEN_M_SURPRISE_00309,Bengali,1,BEN_M
BEN_M_SURPRISE_00608,Bengali,0,BEN_M
BEN_M_SURPRISE_00098,Bengali,0,BEN_M
BEN_M_SURPRISE_00172,Bengali,1,BEN_M
BEN_M_SURPRISE_00099,Bengali,1,BEN_M
BEN_M_SURPRISE_00106,Bengali,1,BEN_M
BEN_M_SURPRISE_00480,Bengali,0,BEN_M
BEN_M_SURPRISE_00010,Bengali,0,BEN_M
BEN_M_SURPRISE_00537,Bengali,1,BEN_M
BEN_M_SURPRISE_00527,Bengali,0,BEN_M
BEN_M_SURPRISE_00094,Bengali,1,BEN_M
BEN_M_SURPRISE_00210,Bengali,1,BEN_M
BEN_M_SURPRISE_00548,Bengali,0,BEN_M
BEN_M_SURPRISE_00614,Bengali,0,BEN_M
BEN_M_SURPRISE_00069,Bengali,0,BEN_M
BEN_M_SURPRISE_00440,Bengali,0,BEN_M
BEN_M_SURPRISE_00065,Bengali,0,BEN_M
BEN_M_SURPRISE_00090,Bengali,1,BEN_M
BEN_M_SURPRISE_00576,Bengali,0,BEN_M
BEN_M_SURPRISE_00601,Bengali,0,BEN_M
BEN_M_SURPRISE_00472,Bengali,0,BEN_M
BEN_M_SURPRISE_00270,Bengali,1,BEN_M
BEN_M_SURPRISE_00006,Bengali,1,BEN_M
BEN_M_SURPRISE_00150,Bengali,0,BEN_M
BEN_M_SURPRISE_00442,Bengali,0,BEN_M
BEN_M_SURPRISE_00014,Bengali,1,BEN_M
BEN_M_SURPRISE_00435,Bengali,0,BEN_M
BEN_M_SURPRISE_00097,Bengali,1,BEN_M
BEN_M_SURPRISE_00311,Bengali,1,BEN_M
BEN_M_SURPRISE_00100,Bengali,0,BEN_M
BEN_M_SURPRISE_00108,Bengali,1,BEN_M
BEN_M_SURPRISE_00049,Bengali,0,BEN_M
BEN_M_SURPRISE_00281,Bengali,0,BEN_M
BEN_M_SURPRISE_00595,Bengali,1,BEN_M
BEN_M_SURPRISE_00139,Bengali,0,BEN_M
BEN_M_SURPRISE_00575,Bengali,1,BEN_M
BEN_M_SURPRISE_00619,Bengali,1,BEN_M
BEN_M_SURPRISE_00398,Bengali,1,BEN_M
BEN_M_SURPRISE_00343,Bengali,1,BEN_M
BEN_M_SURPRISE_00179,Bengali,0,BEN_M
BEN_M_SURPRISE_00420,Bengali,0,BEN_M
BEN_M_SURPRISE_00633,Bengali,1,BEN_M
BEN_M_SURPRISE_00231,Bengali,1,BEN_M
BEN_M_SURPRISE_00405,Bengali,1,BEN_M
BEN_M_SURPRISE_00199,Bengali,0,BEN_M
BEN_M_SURPRISE_00464,Bengali,1,BEN_M
BEN_M_SURPRISE_00393,Bengali,1,BEN_M
BEN_M_SURPRISE_00038,Bengali,0,BEN_M
BEN_M_SURPRISE_00504,Bengali,1,BEN_M
BEN_M_SURPRISE_00104,Bengali,1,BEN_M
BEN_M_SURPRISE_00095,Bengali,1,BEN_M
BEN_M_SURPRISE_00426,Bengali,0,BEN_M
BEN_M_SURPRISE_00571,Bengali,1,BEN_M
BEN_M_SURPRISE_00012,Bengali,0,BEN_M
BEN_M_SURPRISE_00616,Bengali,0,BEN_M
BEN_M_SURPRISE_00233,Bengali,1,BEN_M
BEN_M_SURPRISE_00261,Bengali,1,BEN_M
BEN_M_SURPRISE_00279,Bengali,0,BEN_M
BEN_M_SURPRISE_00307,Bengali,0,BEN_M
BEN_M_SURPRISE_00197,Bengali,0,BEN_M
BEN_M_SURPRISE_00263,Bengali,1,BEN_M
BEN_M_SURPRISE_00173,Bengali,0,BEN_M
BEN_M_SURPRISE_00534,Bengali,0,BEN_M
BEN_M_SURPRISE_00115,Bengali,1,BEN_M
BEN_M_SURPRISE_00380,Bengali,1,BEN_M
BEN_M_SURPRISE_00470,Bengali,0,BEN_M
BEN_M_SURPRISE_00250,Bengali,0,BEN_M
BEN_M_SURPRISE_00294,Bengali,1,BEN_M
BEN_M_SURPRISE_00101,Bengali,0,BEN_M
BEN_M_SURPRISE_00383,Bengali,1,BEN_M
BEN_M_SURPRISE_00214,Bengali,1,BEN_M
BEN_M_SURPRISE_00517,Bengali,1,BEN_M
BEN_M_SURPRISE_00087,Bengali,0,BEN_M
BRX_F_ANGER_00218,Bodo,1,BRX_F
BRX_F_ANGER_00174,Bodo,1,BRX_F
BRX_F_ANGER_00161,Bodo,0,BRX_F
BRX_F_ANGER_00120,Bodo,0,BRX_F
BRX_F_ANGER_00096,Bodo,1,BRX_F
BRX_F_ANGER_00046,Bodo,1,BRX_F
BRX_F_ANGER_00135,Bodo,1,BRX_F
BRX_F_ANGER_00297,Bodo,0,BRX_F
BRX_F_ANGER_00451,Bodo,1,BRX_F
BRX_F_ANGER_00302,Bodo,1,BRX_F
BRX_F_ANGER_00169,Bodo,0,BRX_F
BRX_F_ANGER_00295,Bodo,1,BRX_F
BRX_F_ANGER_00377,Bodo,1,BRX_F
BRX_F_ANGER_00439,Bodo,1,BRX_F
BRX_F_ANGER_00196,Bodo,1,BRX_F
BRX_F_ANGER_00118,Bodo,0,BRX_F
BRX_F_ANGER_00470,Bodo,1,BRX_F
BRX_F_ANGER_00103,Bodo,0,BRX_F
BRX_F_ANGER_00017,Bodo,0,BRX_F
BRX_F_ANGER_00101,Bodo,1,BRX_F
BRX_F_ANGER_00417,Bodo,1,BRX_F
BRX_F_ANGER_00313,Bodo,1,BRX_F
BRX_F_ANGER_00043,Bodo,0,BRX_F
BRX_F_ANGER_00097,Bodo,0,BRX_F
BRX_F_ANGER_00268,Bodo,0,BRX_F
BRX_F_ANGER_00073,Bodo,1,BRX_F
BRX_F_ANGER_00485,Bodo,0,BRX_F
BRX_F_ANGER_00251,Bodo,0,BRX_F
BRX_F_ANGER_00372,Bodo,0,BRX_F
BRX_F_ANGER_00129,Bodo,1,BRX_F
BRX_F_ANGER_00279,Bodo,0,BRX_F
BRX_F_ANGER_00277,Bodo,1,BRX_F
BRX_F_ANGER_00305,Bodo,0,BRX_F
BRX_F_ANGER_00024,Bodo,1,BRX_F
BRX_F_ANGER_00324,Bodo,0,BRX_F
BRX_F_ANGER_00003,Bodo,1,BRX_F
BRX_F_ANGER_00402,Bodo,1,BRX_F
BRX_F_ANGER_00421,Bodo,0,BRX_F
BRX_F_ANGER_00139,Bodo,1,BRX_F
BRX_F_ANGER_00347,Bodo,1,BRX_F
BRX_F_ANGER_00110,Bodo,0,BRX_F
BRX_F_ANGER_00293,Bodo,0,BRX_F
BRX_F_ANGER_00198,Bodo,1,BRX_F
BRX_F_ANGER_00487,Bodo,0,BRX_F
BRX_F_ANGER_00071,Bodo,0,BRX_F
BRX_F_ANGER_00351,Bodo,1,BRX_F
BRX_F_ANGER_00444,Bodo,1,BRX_F
BRX_F_ANGER_00472,Bodo,0,BRX_F
BRX_F_ANGER_00057,Bodo,0,BRX_F
BRX_F_ANGER_00440,Bodo,1,BRX_F
BRX_F_ANGER_00093,Bodo,0,BRX_F
BRX_F_ANGER_00053,Bodo,1,BRX_F
BRX_F_ANGER_00107,Bodo,1,BRX_F
BRX_F_ANGER_00036,Bodo,1,BRX_F
BRX_F_ANGER_00254,Bodo,0,BRX_F
BRX_F_ANGER_00195,Bodo,0,BRX_F
BRX_F_ANGER_00204,Bodo,0,BRX_F
BRX_F_ANGER_00474,Bodo,0,BRX_F
BRX_F_ANGER_00032,Bodo,0,BRX_F
BRX_F_ANGER_00307,Bodo,1,BRX_F
BRX_F_ANGER_00062,Bodo,0,BRX_F
BRX_F_ANGER_00398,Bodo,0,BRX_F
BRX_F_ANGER_00466,Bodo,1,BRX_F
BRX_F_ANGER_00100,Bodo,1,BRX_F
BRX_F_ANGER_00450,Bodo,0,BRX_F
BRX_F_ANGER_00076,Bodo,0,BRX_F
BRX_F_ANGER_00237,Bodo,1,BRX_F
BRX_F_ANGER_00031,Bodo,1,BRX_F
BRX_F_ANGER_00026,Bodo,0,BRX_F
BRX_F_ANGER_00212,Bodo,0,BRX_F
BRX_F_ANGER_00333,Bodo,0,BRX_F
BRX_F_ANGER_00045,Bodo,0,BRX_F
BRX_F_ANGER_00366,Bodo,0,BRX_F
BRX_F_ANGER_00200,Bodo,1,BRX_F
BRX_F_ANGER_00252,Bodo,0,BRX_F
BRX_F_ANGER_00476,Bodo,1,BRX_F
BRX_F_ANGER_00426,Bodo,1,BRX_F
BRX_F_BB_00123,Bodo,0,BRX_F
BRX_F_ALEXA_00137,Bodo,1,BRX_F
BRX_F_BB_00149,Bodo,0,BRX_F
BRX_F_ALEXA_00287,Bodo,0,BRX_F
BRX_F_ALEXA_00195,Bodo,0,BRX_F
BRX_F_BB_00138,Bodo,1,BRX_F
BRX_F_DIGI_00119,Bodo,1,BRX_F
BRX_F_ALEXA_00235,Bodo,0,BRX_F
BRX_F_ALEXA_00124,Bodo,0,BRX_F
BRX_F_BB_00090,Bodo,0,BRX_F
BRX_F_ALEXA_00025,Bodo,1,BRX_F
BRX_F_BB_00028,Bodo,1,BRX_F
BRX_F_BB_00165,Bodo,0,BRX_F
BRX_F_ALEXA_00162,Bodo,1,BRX_F
BRX_F_DIGI_00087,Bodo,1,BRX_F
BRX_F_DIGI_00115,Bodo,1,BRX_F
BRX_F_UMANG_00006,Bodo,0,BRX_F
BRX_F_ALEXA_00065,Bodo,1,BRX_F
BRX_F_DIGI_00011,Bodo,1,BRX_F
BRX_F_DIGI_00141,Bodo,0,BRX_F
BRX_F_DIGI_00091,Bodo,1,BRX_F
BRX_F_DIGI_00095,Bodo,0,BRX_F
BRX_F_BB_00068,Bodo,0,BRX_F
BRX_F_BB_00071,Bodo,1,BRX_F
BRX_F_ALEXA_00151,Bodo,0,BRX_F
BRX_F_ALEXA_00130,Bodo,0,BRX_F
BRX_F_ALEXA_00228,Bodo,0,BRX_F
BRX_F_DIGI_00135,Bodo,1,BRX_F
BRX_F_ALEXA_00192,Bodo,0,BRX_F
BRX_F_DIGI_00034,Bodo,1,BRX_F
BRX_F_BB_00156,Bodo,0,BRX_F
BRX_F_BB_00064,Bodo,1,BRX_F
BRX_F_UMANG_00065,Bodo,0,BRX_F
BRX_F_BB_00001,Bodo,1,BRX_F
BRX_F_ALEXA_00007,Bodo,0,BRX_F
BRX_F_DIGI_00033,Bodo,0,BRX_F
BRX_F_BB_00128,Bodo,1,BRX_F
BRX_F_ALEXA_00128,Bodo,1,BRX_F
BRX_F_BB_00050,Bodo,0,BRX_F
BRX_F_ALEXA_00115,Bodo,0,BRX_F
BRX_F_DIGI_00052,Bodo,1,BRX_F
BRX_F_ALEXA_00177,Bodo,0,BRX_F
BRX_F_DIGI_00006,Bodo,0,BRX_F
BRX_F_BB_00015,Bodo,1,BRX_F
BRX_F_ALEXA_00073,Bodo,0,BRX_F
BRX_F_ALEXA_00154,Bodo,1,BRX_F
BRX_F_ALEXA_00008,Bodo,1,BRX_F
BRX_F_ALEXA_00031,Bodo,1,BRX_F
BRX_F_BB_00172,Bodo,0,BRX_F
BRX_F_ALEXA_00049,Bodo,1,BRX_F
BRX_F_ALEXA_00136,Bodo,0,BRX_F
BRX_F_BB_00012,Bodo,1,BRX_F
BRX_F_ALEXA_00248,Bodo,1,BRX_F
BRX_F_UMANG_00012,Bodo,0,BRX_F
BRX_F_BB_00027,Bodo,0,BRX_F
BRX_F_ALEXA_00105,Bodo,1,BRX_F
BRX_F_ALEXA_00277,Bodo,1,BRX_F
BRX_F_ALEXA_00047,Bodo,0,BRX_F
BRX_F_UMANG_00033,Bodo,0,BRX_F
BRX_F_ALEXA_00156,Bodo,1,BRX_F
BRX_F_UMANG_00005,Bodo,0,BRX_F
BRX_F_UMANG_00010,Bodo,0,BRX_F
BRX_F_DIGI_00021,Bodo,0,BRX_F
BRX_F_BB_00129,Bodo,1,BRX_F
BRX_F_ALEXA_00155,Bodo,0,BRX_F
BRX_F_ALEXA_00080,Bodo,1,BRX_F
BRX_F_ALEXA_00018,Bodo,1,BRX_F
BRX_F_ALEXA_00089,Bodo,0,BRX_F
BRX_F_BB_00120,Bodo,0,BRX_F
BRX_F_DIGI_00121,Bodo,1,BRX_F
BRX_F_DIGI_00059,Bodo,1,BRX_F
BRX_F_BB_00046,Bodo,0,BRX_F
BRX_F_BB_00136,Bodo,1,BRX_F
BRX_F_BB_00151,Bodo,1,BRX_F
BRX_F_DIGI_00012,Bodo,1,BRX_F
BRX_F_BB_00166,Bodo,1,BRX_F
BRX_F_BB_00101,Bodo,0,BRX_F
BRX_F_CONV_00320,Bodo,0,BRX_F
BRX_F_CONV_01217,Bodo,1,BRX_F
BRX_F_CONV_02425,Bodo,1,BRX_F
BRX_F_CONV_01621,Bodo,0,BRX_F
BRX_F_CONV_01026,Bodo,0,BRX_F
BRX_F_CONV_00840,Bodo,0,BRX_F
BRX_F_CONV_01503,Bodo,0,BRX_F
BRX_F_CONV_02701,Bodo,1,BRX_F
BRX_F_CONV_01662,Bodo,0,BRX_F
BRX_F_CONV_02948,Bodo,1,BRX_F
BRX_F_CONV_01526,Bodo,1,BRX_F
BRX_F_CONV_02723,Bodo,0,BRX_F
BRX_F_CONV_02041,Bodo,0,BRX_F
BRX_F_CONV_00502,Bodo,1,BRX_F
BRX_F_CONV_00512,Bodo,0,BRX_F
BRX_F_CONV_01029,Bodo,0,BRX_F
BRX_F_CONV_01052,Bodo,1,BRX_F
BRX_F_CONV_01492,Bodo,0,BRX_F
BRX_F_CONV_00450,Bodo,1,BRX_F
BRX_F_CONV_01954,Bodo,1,BRX_F
BRX_F_CONV_00704,Bodo,0,BRX_F
BRX_F_CONV_01087,Bodo,1,BRX_F
BRX_F_CONV_02798,Bodo,1,BRX_F
BRX_F_CONV_01379,Bodo,1,BRX_F
BRX_F_CONV_00043,Bodo,1,BRX_F
BRX_F_CONV_01898,Bodo,1,BRX_F
BRX_F_CONV_02142,Bodo,1,BRX_F
BRX_F_CONV_01464,Bodo,1,BRX_F
BRX_F_CONV_03186,Bodo,0,BRX_F
BRX_F_CONV_03086,Bodo,1,BRX_F
BRX_F_CONV_00148,Bodo,1,BRX_F
BRX_F_CONV_00619,Bodo,1,BRX_F
BRX_F_CONV_01053,Bodo,1,BRX_F
BRX_F_CONV_00442,Bodo,1,BRX_F
BRX_F_CONV_01327,Bodo,1,BRX_F
BRX_F_CONV_02590,Bodo,1,BRX_F
BRX_F_CONV_02751,Bodo,1,BRX_F
BRX_F_CONV_02360,Bodo,0,BRX_F
BRX_F_CONV_03047,Bodo,0,BRX_F
BRX_F_CONV_02968,Bodo,0,BRX_F
BRX_F_CONV_02650,Bodo,1,BRX_F
BRX_F_CONV_03234,Bodo,1,BRX_F
BRX_F_CONV_02487,Bodo,0,BRX_F
BRX_F_CONV_00305,Bodo,0,BRX_F
BRX_F_CONV_00900,Bodo,0,BRX_F
BRX_F_CONV_01657,Bodo,0,BRX_F
BRX_F_CONV_00076,Bodo,0,BRX_F
BRX_F_CONV_00494,Bodo,1,BRX_F
BRX_F_CONV_00745,Bodo,1,BRX_F
BRX_F_CONV_02579,Bodo,0,BRX_F
BRX_F_CONV_02125,Bodo,0,BRX_F
BRX_F_CONV_01719,Bodo,1,BRX_F
BRX_F_CONV_02485,Bodo,0,BRX_F
BRX_F_CONV_01341,Bodo,0,BRX_F
BRX_F_CONV_02284,Bodo,1,BRX_F
BRX_F_CONV_01778,Bodo,0,BRX_F
BRX_F_CONV_02327,Bodo,0,BRX_F
BRX_F_CONV_02275,Bodo,1,BRX_F
BRX_F_CONV_00600,Bodo,0,BRX_F
BRX_F_CONV_00202,Bodo,1,BRX_F
BRX_F_CONV_01820,Bodo,0,BRX_F
BRX_F_CONV_00668,Bodo,0,BRX_F
BRX_F_CONV_00138,Bodo,1,BRX_F
BRX_F_CONV_01227,Bodo,0,BRX_F
BRX_F_CONV_02172,Bodo,1,BRX_F
BRX_F_CONV_01524,Bodo,1,BRX_F
BRX_F_CONV_00438,Bodo,0,BRX_F
BRX_F_CONV_01377,Bodo,0,BRX_F
BRX_F_CONV_01697,Bodo,1,BRX_F
BRX_F_CONV_02161,Bodo,0,BRX_F
BRX_F_CONV_01391,Bodo,0,BRX_F
BRX_F_CONV_01084,Bodo,1,BRX_F
BRX_F_CONV_02253,Bodo,1,BRX_F
BRX_F_CONV_01000,Bodo,0,BRX_F
BRX_F_CONV_01267,Bodo,0,BRX_F
BRX_F_CONV_00847,Bodo,1,BRX_F
BRX_F_CONV_02152,Bodo,0,BRX_F
BRX_F_DISGUST_00405,Bodo,1,BRX_F
BRX_F_DISGUST_00056,Bodo,0,BRX_F
BRX_F_DISGUST_00518,Bodo,1,BRX_F
BRX_F_DISGUST_00546,Bodo,0,BRX_F
BRX_F_DISGUST_00208,Bodo,0,BRX_F
BRX_F_DISGUST_00339,Bodo,1,BRX_F
BRX_F_DISGUST_00323,Bodo,1,BRX_F
BRX_F_DISGUST_00139,Bodo,1,BRX_F
BRX_F_DISGUST_00532,Bodo,0,BRX_F
BRX_F_DISGUST_00040,Bodo,1,BRX_F
BRX_F_DISGUST_00100,Bodo,1,BRX_F
BRX_F_DISGUST_00273,Bodo,0,BRX_F
BRX_F_DISGUST_00187,Bodo,0,BRX_F
BRX_F_DISGUST_00466,Bodo,0,BRX_F
BRX_F_DISGUST_00422,Bodo,0,BRX_F
BRX_F_DISGUST_00074,Bodo,1,BRX_F
BRX_F_DISGUST_00228,Bodo,1,BRX_F
BRX_F_DISGUST_00307,Bodo,1,BRX_F
BRX_F_DISGUST_00393,Bodo,0,BRX_F
BRX_F_DISGUST_00112,Bodo,0,BRX_F
BRX_F_DISGUST_00106,Bodo,1,BRX_F
BRX_F_DISGUST_00173,Bodo,0,BRX_F
BRX_F_DISGUST_00431,Bodo,0,BRX_F
BRX_F_DISGUST_00156,Bodo,1,BRX_F
BRX_F_DISGUST_00421,Bodo,0,BRX_F
BRX_F_DISGUST_00298,Bodo,1,BRX_F
BRX_F_DISGUST_00110,Bodo,1,BRX_F
BRX_F_DISGUST_00346,Bodo,1,BRX_F
BRX_F_DISGUST_00016,Bodo,0,BRX_F
BRX_F_DISGUST_00365,Bodo,1,BRX_F
BRX_F_DISGUST_00499,Bodo,1,BRX_F
BRX_F_DISGUST_00328,Bodo,0,BRX_F
BRX_F_DISGUST_00018,Bodo,0,BRX_F
BRX_F_DISGUST_00152,Bodo,1,BRX_F
BRX_F_DISGUST_00375,Bodo,1,BRX_F
BRX_F_DISGUST_00104,Bodo,0,BRX_F
BRX_F_DISGUST_00376,Bodo,0,BRX_F
BRX_F_DISGUST_00424,Bodo,1,BRX_F
BRX_F_DISGUST_00165,Bodo,1,BRX_F
BRX_F_DISGUST_00107,Bodo,0,BRX_F
BRX_F_DISGUST_00386,Bodo,1,BRX_F
BRX_F_DISGUST_00123,Bodo,1,BRX_F
BRX_F_DISGUST_00061,Bodo,0,BRX_F
BRX_F_DISGUST_00101,Bodo,0,BRX_F
BRX_F_DISGUST_00205,Bodo,1,BRX_F
BRX_F_DISGUST_00102,Bodo,1,BRX_F
BRX_F_DISGUST_00097,Bodo,0,BRX_F
BRX_F_DISGUST_00317,Bodo,0,BRX_F
BRX_F_DISGUST_00551,Bodo,1,BRX_F
BRX_F_DISGUST_00399,Bodo,1,BRX_F
BRX_F_DISGUST_00453,Bodo,0,BRX_F
BRX_F_DISGUST_00045,Bodo,0,BRX_F
BRX_F_DISGUST_00327,Bodo,0,BRX_F
BRX_F_DISGUST_00531,Bodo,1,BRX_F
BRX_F_DISGUST_00223,Bodo,0,BRX_F
BRX_F_DISGUST_00371,Bodo,0,BRX_F
BRX_F_DISGUST_00019,Bodo,1,BRX_F
BRX_F_DISGUST_00530,Bodo,1,BRX_F
BRX_F_DISGUST_00024,Bodo,0,BRX_F
BRX_F_DISGUST_00294,Bodo,0,BRX_F
BRX_F_DISGUST_00266,Bodo,0,BRX_F
BRX_F_DISGUST_00001,Bodo,1,BRX_F
BRX_F_DISGUST_00029,Bodo,1,BRX_F
BRX_F_DISGUST_00434,Bodo,1,BRX_F
BRX_F_DISGUST_00404,Bodo,0,BRX_F
BRX_F_DISGUST_00076,Bodo,0,BRX_F
BRX_F_DISGUST_00084,Bodo,1,BRX_F
BRX_F_DISGUST_00348,Bodo,0,BRX_F
BRX_F_DISGUST_00468,Bodo,0,BRX_F
BRX_F_DISGUST_00279,Bodo,0,BRX_F
BRX_F_DISGUST_00096,Bodo,1,BRX_F
BRX_F_DISGUST_00506,Bodo,1,BRX_F
BRX_F_DISGUST_00035,Bodo,0,BRX_F
BRX_F_DISGUST_00263,Bodo,1,BRX_F
BRX_F_DISGUST_00314,Bodo,0,BRX_F
BRX_F_DISGUST_00054,Bodo,1,BRX_F
BRX_F_DISGUST_00059,Bodo,0,BRX_F
BRX_F_FEAR_00361,Bodo,1,BRX_F
BRX_F_FEAR_00068,Bodo,0,BRX_F
BRX_F_FEAR_00216,Bodo,0,BRX_F
BRX_F_FEAR_00061,Bodo,1,BRX_F
BRX_F_FEAR_00459,Bodo,0,BRX_F
BRX_F_FEAR_00234,Bodo,1,BRX_F
BRX_F_FEAR_00200,Bodo,1,BRX_F
BRX_F_FEAR_00049,Bodo,1,BRX_F
BRX_F_FEAR_00154,Bodo,0,BRX_F
BRX_F_FEAR_00194,Bodo,0,BRX_F
BRX_F_FEAR_00228,Bodo,1,BRX_F
BRX_F_FEAR_00374,Bodo,0,BRX_F
BRX_F_FEAR_00137,Bodo,0,BRX_F
BRX_F_FEAR_00080,Bodo,1,BRX_F
BRX_F_FEAR_00255,Bodo,1,BRX_F
BRX_F_FEAR_00151,Bodo,0,BRX_F
BRX_F_FEAR_00026,Bodo,1,BRX_F
BRX_F_FEAR_00287,Bodo,0,BRX_F
BRX_F_FEAR_00115,Bodo,0,BRX_F
BRX_F_FEAR_00002,Bodo,1,BRX_F
BRX_F_FEAR_00398,Bodo,0,BRX_F
BRX_F_FEAR_00199,Bodo,1,BRX_F
BRX_F_FEAR_00100,Bodo,0,BRX_F
BRX_F_FEAR_00217,Bodo,0,BRX_F
BRX_F_FEAR_00069,Bodo,0,BRX_F
BRX_F_FEAR_00105,Bodo,1,BRX_F
BRX_F_FEAR_00446,Bodo,1,BRX_F
BRX_F_FEAR_00431,Bodo,0,BRX_F
BRX_F_FEAR_00104,Bodo,1,BRX_F
BRX_F_FEAR_00393,Bodo,1,BRX_F
BRX_F_FEAR_00315,Bodo,0,BRX_F
BRX_F_FEAR_00013,Bodo,1,BRX_F
BRX_F_FEAR_00441,Bodo,0,BRX_F
BRX_F_FEAR_00388,Bodo,0,BRX_F
BRX_F_FEAR_00077,Bodo,0,BRX_F
BRX_F_FEAR_00210,Bodo,1,BRX_F
BRX_F_FEAR_00039,Bodo,1,BRX_F
BRX_F_FEAR_00456,Bodo,0,BRX_F
BRX_F_FEAR_00112,Bodo,0,BRX_F
BRX_F_FEAR_00182,Bodo,0,BRX_F
BRX_F_FEAR_00185,Bodo,0,BRX_F
BRX_F_FEAR_00223,Bodo,0,BRX_F
BRX_F_FEAR_00121,Bodo,1,BRX_F
BRX_F_FEAR_00166,Bodo,1,BRX_F
BRX_F_FEAR_00057,Bodo,0,BRX_F
BRX_F_FEAR_00443,Bodo,0,BRX_F
BRX_F_FEAR_00344,Bodo,0,BRX_F
BRX_F_FEAR_00396,Bodo,1,BRX_F
BRX_F_FEAR_00267,Bodo,1,BRX_F
BRX_F_FEAR_00233,Bodo,1,BRX_F
BRX_F_FEAR_00419,Bodo,0,BRX_F
BRX_F_FEAR_00079,Bodo,1,BRX_F
BRX_F_FEAR_00034,Bodo,1,BRX_F
BRX_F_FEAR_00048,Bodo,1,BRX_F
BRX_F_FEAR_00149,Bodo,0,BRX_F
BRX_F_FEAR_00371,Bodo,1,BRX_F
BRX_F_FEAR_00127,Bodo,1,BRX_F
BRX_F_FEAR_00099,Bodo,0,BRX_F
BRX_F_FEAR_00046,Bodo,1,BRX_F
BRX_F_FEAR_00259,Bodo,1,BRX_F
BRX_F_FEAR_00213,Bodo,1,BRX_F
BRX_F_FEAR_00334,Bodo,1,BRX_F
BRX_F_FEAR_00415,Bodo,1,BRX_F
BRX_F_FEAR_00353,Bodo,0,BRX_F
BRX_F_FEAR_00447,Bodo,0,BRX_F
BRX_F_FEAR_00007,Bodo,0,BRX_F
BRX_F_FEAR_00067,Bodo,1,BRX_F
BRX_F_FEAR_00425,Bodo,1,BRX_F
BRX_F_FEAR_00153,Bodo,0,BRX_F
BRX_F_FEAR_00202,Bodo,1,BRX_F
BRX_F_FEAR_00035,Bodo,1,BRX_F
BRX_F_FEAR_00106,Bodo,0,BRX_F
BRX_F_FEAR_00145,Bodo,0,BRX_F
BRX_F_FEAR_00004,Bodo,0,BRX_F
BRX_F_FEAR_00029,Bodo,0,BRX_F
BRX_F_FEAR_00125,Bodo,1,BRX_F
BRX_F_FEAR_00142,Bodo,0,BRX_F
BRX_F_HAPPY_00037,Bodo,1,BRX_F
BRX_F_HAPPY_00139,Bodo,1,BRX_F
BRX_F_HAPPY_00097,Bodo,0,BRX_F
BRX_F_HAPPY_00264,Bodo,1,BRX_F
BRX_F_HAPPY_00074,Bodo,0,BRX_F
BRX_F_HAPPY_00356,Bodo,1,BRX_F
BRX_F_HAPPY_00243,Bodo,1,BRX_F
BRX_F_HAPPY_00241,Bodo,0,BRX_F
BRX_F_HAPPY_00381,Bodo,0,BRX_F
BRX_F_HAPPY_00267,Bodo,1,BRX_F
BRX_F_HAPPY_00092,Bodo,0,BRX_F
BRX_F_HAPPY_00014,Bodo,0,BRX_F
BRX_F_HAPPY_00378,Bodo,1,BRX_F
BRX_F_HAPPY_00124,Bodo,0,BRX_F
BRX_F_HAPPY_00225,Bodo,0,BRX_F
BRX_F_HAPPY_00275,Bodo,1,BRX_F
BRX_F_HAPPY_00095,Bodo,1,BRX_F
BRX_F_HAPPY_00134,Bodo,1,BRX_F
BRX_F_HAPPY_00096,Bodo,1,BRX_F
BRX_F_HAPPY_00190,Bodo,1,BRX_F
BRX_F_HAPPY_00143,Bodo,0,BRX_F
BRX_F_HAPPY_00333,Bodo,0,BRX_F
BRX_F_HAPPY_00182,Bodo,0,BRX_F
BRX_F_HAPPY_00191,Bodo,0,BRX_F
BRX_F_HAPPY_00007,Bodo,0,BRX_F
BRX_F_HAPPY_00192,Bodo,0,BRX_F
BRX_F_HAPPY_00082,Bodo,1,BRX_F
BRX_F_HAPPY_00147,Bodo,0,BRX_F
BRX_F_HAPPY_00178,Bodo,1,BRX_F
BRX_F_HAPPY_00127,Bodo,1,BRX_F
BRX_F_HAPPY_00119,Bodo,1,BRX_F
BRX_F_HAPPY_00390,Bodo,0,BRX_F
BRX_F_HAPPY_00006,Bodo,1,BRX_F
BRX_F_HAPPY_00301,Bodo,0,BRX_F
BRX_F_HAPPY_00296,Bodo,1,BRX_F
BRX_F_HAPPY_00054,Bodo,1,BRX_F
BRX_F_HAPPY_00244,Bodo,1,BRX_F
BRX_F_HAPPY_00438,Bodo,0,BRX_F
BRX_F_HAPPY_00179,Bodo,1,BRX_F
BRX_F_HAPPY_00312,Bodo,0,BRX_F
BRX_F_HAPPY_00045,Bodo,1,BRX_F
BRX_F_HAPPY_00056,Bodo,1,BRX_F
BRX_F_HAPPY_00226,Bodo,1,BRX_F
BRX_F_HAPPY_00160,Bodo,1,BRX_F
BRX_F_HAPPY_00219,Bodo,0,BRX_F
BRX_F_HAPPY_00061,Bodo,1,BRX_F
BRX_F_HAPPY_00093,Bodo,1,BRX_F
BRX_F_HAPPY_00238,Bodo,1,BRX_F
BRX_F_HAPPY_00059,Bodo,0,BRX_F
BRX_F_HAPPY_00246,Bodo,0,BRX_F
BRX_F_HAPPY_00084,Bodo,0,BRX_F
BRX_F_HAPPY_00215,Bodo,1,BRX_F
BRX_F_HAPPY_00110,Bodo,0,BRX_F
BRX_F_HAPPY_00202,Bodo,0,BRX_F
BRX_F_HAPPY_00361,Bodo,1,BRX_F
BRX_F_HAPPY_00023,Bodo,1,BRX_F
BRX_F_HAPPY_00102,Bodo,0,BRX_F
BRX_F_HAPPY_00172,Bodo,1,BRX_F
BRX_F_HAPPY_00010,Bodo,0,BRX_F
BRX_F_HAPPY_00071,Bodo,1,BRX_F
BRX_F_HAPPY_00141,Bodo,1,BRX_F
BRX_F_HAPPY_00105,Bodo,1,BRX_F
BRX_F_HAPPY_00433,Bodo,0,BRX_F
BRX_F_HAPPY_00425,Bodo,1,BRX_F
BRX_F_HAPPY_00148,Bodo,0,BRX_F
BRX_F_HAPPY_00098,Bodo,1,BRX_F
BRX_F_HAPPY_00340,Bodo,0,BRX_F
BRX_F_HAPPY_00078,Bodo,1,BRX_F
BRX_F_HAPPY_00306,Bodo,0,BRX_F
BRX_F_HAPPY_00239,Bodo,0,BRX_F
BRX_F_HAPPY_00386,Bodo,0,BRX_F
BRX_F_HAPPY_00025,Bodo,0,BRX_F
BRX_F_HAPPY_00035,Bodo,0,BRX_F
BRX_F_HAPPY_00220,Bodo,0,BRX_F
BRX_F_HAPPY_00310,Bodo,0,BRX_F
BRX_F_HAPPY_00336,Bodo,0,BRX_F
BRX_F_HAPPY_00384,Bodo,0,BRX_F
BRX_F_INDIC_00412,Bodo,1,BRX_F
BRX_F_INDIC_00121,Bodo,0,BRX_F
BRX_F_INDIC_00445,Bodo,0,BRX_F
BRX_F_INDIC_00241,Bodo,0,BRX_F
BRX_F_INDIC_00165,Bodo,0,BRX_F
BRX_F_INDIC_00433,Bodo,0,BRX_F
BRX_F_INDIC_00592,Bodo,1,BRX_F
BRX_F_INDIC_00193,Bodo,1,BRX_F
BRX_F_INDIC_00112,Bodo,1,BRX_F
BRX_F_INDIC_00379,Bodo,0,BRX_F
BRX_F_INDIC_00019,Bodo,1,BRX_F
BRX_F_INDIC_00311,Bodo,0,BRX_F
BRX_F_INDIC_00472,Bodo,1,BRX_F
BRX_F_INDIC_00139,Bodo,1,BRX_F
BRX_F_INDIC_00565,Bodo,1,BRX_F
BRX_F_INDIC_00590,Bodo,0,BRX_F
BRX_F_INDIC_00580,Bodo,0,BRX_F
BRX_F_INDIC_00046,Bodo,1,BRX_F
BRX_F_INDIC_00488,Bodo,0,BRX_F
BRX_F_INDIC_00615,Bodo,0,BRX_F
BRX_F_INDIC_00504,Bodo,1,BRX_F
BRX_F_INDIC_00521,Bodo,0,BRX_F
BRX_F_INDIC_00354,Bodo,1,BRX_F
BRX_F_INDIC_00359,Bodo,0,BRX_F
BRX_F_INDIC_00125,Bodo,0,BRX_F
BRX_F_INDIC_00182,Bodo,1,BRX_F
BRX_F_INDIC_00310,Bodo,0,BRX_F
BRX_F_INDIC_00606,Bodo,1,BRX_F
BRX_F_INDIC_00159,Bodo,0,BRX_F
BRX_F_INDIC_00517,Bodo,0,BRX_F
BRX_F_INDIC_00457,Bodo,1,BRX_F
BRX_F_INDIC_00348,Bodo,0,BRX_F
BRX_F_INDIC_00315,Bodo,1,BRX_F
BRX_F_INDIC_00267,Bodo,0,BRX_F
BRX_F_INDIC_00004,Bodo,0,BRX_F
BRX_F_INDIC_00515,Bodo,1,BRX_F
BRX_F_INDIC_00418,Bodo,1,BRX_F
BRX_F_INDIC_00115,Bodo,1,BRX_F
BRX_F_INDIC_00330,Bodo,0,BRX_F
BRX_F_INDIC_00104,Bodo,1,BRX_F
BRX_F_INDIC_00535,Bodo,1,BRX_F
BRX_F_INDIC_00150,Bodo,1,BRX_F
BRX_F_INDIC_00454,Bodo,1,BRX_F
BRX_F_INDIC_00287,Bodo,1,BRX_F
BRX_F_INDIC_00051,Bodo,1,BRX_F
BRX_F_INDIC_00126,Bodo,1,BRX_F
BRX_F_INDIC_00001,Bodo,0,BRX_F
BRX_F_INDIC_00023,Bodo,1,BRX_F
BRX_F_INDIC_00480,Bodo,0,BRX_F
BRX_F_INDIC_00034,Bodo,1,BRX_F
BRX_F_INDIC_00114,Bodo,0,BRX_F
BRX_F_INDIC_00282,Bodo,0,BRX_F
BRX_F_INDIC_00202,Bodo,0,BRX_F
BRX_F_INDIC_00619,Bodo,1,BRX_F
BRX_F_INDIC_00303,Bodo,1,BRX_F
BRX_F_INDIC_00089,Bodo,0,BRX_F
BRX_F_INDIC_00229,Bodo,1,BRX_F
BRX_F_INDIC_00031,Bodo,1,BRX_F
BRX_F_INDIC_00644,Bodo,0,BRX_F
BRX_F_INDIC_00128,Bodo,0,BRX_F
BRX_F_INDIC_00575,Bodo,1,BRX_F
BRX_F_INDIC_00618,Bodo,1,BRX_F
BRX_F_INDIC_00501,Bodo,0,BRX_F
BRX_F_INDIC_00444,Bodo,0,BRX_F
BRX_F_INDIC_00132,Bodo,0,BRX_F
BRX_F_INDIC_00063,Bodo,0,BRX_F
BRX_F_INDIC_00702,Bodo,0,BRX_F
BRX_F_INDIC_00073,Bodo,0,BRX_F
BRX_F_INDIC_00405,Bodo,1,BRX_F
BRX_F_INDIC_00595,Bodo,0,BRX_F
BRX_F_INDIC_00540,Bodo,0,BRX_F
BRX_F_INDIC_00328,Bodo,0,BRX_F
BRX_F_INDIC_00430,Bodo,1,BRX_F
BRX_F_INDIC_00447,Bodo,1,BRX_F
BRX_F_INDIC_00489,Bodo,1,BRX_F
BRX_F_INDIC_00473,Bodo,1,BRX_F
BRX_F_INDIC_00396,Bodo,0,BRX_F
BRX_F_BOOK_00858,Bodo,1,BRX_F
BRX_F_BOOK_00371,Bodo,1,BRX_F
BRX_F_BOOK_00064,Bodo,1,BRX_F
BRX_F_BOOK_01535,Bodo,0,BRX_F
BRX_F_BOOK_00909,Bodo,1,BRX_F
BRX_F_BOOK_00456,Bodo,1,BRX_F
BRX_F_BOOK_01027,Bodo,0,BRX_F
BRX_F_BOOK_01499,Bodo,1,BRX_F
BRX_F_BOOK_00299,Bodo,0,BRX_F
BRX_F_BOOK_00213,Bodo,1,BRX_F
BRX_F_BOOK_00878,Bodo,1,BRX_F
BRX_F_BOOK_00651,Bodo,0,BRX_F
BRX_F_BOOK_01534,Bodo,1,BRX_F
BRX_F_BOOK_00782,Bodo,1,BRX_F
BRX_F_BOOK_01619,Bodo,1,BRX_F
BRX_F_BOOK_00830,Bodo,0,BRX_F
BRX_F_BOOK_00860,Bodo,1,BRX_F
BRX_F_BOOK_00870,Bodo,1,BRX_F
BRX_F_BOOK_00675,Bodo,1,BRX_F
BRX_F_BOOK_00665,Bodo,0,BRX_F
BRX_F_BOOK_01134,Bodo,0,BRX_F
BRX_F_BOOK_00721,Bodo,1,BRX_F
BRX_F_BOOK_01741,Bodo,0,BRX_F
BRX_F_BOOK_00668,Bodo,1,BRX_F
BRX_F_BOOK_00434,Bodo,1,BRX_F
BRX_F_BOOK_01565,Bodo,0,BRX_F
BRX_F_BOOK_00535,Bodo,1,BRX_F
BRX_F_BOOK_01017,Bodo,0,BRX_F
BRX_F_BOOK_01484,Bodo,0,BRX_F
BRX_F_BOOK_01470,Bodo,0,BRX_F
BRX_F_BOOK_00849,Bodo,0,BRX_F
BRX_F_BOOK_00154,Bodo,0,BRX_F
BRX_F_BOOK_00690,Bodo,0,BRX_F
BRX_F_BOOK_01341,Bodo,0,BRX_F
BRX_F_BOOK_00303,Bodo,0,BRX_F
BRX_F_BOOK_00108,Bodo,0,BRX_F
BRX_F_BOOK_01657,Bodo,0,BRX_F
BRX_F_BOOK_01101,Bodo,0,BRX_F
BRX_F_BOOK_00106,Bodo,0,BRX_F
BRX_F_BOOK_01390,Bodo,1,BRX_F
BRX_F_BOOK_00065,Bodo,0,BRX_F
BRX_F_BOOK_01678,Bodo,1,BRX_F
BRX_F_BOOK_01308,Bodo,0,BRX_F
BRX_F_BOOK_00160,Bodo,1,BRX_F
BRX_F_BOOK_01589,Bodo,1,BRX_F
BRX_F_BOOK_00377,Bodo,1,BRX_F
BRX_F_BOOK_00657,Bodo,0,BRX_F
BRX_F_BOOK_00781,Bodo,0,BRX_F
BRX_F_BOOK_01008,Bodo,0,BRX_F
BRX_F_BOOK_00581,Bodo,1,BRX_F
BRX_F_BOOK_01142,Bodo,1,BRX_F
BRX_F_BOOK_00346,Bodo,0,BRX_F
BRX_F_BOOK_00275,Bodo,1,BRX_F
BRX_F_BOOK_01093,Bodo,1,BRX_F
BRX_F_BOOK_00926,Bodo,0,BRX_F
BRX_F_BOOK_00911,Bodo,0,BRX_F
BRX_F_BOOK_00433,Bodo,0,BRX_F
BRX_F_BOOK_00467,Bodo,1,BRX_F
BRX_F_BOOK_00917,Bodo,1,BRX_F
BRX_F_BOOK_00111,Bodo,0,BRX_F
BRX_F_BOOK_00839,Bodo,1,BRX_F
BRX_F_BOOK_01173,Bodo,0,BRX_F
BRX_F_BOOK_00069,Bodo,1,BRX_F
BRX_F_BOOK_00788,Bodo,1,BRX_F
BRX_F_BOOK_01052,Bodo,0,BRX_F
BRX_F_BOOK_00649,Bodo,1,BRX_F
BRX_F_BOOK_01367,Bodo,1,BRX_F
BRX_F_BOOK_00520,Bodo,0,BRX_F
BRX_F_BOOK_01410,Bodo,0,BRX_F
BRX_F_BOOK_01376,Bodo,1,BRX_F
BRX_F_BOOK_00558,Bodo,1,BRX_F
BRX_F_BOOK_01335,Bodo,0,BRX_F
BRX_F_BOOK_00098,Bodo,0,BRX_F
BRX_F_BOOK_01373,Bodo,1,BRX_F
BRX_F_BOOK_00031,Bodo,0,BRX_F
BRX_F_BOOK_00142,Bodo,0,BRX_F
BRX_F_BOOK_01461,Bodo,1,BRX_F
BRX_F_WIKI_01205,Bodo,0,BRX_F
BRX_F_WIKI_00888,Bodo,0,BRX_F
BRX_F_WIKI_02697,Bodo,0,BRX_F
BRX_F_WIKI_02835,Bodo,1,BRX_F
BRX_F_WIKI_01483,Bodo,1,BRX_F
BRX_F_WIKI_00542,Bodo,0,BRX_F
BRX_F_WIKI_03166,Bodo,0,BRX_F
BRX_F_WIKI_00736,Bodo,1,BRX_F
BRX_F_WIKI_00946,Bodo,1,BRX_F
BRX_F_WIKI_01613,Bodo,1,BRX_F
BRX_F_WIKI_01214,Bodo,0,BRX_F
BRX_F_WIKI_02441,Bodo,0,BRX_F
BRX_F_WIKI_00690,Bodo,1,BRX_F
BRX_F_WIKI_03257,Bodo,1,BRX_F
BRX_F_WIKI_01447,Bodo,0,BRX_F
BRX_F_WIKI_01527,Bodo,1,BRX_F
BRX_F_WIKI_01532,Bodo,1,BRX_F
BRX_F_WIKI_02110,Bodo,1,BRX_F
BRX_F_WIKI_00265,Bodo,1,BRX_F
BRX_F_WIKI_02666,Bodo,1,BRX_F
BRX_F_WIKI_02258,Bodo,1,BRX_F
BRX_F_WIKI_00479,Bodo,0,BRX_F
BRX_F_WIKI_03258,Bodo,1,BRX_F
BRX_F_WIKI_01018,Bodo,0,BRX_F
BRX_F_WIKI_00439,Bodo,1,BRX_F
BRX_F_WIKI_00813,Bodo,0,BRX_F
BRX_F_WIKI_02623,Bodo,0,BRX_F
BRX_F_WIKI_03053,Bodo,0,BRX_F
DOI_M_ANGER_00184,Dogri,0,DOI_M
DOI_M_ANGER_00339,Dogri,1,DOI_M
DOI_M_ANGER_00475,Dogri,1,DOI_M
DOI_M_ANGER_00118,Dogri,1,DOI_M
DOI_M_ANGER_00087,Dogri,1,DOI_M
DOI_M_ANGER_00525,Dogri,0,DOI_M
DOI_M_ANGER_00550,Dogri,0,DOI_M
DOI_M_ANGER_00292,Dogri,1,DOI_M
DOI_M_ANGER_00045,Dogri,0,DOI_M
DOI_M_ANGER_00067,Dogri,1,DOI_M
DOI_M_ANGER_00485,Dogri,1,DOI_M
DOI_M_ANGER_00310,Dogri,1,DOI_M
DOI_M_ANGER_00391,Dogri,0,DOI_M
DOI_M_ANGER_00035,Dogri,1,DOI_M
DOI_M_ANGER_00411,Dogri,1,DOI_M
DOI_M_ANGER_00400,Dogri,1,DOI_M
DOI_M_ANGER_00135,Dogri,0,DOI_M
DOI_M_ANGER_00297,Dogri,0,DOI_M
DOI_M_ANGER_00445,Dogri,0,DOI_M
DOI_M_ANGER_00090,Dogri,1,DOI_M
DOI_M_ANGER_00105,Dogri,1,DOI_M
DOI_M_ANGER_00408,Dogri,0,DOI_M
DOI_M_ANGER_00383,Dogri,1,DOI_M
DOI_M_ANGER_00452,Dogri,0,DOI_M
DOI_M_ANGER_00430,Dogri,1,DOI_M
DOI_M_ANGER_00112,Dogri,1,DOI_M
DOI_M_ANGER_00012,Dogri,1,DOI_M
DOI_M_ANGER_00129,Dogri,0,DOI_M
DOI_M_ANGER_00425,Dogri,1,DOI_M
DOI_M_ANGER_00095,Dogri,1,DOI_M
DOI_M_ANGER_00233,Dogri,0,DOI_M
DOI_M_ANGER_00096,Dogri,0,DOI_M
DOI_M_ANGER_00066,Dogri,1,DOI_M
DOI_M_ANGER_00271,Dogri,0,DOI_M
DOI_M_ANGER_00443,Dogri,1,DOI_M
DOI_M_ANGER_00482,Dogri,0,DOI_M
DOI_M_ANGER_00091,Dogri,1,DOI_M
DOI_M_ANGER_00334,Dogri,0,DOI_M
DOI_M_ANGER_00039,Dogri,0,DOI_M
DOI_M_ANGER_00498,Dogri,0,DOI_M
DOI_M_ANGER_00401,Dogri,0,DOI_M
DOI_M_ANGER_00476,Dogri,0,DOI_M
DOI_M_ANGER_00304,Dogri,1,DOI_M
DOI_M_ANGER_00505,Dogri,1,DOI_M
DOI_M_ANGER_00016,Dogri,0,DOI_M
DOI_M_ANGER_00151,Dogri,0,DOI_M
DOI_M_ANGER_00138,Dogri,0,DOI_M
DOI_M_ANGER_00002,Dogri,1,DOI_M
DOI_M_ANGER_00020,Dogri,1,DOI_M
DOI_M_ANGER_00328,Dogri,1,DOI_M
DOI_M_ANGER_00382,Dogri,0,DOI_M
DOI_M_ANGER_00207,Dogri,1,DOI_M
DOI_M_ANGER_00378,Dogri,1,DOI_M
DOI_M_ANGER_00172,Dogri,0,DOI_M
DOI_M_ANGER_00098,Dogri,1,DOI_M
DOI_M_ANGER_00491,Dogri,0,DOI_M
DOI_M_ANGER_00166,Dogri,0,DOI_M
DOI_M_ANGER_00030,Dogri,1,DOI_M
DOI_M_ANGER_00527,Dogri,1,DOI_M
DOI_M_ANGER_00223,Dogri,1,DOI_M
DOI_M_ANGER_00291,Dogri,0,DOI_M
DOI_M_ANGER_00533,Dogri,1,DOI_M
DOI_M_ANGER_00324,Dogri,0,DOI_M
DOI_M_ANGER_00097,Dogri,1,DOI_M
DOI_M_ANGER_00049,Dogri,1,DOI_M
DOI_M_ANGER_00340,Dogri,0,DOI_M
DOI_M_ANGER_00102,Dogri,0,DOI_M
DOI_M_ANGER_00524,Dogri,1,DOI_M
DOI_M_ANGER_00493,Dogri,1,DOI_M
DOI_M_ANGER_00168,Dogri,0,DOI_M
DOI_M_ANGER_00474,Dogri,1,DOI_M
DOI_M_ANGER_00027,Dogri,1,DOI_M
DOI_M_ANGER_00055,Dogri,1,DOI_M
DOI_M_ANGER_00387,Dogri,1,DOI_M
DOI_M_ANGER_00512,Dogri,1,DOI_M
DOI_M_ANGER_00415,Dogri,1,DOI_M
DOI_M_ANGER_00337,Dogri,0,DOI_M
DOI_M_ANGER_00068,Dogri,0,DOI_M
DOI_M_ANGER_00149,Dogri,0,DOI_M
DOI_M_ANGER_00028,Dogri,1,DOI_M
DOI_M_ANGER_00017,Dogri,0,DOI_M
DOI_M_ANGER_00084,Dogri,1,DOI_M
DOI_M_ANGER_00213,Dogri,0,DOI_M
DOI_M_ANGER_00036,Dogri,1,DOI_M
DOI_M_ANGER_00399,Dogri,1,DOI_M
DOI_M_ANGER_00548,Dogri,1,DOI_M
DOI_M_ANGER_00268,Dogri,0,DOI_M
DOI_M_ANGER_00116,Dogri,1,DOI_M
DOI_M_ANGER_00396,Dogri,0,DOI_M
DOI_M_ANGER_00193,Dogri,0,DOI_M
DOI_M_ANGER_00006,Dogri,1,DOI_M
DOI_M_ANGER_00054,Dogri,1,DOI_M
DOI_M_ANGER_00141,Dogri,1,DOI_M
DOI_M_ANGER_00497,Dogri,0,DOI_M
DOI_M_ANGER_00361,Dogri,0,DOI_M
DOI_M_ANGER_00018,Dogri,1,DOI_M
DOI_M_ANGER_00311,Dogri,1,DOI_M
DOI_M_ANGER_00487,Dogri,0,DOI_M
DOI_M_ANGER_00414,Dogri,1,DOI_M
DOI_M_ANGER_00004,Dogri,0,DOI_M
DOI_M_ANGER_00019,Dogri,0,DOI_M
DOI_M_ANGER_00269,Dogri,1,DOI_M
DOI_M_ANGER_00072,Dogri,1,DOI_M
DOI_M_ANGER_00246,Dogri,1,DOI_M
DOI_M_ANGER_00496,Dogri,0,DOI_M
DOI_M_ANGER_00078,Dogri,1,DOI_M
DOI_M_ANGER_00504,Dogri,1,DOI_M
DOI_M_ANGER_00305,Dogri,0,DOI_M
DOI_M_ANGER_00381,Dogri,1,DOI_M
DOI_M_ANGER_00158,Dogri,0,DOI_M
DOI_M_ANGER_00244,Dogri,0,DOI_M
DOI_M_ANGER_00341,Dogri,0,DOI_M
DOI_M_ANGER_00029,Dogri,0,DOI_M
DOI_M_ANGER_00008,Dogri,0,DOI_M
DOI_M_ANGER_00442,Dogri,0,DOI_M
DOI_M_ANGER_00331,Dogri,0,DOI_M
DOI_M_ANGER_00133,Dogri,0,DOI_M
DOI_M_ANGER_00125,Dogri,1,DOI_M
DOI_M_ANGER_00251,Dogri,0,DOI_M
DOI_M_ANGER_00034,Dogri,0,DOI_M
DOI_M_ANGER_00161,Dogri,1,DOI_M
DOI_M_ANGER_00553,Dogri,0,DOI_M
DOI_M_ANGER_00143,Dogri,1,DOI_M
DOI_M_ANGER_00469,Dogri,1,DOI_M
DOI_M_ANGER_00139,Dogri,0,DOI_M
DOI_M_ANGER_00325,Dogri,1,DOI_M
DOI_M_ANGER_00094,Dogri,1,DOI_M
DOI_M_ANGER_00156,Dogri,0,DOI_M
DOI_M_ANGER_00365,Dogri,0,DOI_M
DOI_M_ANGER_00373,Dogri,0,DOI_M
DOI_M_ANGER_00243,Dogri,0,DOI_M
DOI_M_ANGER_00529,Dogri,0,DOI_M
DOI_M_ANGER_00520,Dogri,1,DOI_M
DOI_M_ANGER_00423,Dogri,1,DOI_M
DOI_M_ANGER_00349,Dogri,1,DOI_M
DOI_M_ANGER_00177,Dogri,0,DOI_M
DOI_M_ANGER_00220,Dogri,1,DOI_M
DOI_M_ANGER_00134,Dogri,1,DOI_M
DOI_M_ANGER_00222,Dogri,0,DOI_M
DOI_M_ANGER_00517,Dogri,0,DOI_M
DOI_M_ANGER_00185,Dogri,1,DOI_M
DOI_M_ANGER_00436,Dogri,1,DOI_M
DOI_M_ANGER_00104,Dogri,1,DOI_M
DOI_M_ANGER_00218,Dogri,0,DOI_M
DOI_M_ANGER_00225,Dogri,0,DOI_M
DOI_M_ANGER_00093,Dogri,0,DOI_M
DOI_M_ANGER_00245,Dogri,0,DOI_M
DOI_M_ANGER_00144,Dogri,0,DOI_M
DOI_M_ANGER_00549,Dogri,0,DOI_M
DOI_M_ANGER_00228,Dogri,0,DOI_M
DOI_M_ANGER_00300,Dogri,0,DOI_M
DOI_M_ANGER_00195,Dogri,0,DOI_M
DOI_M_ANGER_00229,Dogri,0,DOI_M
DOI_M_ANGER_00516,Dogri,0,DOI_M
DOI_M_ANGER_00444,Dogri,0,DOI_M
DOI_M_ANGER_00041,Dogri,1,DOI_M
DOI_M_ANGER_00165,Dogri,0,DOI_M
DOI_M_ANGER_00429,Dogri,1,DOI_M
DOI_M_ANGER_00267,Dogri,0,DOI_M
DOI_M_ANGER_00315,Dogri,0,DOI_M
DOI_M_ANGER_00288,Dogri,1,DOI_M
DOI_M_ANGER_00071,Dogri,0,DOI_M
DOI_M_ANGER_00136,Dogri,0,DOI_M
DOI_M_ANGER_00261,Dogri,0,DOI_M
DOI_M_ANGER_00241,Dogri,1,DOI_M
DOI_M_ANGER_00007,Dogri,0,DOI_M
DOI_M_ANGER_00418,Dogri,1,DOI_M
DOI_M_ANGER_00506,Dogri,1,DOI_M
DOI_M_ANGER_00197,Dogri,1,DOI_M
DOI_M_ANGER_00180,Dogri,1,DOI_M
DOI_M_ANGER_00009,Dogri,1,DOI_M
DOI_M_ANGER_00447,Dogri,0,DOI_M
DOI_M_ANGER_00127,Dogri,0,DOI_M
DOI_M_ANGER_00101,Dogri,1,DOI_M
DOI_M_ANGER_00303,Dogri,0,DOI_M
DOI_M_ANGER_00360,Dogri,1,DOI_M
DOI_M_ANGER_00212,Dogri,0,DOI_M
DOI_M_ANGER_00205,Dogri,0,DOI_M
DOI_M_ANGER_00306,Dogri,1,DOI_M
DOI_M_ANGER_00460,Dogri,1,DOI_M
DOI_M_ANGER_00434,Dogri,1,DOI_M
DOI_M_ANGER_00320,Dogri,1,DOI_M
DOI_M_DIGI_00068,Dogri,0,DOI_M
DOI_M_ALEXA_00263,Dogri,1,DOI_M
DOI_M_DIGI_00092,Dogri,0,DOI_M
DOI_M_ALEXA_00031,Dogri,0,DOI_M
DOI_M_ALEXA_00224,Dogri,1,DOI_M
DOI_M_DIGI_00026,Dogri,1,DOI_M
DOI_M_DIGI_00183,Dogri,1,DOI_M
DOI_M_BB_00190,Dogri,0,DOI_M
DOI_M_BB_00195,Dogri,0,DOI_M
DOI_M_ALEXA_00247,Dogri,1,DOI_M
DOI_M_BB_00146,Dogri,1,DOI_M
DOI_M_DIGI_00111,Dogri,0,DOI_M
DOI_M_ALEXA_00254,Dogri,0,DOI_M
DOI_M_BB_00066,Dogri,0,DOI_M
DOI_M_ALEXA_00256,Dogri,0,DOI_M
DOI_M_BB_00084,Dogri,0,DOI_M
DOI_M_BB_00077,Dogri,0,DOI_M
DOI_M_BB_00074,Dogri,1,DOI_M
DOI_M_ALEXA_00055,Dogri,1,DOI_M
DOI_M_ALEXA_00025,Dogri,0,DOI_M
DOI_M_ALEXA_00199,Dogri,1,DOI_M
DOI_M_BB_00142,Dogri,1,DOI_M
DOI_M_ALEXA_00107,Dogri,1,DOI_M
DOI_M_DIGI_00158,Dogri,1,DOI_M
DOI_M_ALEXA_00226,Dogri,1,DOI_M
DOI_M_ALEXA_00187,Dogri,0,DOI_M
DOI_M_ALEXA_00274,Dogri,0,DOI_M
DOI_M_BB_00019,Dogri,1,DOI_M
DOI_M_ALEXA_00152,Dogri,0,DOI_M
DOI_M_DIGI_00134,Dogri,1,DOI_M
DOI_M_DIGI_00080,Dogri,0,DOI_M
DOI_M_BB_00208,Dogri,1,DOI_M
DOI_M_ALEXA_00002,Dogri,0,DOI_M
DOI_M_BB_00139,Dogri,1,DOI_M
DOI_M_ALEXA_00001,Dogri,1,DOI_M
DOI_M_BB_00131,Dogri,0,DOI_M
DOI_M_ALEXA_00123,Dogri,0,DOI_M
DOI_M_ALEXA_00072,Dogri,0,DOI_M
DOI_M_BB_00103,Dogri,0,DOI_M
DOI_M_BB_00111,Dogri,0,DOI_M
DOI_M_DIGI_00079,Dogri,1,DOI_M
DOI_M_ALEXA_00097,Dogri,0,DOI_M
DOI_M_BB_00018,Dogri,0,DOI_M
DOI_M_BB_00128,Dogri,1,DOI_M
DOI_M_ALEXA_00104,Dogri,1,DOI_M
DOI_M_ALEXA_00151,Dogri,0,DOI_M
DOI_M_ALEXA_00202,Dogri,1,DOI_M
DOI_M_ALEXA_00182,Dogri,1,DOI_M
DOI_M_ALEXA_00127,Dogri,0,DOI_M
DOI_M_ALEXA_00041,Dogri,1,DOI_M
DOI_M_ALEXA_00189,Dogri,1,DOI_M
DOI_M_ALEXA_00216,Dogri,1,DOI_M
DOI_M_ALEXA_00028,Dogri,0,DOI_M
DOI_M_ALEXA_00181,Dogri,1,DOI_M
DOI_M_ALEXA_00192,Dogri,1,DOI_M
DOI_M_DIGI_00187,Dogri,1,DOI_M
DOI_M_DIGI_00176,Dogri,0,DOI_M
DOI_M_BB_00135,Dogri,0,DOI_M
DOI_M_ALEXA_00022,Dogri,1,DOI_M
DOI_M_ALEXA_00173,Dogri,1,DOI_M
DOI_M_BB_00005,Dogri,1,DOI_M
DOI_M_DIGI_00065,Dogri,1,DOI_M
DOI_M_ALEXA_00142,Dogri,0,DOI_M
DOI_M_BB_00037,Dogri,1,DOI_M
DOI_M_DIGI_00036,Dogri,0,DOI_M
DOI_M_BB_00123,Dogri,0,DOI_M
DOI_M_BB_00150,Dogri,1,DOI_M
DOI_M_ALEXA_00042,Dogri,0,DOI_M
DOI_M_ALEXA_00053,Dogri,0,DOI_M
DOI_M_BB_00054,Dogri,1,DOI_M
DOI_M_ALEXA_00268,Dogri,0,DOI_M
DOI_M_DIGI_00057,Dogri,1,DOI_M
DOI_M_ALEXA_00178,Dogri,1,DOI_M
DOI_M_DIGI_00226,Dogri,0,DOI_M
DOI_M_BB_00067,Dogri,0,DOI_M
DOI_M_BB_00183,Dogri,1,DOI_M
DOI_M_ALEXA_00264,Dogri,1,DOI_M
DOI_M_BB_00015,Dogri,0,DOI_M
DOI_M_BB_00039,Dogri,1,DOI_M
DOI_M_ALEXA_00265,Dogri,1,DOI_M
DOI_M_DIGI_00093,Dogri,0,DOI_M
DOI_M_ALEXA_00068,Dogri,0,DOI_M
DOI_M_DIGI_00030,Dogri,0,DOI_M
DOI_M_BB_00079,Dogri,1,DOI_M
DOI_M_BB_00097,Dogri,1,DOI_M
DOI_M_DIGI_00052,Dogri,0,DOI_M
DOI_M_ALEXA_00233,Dogri,0,DOI_M
DOI_M_DIGI_00126,Dogri,0,DOI_M
DOI_M_ALEXA_00131,Dogri,1,DOI_M
DOI_M_DIGI_00062,Dogri,1,DOI_M
DOI_M_ALEXA_00026,Dogri,0,DOI_M
DOI_M_DIGI_00129,Dogri,1,DOI_M
DOI_M_ALEXA_00061,Dogri,0,DOI_M
DOI_M_ALEXA_00049,Dogri,1,DOI_M
DOI_M_ALEXA_00163,Dogri,1,DOI_M
DOI_M_DIGI_00115,Dogri,1,DOI_M
DOI_M_ALEXA_00128,Dogri,1,DOI_M
DOI_M_ALEXA_00205,Dogri,0,DOI_M
DOI_M_BB_00065,Dogri,1,DOI_M
DOI_M_BB_00211,Dogri,0,DOI_M
DOI_M_ALEXA_00198,Dogri,0,DOI_M
DOI_M_BB_00179,Dogri,0,DOI_M
DOI_M_ALEXA_00085,Dogri,1,DOI_M
DOI_M_DIGI_00053,Dogri,1,DOI_M
DOI_M_ALEXA_00252,Dogri,1,DOI_M
DOI_M_BB_00086,Dogri,0,DOI_M
DOI_M_BB_00157,Dogri,0,DOI_M
DOI_M_BB_00092,Dogri,0,DOI_M
DOI_M_DIGI_00054,Dogri,1,DOI_M
DOI_M_BB_00072,Dogri,1,DOI_M
DOI_M_ALEXA_00157,Dogri,1,DOI_M
DOI_M_BB_00192,Dogri,0,DOI_M
DOI_M_ALEXA_00043,Dogri,1,DOI_M
DOI_M_DIGI_00167,Dogri,1,DOI_M
DOI_M_DIGI_00186,Dogri,1,DOI_M
DOI_M_ALEXA_00044,Dogri,1,DOI_M
DOI_M_BB_00104,Dogri,0,DOI_M
DOI_M_ALEXA_00225,Dogri,0,DOI_M
DOI_M_ALEXA_00191,Dogri,1,DOI_M
DOI_M_DIGI_00023,Dogri,0,DOI_M
DOI_M_BB_00096,Dogri,1,DOI_M
DOI_M_ALEXA_00172,Dogri,0,DOI_M
DOI_M_ALEXA_00229,Dogri,0,DOI_M
DOI_M_ALEXA_00039,Dogri,1,DOI_M
DOI_M_ALEXA_00266,Dogri,1,DOI_M
DOI_M_ALEXA_00035,Dogri,1,DOI_M
DOI_M_BB_00154,Dogri,1,DOI_M
DOI_M_ALEXA_00167,Dogri,1,DOI_M
DOI_M_ALEXA_00231,Dogri,0,DOI_M
DOI_M_BB_00105,Dogri,1,DOI_M
DOI_M_ALEXA_00166,Dogri,0,DOI_M
DOI_M_ALEXA_00052,Dogri,1,DOI_M
DOI_M_ALEXA_00081,Dogri,0,DOI_M
DOI_M_DIGI_00118,Dogri,0,DOI_M
DOI_M_ALEXA_00164,Dogri,1,DOI_M
DOI_M_DIGI_00117,Dogri,0,DOI_M
DOI_M_DIGI_00121,Dogri,0,DOI_M
DOI_M_BB_00038,Dogri,0,DOI_M
DOI_M_BB_00147,Dogri,1,DOI_M
DOI_M_ALEXA_00206,Dogri,1,DOI_M
DOI_M_DIGI_00146,Dogri,1,DOI_M
DOI_M_ALEXA_00213,Dogri,1,DOI_M
DOI_M_DIGI_00147,Dogri,1,DOI_M
DOI_M_BB_00075,Dogri,1,DOI_M
DOI_M_DIGI_00172,Dogri,0,DOI_M
DOI_M_BB_00078,Dogri,0,DOI_M
DOI_M_DIGI_00138,Dogri,0,DOI_M
DOI_M_DIGI_00077,Dogri,0,DOI_M
DOI_M_DIGI_00002,Dogri,0,DOI_M
DOI_M_BB_00044,Dogri,0,DOI_M
DOI_M_ALEXA_00084,Dogri,1,DOI_M
DOI_M_DIGI_00056,Dogri,1,DOI_M
DOI_M_BB_00185,Dogri,0,DOI_M
DOI_M_ALEXA_00108,Dogri,0,DOI_M
DOI_M_ALEXA_00267,Dogri,0,DOI_M
DOI_M_BB_00182,Dogri,1,DOI_M
DOI_M_BB_00020,Dogri,0,DOI_M
DOI_M_DIGI_00242,Dogri,0,DOI_M
DOI_M_ALEXA_00207,Dogri,1,DOI_M
DOI_M_DIGI_00199,Dogri,1,DOI_M
DOI_M_BB_00144,Dogri,0,DOI_M
DOI_M_BB_00198,Dogri,1,DOI_M
DOI_M_BB_00085,Dogri,1,DOI_M
DOI_M_BB_00200,Dogri,0,DOI_M
DOI_M_ALEXA_00012,Dogri,0,DOI_M
DOI_M_BB_00004,Dogri,0,DOI_M
DOI_M_BB_00115,Dogri,1,DOI_M
DOI_M_DIGI_00010,Dogri,0,DOI_M
DOI_M_BB_00027,Dogri,1,DOI_M
DOI_M_DIGI_00091,Dogri,0,DOI_M
DOI_M_DIGI_00162,Dogri,1,DOI_M
DOI_M_BB_00040,Dogri,1,DOI_M
DOI_M_ALEXA_00174,Dogri,0,DOI_M
DOI_M_ALEXA_00062,Dogri,0,DOI_M
DOI_M_ALEXA_00200,Dogri,0,DOI_M
DOI_M_DIGI_00131,Dogri,0,DOI_M
DOI_M_ALEXA_00260,Dogri,1,DOI_M
DOI_M_BB_00189,Dogri,0,DOI_M
DOI_M_BB_00152,Dogri,0,DOI_M
DOI_M_BB_00056,Dogri,0,DOI_M
DOI_M_DIGI_00038,Dogri,0,DOI_M
DOI_M_DIGI_00101,Dogri,1,DOI_M
DOI_M_CONV_00817,Dogri,1,DOI_M
DOI_M_CONV_01689,Dogri,1,DOI_M
DOI_M_CONV_00465,Dogri,1,DOI_M
DOI_M_CONV_00884,Dogri,1,DOI_M
DOI_M_CONV_01310,Dogri,1,DOI_M
DOI_M_CONV_00179,Dogri,1,DOI_M
DOI_M_CONV_00976,Dogri,1,DOI_M
DOI_M_CONV_00883,Dogri,0,DOI_M
DOI_M_CONV_00603,Dogri,0,DOI_M
DOI_M_CONV_00163,Dogri,0,DOI_M
DOI_M_CONV_00681,Dogri,0,DOI_M
DOI_M_CONV_01211,Dogri,1,DOI_M
DOI_M_CONV_00071,Dogri,1,DOI_M
DOI_M_CONV_01775,Dogri,0,DOI_M
DOI_M_CONV_02050,Dogri,0,DOI_M
DOI_M_CONV_00349,Dogri,0,DOI_M
DOI_M_CONV_00906,Dogri,0,DOI_M
DOI_M_CONV_01373,Dogri,1,DOI_M
DOI_M_CONV_00425,Dogri,0,DOI_M
DOI_M_CONV_01274,Dogri,0,DOI_M
DOI_M_CONV_00983,Dogri,0,DOI_M
DOI_M_CONV_01919,Dogri,0,DOI_M
DOI_M_CONV_01764,Dogri,0,DOI_M
DOI_M_CONV_01222,Dogri,0,DOI_M
DOI_M_CONV_00345,Dogri,0,DOI_M
DOI_M_CONV_00073,Dogri,0,DOI_M
DOI_M_CONV_00951,Dogri,1,DOI_M
DOI_M_CONV_01604,Dogri,0,DOI_M
DOI_M_CONV_01423,Dogri,1,DOI_M
DOI_M_CONV_01218,Dogri,0,DOI_M
DOI_M_CONV_00783,Dogri,0,DOI_M
DOI_M_CONV_01709,Dogri,0,DOI_M
DOI_M_CONV_01845,Dogri,0,DOI_M
DOI_M_CONV_01344,Dogri,1,DOI_M
DOI_M_CONV_00511,Dogri,0,DOI_M
DOI_M_CONV_00429,Dogri,1,DOI_M
DOI_M_CONV_00448,Dogri,1,DOI_M
DOI_M_CONV_01195,Dogri,0,DOI_M
DOI_M_CONV_00534,Dogri,1,DOI_M
DOI_M_CONV_01273,Dogri,1,DOI_M
DOI_M_CONV_01138,Dogri,1,DOI_M
DOI_M_CONV_00130,Dogri,0,DOI_M
DOI_M_CONV_00993,Dogri,1,DOI_M
DOI_M_CONV_01732,Dogri,0,DOI_M
DOI_M_CONV_01654,Dogri,1,DOI_M
DOI_M_CONV_00888,Dogri,1,DOI_M
DOI_M_CONV_00120,Dogri,1,DOI_M
DOI_M_CONV_00537,Dogri,1,DOI_M
DOI_M_CONV_01200,Dogri,1,DOI_M
DOI_M_CONV_01762,Dogri,1,DOI_M
DOI_M_CONV_01233,Dogri,1,DOI_M
DOI_M_CONV_01367,Dogri,1,DOI_M
DOI_M_CONV_00296,Dogri,0,DOI_M
DOI_M_CONV_01660,Dogri,1,DOI_M
DOI_M_CONV_00554,Dogri,1,DOI_M
DOI_M_CONV_01420,Dogri,0,DOI_M
DOI_M_CONV_01946,Dogri,1,DOI_M
DOI_M_CONV_00036,Dogri,1,DOI_M
DOI_M_CONV_00114,Dogri,1,DOI_M
DOI_M_CONV_01188,Dogri,0,DOI_M
DOI_M_CONV_01357,Dogri,0,DOI_M
DOI_M_CONV_00084,Dogri,1,DOI_M
DOI_M_CONV_00605,Dogri,0,DOI_M
DOI_M_CONV_00074,Dogri,1,DOI_M
DOI_M_CONV_01426,Dogri,0,DOI_M
DOI_M_CONV_01613,Dogri,1,DOI_M
DOI_M_CONV_02069,Dogri,1,DOI_M
DOI_M_CONV_00994,Dogri,0,DOI_M
DOI_M_CONV_01744,Dogri,0,DOI_M
DOI_M_CONV_01491,Dogri,0,DOI_M
DOI_M_CONV_01112,Dogri,1,DOI_M
DOI_M_CONV_01561,Dogri,1,DOI_M
DOI_M_CONV_00133,Dogri,1,DOI_M
DOI_M_CONV_01631,Dogri,1,DOI_M
DOI_M_CONV_00588,Dogri,0,DOI_M
DOI_M_CONV_01441,Dogri,1,DOI_M
DOI_M_CONV_01080,Dogri,1,DOI_M
DOI_M_CONV_00745,Dogri,1,DOI_M
DOI_M_CONV_01814,Dogri,1,DOI_M
DOI_M_CONV_01376,Dogri,1,DOI_M
DOI_M_CONV_01558,Dogri,0,DOI_M
DOI_M_CONV_01794,Dogri,0,DOI_M
DOI_M_CONV_00940,Dogri,1,DOI_M
DOI_M_CONV_01412,Dogri,0,DOI_M
DOI_M_CONV_01878,Dogri,0,DOI_M
DOI_M_CONV_01167,Dogri,0,DOI_M
DOI_M_CONV_00055,Dogri,0,DOI_M
DOI_M_CONV_00385,Dogri,0,DOI_M
DOI_M_CONV_01872,Dogri,0,DOI_M
DOI_M_CONV_00474,Dogri,1,DOI_M
DOI_M_CONV_00136,Dogri,1,DOI_M
DOI_M_CONV_01784,Dogri,0,DOI_M
DOI_M_CONV_00568,Dogri,1,DOI_M
DOI_M_CONV_00826,Dogri,0,DOI_M
DOI_M_CONV_01009,Dogri,0,DOI_M
DOI_M_CONV_00574,Dogri,1,DOI_M
DOI_M_CONV_00363,Dogri,0,DOI_M
DOI_M_CONV_00526,Dogri,1,DOI_M
DOI_M_CONV_01892,Dogri,1,DOI_M
DOI_M_CONV_01667,Dogri,0,DOI_M
DOI_M_CONV_00361,Dogri,1,DOI_M
DOI_M_CONV_00468,Dogri,0,DOI_M
DOI_M_CONV_01267,Dogri,1,DOI_M
DOI_M_CONV_01937,Dogri,1,DOI_M
DOI_M_CONV_00304,Dogri,1,DOI_M
DOI_M_CONV_00903,Dogri,0,DOI_M
DOI_M_CONV_02020,Dogri,0,DOI_M
DOI_M_CONV_01392,Dogri,0,DOI_M
DOI_M_CONV_00444,Dogri,1,DOI_M
DOI_M_CONV_00700,Dogri,1,DOI_M
DOI_M_CONV_01618,Dogri,1,DOI_M
DOI_M_CONV_00690,Dogri,0,DOI_M
DOI_M_CONV_00378,Dogri,0,DOI_M
DOI_M_CONV_00971,Dogri,0,DOI_M
DOI_M_CONV_01347,Dogri,1,DOI_M
DOI_M_CONV_00097,Dogri,0,DOI_M
DOI_M_CONV_01286,Dogri,1,DOI_M
DOI_M_CONV_01666,Dogri,0,DOI_M
DOI_M_CONV_00462,Dogri,0,DOI_M
DOI_M_CONV_00791,Dogri,1,DOI_M
DOI_M_CONV_00310,Dogri,0,DOI_M
DOI_M_CONV_01073,Dogri,0,DOI_M
DOI_M_CONV_00897,Dogri,1,DOI_M
DOI_M_CONV_00891,Dogri,1,DOI_M
DOI_M_CONV_01502,Dogri,1,DOI_M
DOI_M_CONV_00081,Dogri,1,DOI_M
DOI_M_CONV_00699,Dogri,1,DOI_M
DOI_M_CONV_01254,Dogri,1,DOI_M
DOI_M_CONV_00314,Dogri,0,DOI_M
DOI_M_CONV_00145,Dogri,1,DOI_M
DOI_M_CONV_00196,Dogri,0,DOI_M
DOI_M_CONV_01121,Dogri,0,DOI_M
DOI_M_CONV_00438,Dogri,0,DOI_M
DOI_M_CONV_00532,Dogri,0,DOI_M
DOI_M_CONV_01598,Dogri,1,DOI_M
DOI_M_CONV_01600,Dogri,0,DOI_M
DOI_M_CONV_01070,Dogri,1,DOI_M
DOI_M_CONV_00855,Dogri,0,DOI_M
DOI_M_CONV_00207,Dogri,1,DOI_M
DOI_M_CONV_00566,Dogri,1,DOI_M
DOI_M_CONV_01553,Dogri,0,DOI_M
DOI_M_CONV_00619,Dogri,0,DOI_M
DOI_M_CONV_00695,Dogri,0,DOI_M
DOI_M_CONV_01411,Dogri,0,DOI_M
DOI_M_CONV_00927,Dogri,0,DOI_M
DOI_M_CONV_00419,Dogri,0,DOI_M
DOI_M_CONV_01983,Dogri,0,DOI_M
DOI_M_CONV_00215,Dogri,0,DOI_M
DOI_M_CONV_01280,Dogri,0,DOI_M
DOI_M_CONV_00051,Dogri,0,DOI_M
DOI_M_CONV_01333,Dogri,1,DOI_M
DOI_M_CONV_01885,Dogri,1,DOI_M
DOI_M_CONV_00056,Dogri,0,DOI_M
DOI_M_CONV_01620,Dogri,1,DOI_M
DOI_M_CONV_00896,Dogri,1,DOI_M
DOI_M_CONV_00978,Dogri,0,DOI_M
DOI_M_CONV_00329,Dogri,0,DOI_M
DOI_M_CONV_00124,Dogri,0,DOI_M
DOI_M_CONV_00373,Dogri,0,DOI_M
DOI_M_CONV_00540,Dogri,0,DOI_M
DOI_M_CONV_01555,Dogri,1,DOI_M
DOI_M_CONV_01743,Dogri,1,DOI_M
DOI_M_CONV_01713,Dogri,0,DOI_M
DOI_M_CONV_01820,Dogri,1,DOI_M
DOI_M_CONV_01052,Dogri,1,DOI_M
DOI_M_CONV_01949,Dogri,1,DOI_M
DOI_M_CONV_01413,Dogri,0,DOI_M
DOI_M_CONV_00080,Dogri,0,DOI_M
DOI_M_CONV_00177,Dogri,0,DOI_M
DOI_M_CONV_00244,Dogri,1,DOI_M
DOI_M_CONV_00894,Dogri,0,DOI_M
DOI_M_CONV_01856,Dogri,1,DOI_M
DOI_M_CONV_01287,Dogri,1,DOI_M
DOI_M_CONV_00381,Dogri,1,DOI_M
DOI_M_CONV_00565,Dogri,1,DOI_M
DOI_M_CONV_01649,Dogri,0,DOI_M
DOI_M_CONV_01734,Dogri,1,DOI_M
DOI_M_CONV_01370,Dogri,1,DOI_M
DOI_M_CONV_00698,Dogri,0,DOI_M
DOI_M_CONV_00171,Dogri,1,DOI_M
DOI_M_CONV_00374,Dogri,0,DOI_M
DOI_M_CONV_01698,Dogri,1,DOI_M
DOI_M_DISGUST_00334,Dogri,0,DOI_M
DOI_M_DISGUST_00132,Dogri,1,DOI_M
DOI_M_DISGUST_00353,Dogri,0,DOI_M
DOI_M_DISGUST_00011,Dogri,0,DOI_M
DOI_M_DISGUST_00115,Dogri,1,DOI_M
DOI_M_DISGUST_00310,Dogri,1,DOI_M
DOI_M_DISGUST_00426,Dogri,1,DOI_M
DOI_M_DISGUST_00280,Dogri,0,DOI_M
DOI_M_DISGUST_00289,Dogri,1,DOI_M
DOI_M_DISGUST_00125,Dogri,1,DOI_M
DOI_M_DISGUST_00249,Dogri,1,DOI_M
DOI_M_DISGUST_00369,Dogri,0,DOI_M
DOI_M_DISGUST_00396,Dogri,0,DOI_M
DOI_M_DISGUST_00164,Dogri,0,DOI_M
DOI_M_DISGUST_00431,Dogri,0,DOI_M
DOI_M_DISGUST_00187,Dogri,1,DOI_M
DOI_M_DISGUST_00172,Dogri,1,DOI_M
DOI_M_DISGUST_00170,Dogri,0,DOI_M
DOI_M_DISGUST_00031,Dogri,0,DOI_M
DOI_M_DISGUST_00009,Dogri,0,DOI_M
DOI_M_DISGUST_00102,Dogri,0,DOI_M
DOI_M_DISGUST_00248,Dogri,0,DOI_M
DOI_M_DISGUST_00057,Dogri,1,DOI_M
DOI_M_DISGUST_00408,Dogri,1,DOI_M
DOI_M_DISGUST_00116,Dogri,1,DOI_M
DOI_M_DISGUST_00267,Dogri,1,DOI_M
DOI_M_DISGUST_00138,Dogri,1,DOI_M
DOI_M_DISGUST_00141,Dogri,1,DOI_M
DOI_M_DISGUST_00077,Dogri,0,DOI_M
DOI_M_DISGUST_00398,Dogri,1,DOI_M
DOI_M_DISGUST_00343,Dogri,0,DOI_M
DOI_M_DISGUST_00296,Dogri,1,DOI_M
DOI_M_DISGUST_00453,Dogri,0,DOI_M
DOI_M_DISGUST_00244,Dogri,1,DOI_M
DOI_M_DISGUST_00450,Dogri,1,DOI_M
DOI_M_DISGUST_00242,Dogri,0,DOI_M
DOI_M_DISGUST_00066,Dogri,0,DOI_M
DOI_M_DISGUST_00040,Dogri,0,DOI_M
DOI_M_DISGUST_00215,Dogri,1,DOI_M
DOI_M_DISGUST_00226,Dogri,0,DOI_M
DOI_M_DISGUST_00341,Dogri,0,DOI_M
DOI_M_DISGUST_00050,Dogri,1,DOI_M
DOI_M_DISGUST_00143,Dogri,1,DOI_M
DOI_M_DISGUST_00240,Dogri,1,DOI_M
DOI_M_DISGUST_00056,Dogri,1,DOI_M
DOI_M_DISGUST_00458,Dogri,1,DOI_M
DOI_M_DISGUST_00104,Dogri,0,DOI_M
DOI_M_DISGUST_00301,Dogri,0,DOI_M
DOI_M_DISGUST_00068,Dogri,1,DOI_M
DOI_M_DISGUST_00018,Dogri,1,DOI_M
DOI_M_DISGUST_00094,Dogri,0,DOI_M
DOI_M_DISGUST_00113,Dogri,0,DOI_M
DOI_M_DISGUST_00008,Dogri,1,DOI_M
DOI_M_DISGUST_00093,Dogri,0,DOI_M
DOI_M_DISGUST_00096,Dogri,0,DOI_M
DOI_M_DISGUST_00428,Dogri,0,DOI_M
DOI_M_DISGUST_00422,Dogri,1,DOI_M
DOI_M_DISGUST_00243,Dogri,1,DOI_M
DOI_M_DISGUST_00005,Dogri,1,DOI_M
DOI_M_DISGUST_00090,Dogri,1,DOI_M
DOI_M_DISGUST_00443,Dogri,0,DOI_M
DOI_M_DISGUST_00333,Dogri,0,DOI_M
DOI_M_DISGUST_00075,Dogri,0,DOI_M
DOI_M_DISGUST_00148,Dogri,1,DOI_M
DOI_M_DISGUST_00319,Dogri,1,DOI_M
DOI_M_DISGUST_00237,Dogri,0,DOI_M
DOI_M_DISGUST_00254,Dogri,1,DOI_M
DOI_M_DISGUST_00019,Dogri,1,DOI_M
DOI_M_DISGUST_00030,Dogri,0,DOI_M
DOI_M_DISGUST_00157,Dogri,1,DOI_M
DOI_M_DISGUST_00137,Dogri,1,DOI_M
DOI_M_DISGUST_00329,Dogri,0,DOI_M
DOI_M_DISGUST_00092,Dogri,1,DOI_M
DOI_M_DISGUST_00442,Dogri,0,DOI_M
DOI_M_DISGUST_00166,Dogri,0,DOI_M
DOI_M_DISGUST_00274,Dogri,1,DOI_M
DOI_M_DISGUST_00133,Dogri,0,DOI_M
DOI_M_DISGUST_00140,Dogri,1,DOI_M
DOI_M_DISGUST_00150,Dogri,1,DOI_M
DOI_M_DISGUST_00134,Dogri,0,DOI_M
DOI_M_DISGUST_00355,Dogri,1,DOI_M
DOI_M_DISGUST_00038,Dogri,1,DOI_M
DOI_M_DISGUST_00320,Dogri,1,DOI_M
DOI_M_DISGUST_00175,Dogri,1,DOI_M
DOI_M_DISGUST_00206,Dogri,0,DOI_M
DOI_M_DISGUST_00323,Dogri,1,DOI_M
DOI_M_DISGUST_00354,Dogri,1,DOI_M
DOI_M_DISGUST_00386,Dogri,0,DOI_M
DOI_M_DISGUST_00074,Dogri,0,DOI_M
DOI_M_DISGUST_00330,Dogri,1,DOI_M
DOI_M_DISGUST_00006,Dogri,1,DOI_M
DOI_M_DISGUST_00391,Dogri,0,DOI_M
DOI_M_DISGUST_00039,Dogri,0,DOI_M
DOI_M_DISGUST_00027,Dogri,1,DOI_M
DOI_M_DISGUST_00456,Dogri,0,DOI_M
DOI_M_DISGUST_00372,Dogri,1,DOI_M
DOI_M_DISGUST_00067,Dogri,1,DOI_M
DOI_M_DISGUST_00181,Dogri,0,DOI_M
DOI_M_DISGUST_00162,Dogri,1,DOI_M
DOI_M_DISGUST_00298,Dogri,1,DOI_M
DOI_M_DISGUST_00101,Dogri,1,DOI_M
DOI_M_DISGUST_00272,Dogri,1,DOI_M
DOI_M_DISGUST_00048,Dogri,1,DOI_M
DOI_M_DISGUST_00322,Dogri,0,DOI_M
DOI_M_DISGUST_00127,Dogri,1,DOI_M
DOI_M_DISGUST_00184,Dogri,1,DOI_M
DOI_M_DISGUST_00259,Dogri,1,DOI_M
DOI_M_DISGUST_00196,Dogri,0,DOI_M
DOI_M_DISGUST_00324,Dogri,0,DOI_M
DOI_M_DISGUST_00168,Dogri,0,DOI_M
DOI_M_DISGUST_00081,Dogri,0,DOI_M
DOI_M_DISGUST_00286,Dogri,1,DOI_M
DOI_M_DISGUST_00020,Dogri,1,DOI_M
DOI_M_DISGUST_00417,Dogri,0,DOI_M
DOI_M_DISGUST_00425,Dogri,1,DOI_M
DOI_M_DISGUST_00022,Dogri,0,DOI_M
DOI_M_DISGUST_00220,Dogri,1,DOI_M
DOI_M_DISGUST_00114,Dogri,1,DOI_M
DOI_M_DISGUST_00098,Dogri,0,DOI_M
DOI_M_DISGUST_00309,Dogri,0,DOI_M
DOI_M_DISGUST_00205,Dogri,0,DOI_M
DOI_M_DISGUST_00088,Dogri,0,DOI_M
DOI_M_DISGUST_00119,Dogri,0,DOI_M
DOI_M_DISGUST_00016,Dogri,1,DOI_M
DOI_M_DISGUST_00135,Dogri,0,DOI_M
DOI_M_DISGUST_00012,Dogri,1,DOI_M
DOI_M_DISGUST_00257,Dogri,0,DOI_M
DOI_M_DISGUST_00084,Dogri,1,DOI_M
DOI_M_DISGUST_00120,Dogri,0,DOI_M
DOI_M_DISGUST_00223,Dogri,1,DOI_M
DOI_M_DISGUST_00086,Dogri,0,DOI_M
DOI_M_DISGUST_00029,Dogri,1,DOI_M
DOI_M_DISGUST_00047,Dogri,0,DOI_M
DOI_M_DISGUST_00380,Dogri,1,DOI_M
DOI_M_DISGUST_00083,Dogri,1,DOI_M
DOI_M_DISGUST_00375,Dogri,1,DOI_M
DOI_M_DISGUST_00381,Dogri,0,DOI_M
DOI_M_DISGUST_00149,Dogri,1,DOI_M
DOI_M_DISGUST_00252,Dogri,0,DOI_M
DOI_M_DISGUST_00106,Dogri,1,DOI_M
DOI_M_DISGUST_00399,Dogri,0,DOI_M
DOI_M_DISGUST_00312,Dogri,1,DOI_M
DOI_M_DISGUST_00401,Dogri,1,DOI_M
DOI_M_DISGUST_00171,Dogri,0,DOI_M
DOI_M_DISGUST_00418,Dogri,0,DOI_M
DOI_M_DISGUST_00174,Dogri,0,DOI_M
DOI_M_DISGUST_00402,Dogri,0,DOI_M
DOI_M_DISGUST_00340,Dogri,0,DOI_M
DOI_M_DISGUST_00299,Dogri,0,DOI_M
DOI_M_DISGUST_00153,Dogri,1,DOI_M
DOI_M_DISGUST_00046,Dogri,1,DOI_M
DOI_M_DISGUST_00325,Dogri,0,DOI_M
DOI_M_DISGUST_00276,Dogri,0,DOI_M
DOI_M_DISGUST_00455,Dogri,0,DOI_M
DOI_M_DISGUST_00136,Dogri,0,DOI_M
DOI_M_DISGUST_00273,Dogri,1,DOI_M
DOI_M_DISGUST_00142,Dogri,0,DOI_M
DOI_M_DISGUST_00448,Dogri,1,DOI_M
DOI_M_DISGUST_00352,Dogri,0,DOI_M
DOI_M_DISGUST_00438,Dogri,0,DOI_M
DOI_M_DISGUST_00250,Dogri,1,DOI_M
DOI_M_DISGUST_00294,Dogri,1,DOI_M
DOI_M_DISGUST_00194,Dogri,1,DOI_M
DOI_M_DISGUST_00292,Dogri,0,DOI_M
DOI_M_DISGUST_00004,Dogri,0,DOI_M
DOI_M_DISGUST_00139,Dogri,1,DOI_M
DOI_M_DISGUST_00227,Dogri,0,DOI_M
DOI_M_DISGUST_00300,Dogri,0,DOI_M
DOI_M_DISGUST_00144,Dogri,0,DOI_M
DOI_M_DISGUST_00350,Dogri,1,DOI_M
DOI_M_DISGUST_00413,Dogri,1,DOI_M
DOI_M_DISGUST_00151,Dogri,0,DOI_M
DOI_M_DISGUST_00091,Dogri,0,DOI_M
DOI_M_DISGUST_00036,Dogri,0,DOI_M
DOI_M_DISGUST_00103,Dogri,0,DOI_M
DOI_M_DISGUST_00392,Dogri,0,DOI_M
DOI_M_DISGUST_00131,Dogri,0,DOI_M
DOI_M_DISGUST_00281,Dogri,0,DOI_M
DOI_M_DISGUST_00255,Dogri,1,DOI_M
DOI_M_DISGUST_00158,Dogri,0,DOI_M
DOI_M_DISGUST_00316,Dogri,1,DOI_M
DOI_M_DISGUST_00365,Dogri,1,DOI_M
DOI_M_FEAR_00273,Dogri,0,DOI_M
DOI_M_FEAR_00148,Dogri,1,DOI_M
DOI_M_FEAR_00175,Dogri,0,DOI_M
DOI_M_FEAR_00416,Dogri,1,DOI_M
DOI_M_FEAR_00059,Dogri,0,DOI_M
DOI_M_FEAR_00245,Dogri,1,DOI_M
DOI_M_FEAR_00197,Dogri,0,DOI_M
DOI_M_FEAR_00144,Dogri,0,DOI_M
DOI_M_FEAR_00123,Dogri,1,DOI_M
DOI_M_FEAR_00108,Dogri,0,DOI_M
DOI_M_FEAR_00101,Dogri,1,DOI_M
DOI_M_FEAR_00091,Dogri,1,DOI_M
DOI_M_FEAR_00489,Dogri,1,DOI_M
DOI_M_FEAR_00415,Dogri,0,DOI_M
DOI_M_FEAR_00433,Dogri,1,DOI_M
DOI_M_FEAR_00038,Dogri,1,DOI_M
DOI_M_FEAR_00014,Dogri,0,DOI_M
DOI_M_FEAR_00147,Dogri,0,DOI_M
DOI_M_FEAR_00149,Dogri,0,DOI_M
DOI_M_FEAR_00032,Dogri,0,DOI_M
DOI_M_FEAR_00058,Dogri,1,DOI_M
DOI_M_FEAR_00410,Dogri,0,DOI_M
DOI_M_FEAR_00364,Dogri,1,DOI_M
DOI_M_FEAR_00352,Dogri,0,DOI_M
DOI_M_FEAR_00395,Dogri,1,DOI_M
DOI_M_FEAR_00224,Dogri,0,DOI_M
DOI_M_FEAR_00145,Dogri,1,DOI_M
DOI_M_FEAR_00009,Dogri,0,DOI_M
DOI_M_FEAR_00442,Dogri,1,DOI_M
DOI_M_FEAR_00252,Dogri,1,DOI_M
DOI_M_FEAR_00179,Dogri,1,DOI_M
DOI_M_FEAR_00436,Dogri,1,DOI_M
DOI_M_FEAR_00082,Dogri,0,DOI_M
DOI_M_FEAR_00027,Dogri,1,DOI_M
DOI_M_FEAR_00156,Dogri,1,DOI_M
DOI_M_FEAR_00146,Dogri,0,DOI_M
DOI_M_FEAR_00211,Dogri,0,DOI_M
DOI_M_FEAR_00084,Dogri,1,DOI_M
DOI_M_FEAR_00141,Dogri,1,DOI_M
DOI_M_FEAR_00074,Dogri,1,DOI_M
DOI_M_FEAR_00022,Dogri,1,DOI_M
DOI_M_FEAR_00327,Dogri,0,DOI_M
DOI_M_FEAR_00490,Dogri,1,DOI_M
DOI_M_FEAR_00367,Dogri,1,DOI_M
DOI_M_FEAR_00042,Dogri,1,DOI_M
DOI_M_FEAR_00171,Dogri,1,DOI_M
DOI_M_FEAR_00515,Dogri,1,DOI_M
DOI_M_FEAR_00512,Dogri,0,DOI_M
DOI_M_FEAR_00023,Dogri,1,DOI_M
DOI_M_FEAR_00016,Dogri,0,DOI_M
DOI_M_FEAR_00157,Dogri,1,DOI_M
DOI_M_FEAR_00256,Dogri,1,DOI_M
DOI_M_FEAR_00133,Dogri,1,DOI_M
DOI_M_FEAR_00094,Dogri,1,DOI_M
DOI_M_FEAR_00033,Dogri,1,DOI_M
DOI_M_FEAR_00249,Dogri,1,DOI_M
DOI_M_FEAR_00341,Dogri,1,DOI_M
DOI_M_FEAR_00138,Dogri,1,DOI_M
DOI_M_FEAR_00025,Dogri,0,DOI_M
DOI_M_FEAR_00158,Dogri,1,DOI_M
DOI_M_FEAR_00198,Dogri,0,DOI_M
DOI_M_FEAR_00096,Dogri,0,DOI_M
DOI_M_FEAR_00508,Dogri,1,DOI_M
DOI_M_FEAR_00213,Dogri,1,DOI_M
DOI_M_FEAR_00290,Dogri,0,DOI_M
DOI_M_FEAR_00081,Dogri,1,DOI_M
DOI_M_FEAR_00142,Dogri,0,DOI_M
DOI_M_FEAR_00098,Dogri,0,DOI_M
DOI_M_FEAR_00068,Dogri,0,DOI_M
DOI_M_FEAR_00449,Dogri,1,DOI_M
DOI_M_FEAR_00318,Dogri,1,DOI_M
DOI_M_FEAR_00047,Dogri,1,DOI_M
DOI_M_FEAR_00199,Dogri,0,DOI_M
DOI_M_FEAR_00114,Dogri,1,DOI_M
DOI_M_FEAR_00495,Dogri,1,DOI_M
DOI_M_FEAR_00105,Dogri,0,DOI_M
DOI_M_FEAR_00274,Dogri,1,DOI_M
DOI_M_FEAR_00143,Dogri,1,DOI_M
DOI_M_FEAR_00140,Dogri,0,DOI_M
DOI_M_FEAR_00097,Dogri,0,DOI_M
DOI_M_FEAR_00241,Dogri,0,DOI_M
DOI_M_FEAR_00130,Dogri,1,DOI_M
DOI_M_FEAR_00481,Dogri,0,DOI_M
DOI_M_FEAR_00190,Dogri,1,DOI_M
DOI_M_FEAR_00122,Dogri,1,DOI_M
DOI_M_FEAR_00329,Dogri,1,DOI_M
DOI_M_FEAR_00117,Dogri,0,DOI_M
DOI_M_FEAR_00026,Dogri,0,DOI_M
DOI_M_FEAR_00085,Dogri,0,DOI_M
DOI_M_FEAR_00005,Dogri,0,DOI_M
DOI_M_FEAR_00095,Dogri,0,DOI_M
DOI_M_FEAR_00271,Dogri,0,DOI_M
DOI_M_FEAR_00464,Dogri,1,DOI_M
DOI_M_FEAR_00220,Dogri,0,DOI_M
DOI_M_FEAR_00188,Dogri,0,DOI_M
DOI_M_FEAR_00228,Dogri,0,DOI_M
DOI_M_FEAR_00493,Dogri,1,DOI_M
DOI_M_FEAR_00093,Dogri,1,DOI_M
DOI_M_FEAR_00479,Dogri,0,DOI_M
DOI_M_FEAR_00037,Dogri,0,DOI_M
DOI_M_FEAR_00374,Dogri,0,DOI_M
DOI_M_FEAR_00284,Dogri,1,DOI_M
DOI_M_FEAR_00182,Dogri,0,DOI_M
DOI_M_FEAR_00248,Dogri,0,DOI_M
DOI_M_FEAR_00008,Dogri,0,DOI_M
DOI_M_FEAR_00069,Dogri,0,DOI_M
DOI_M_FEAR_00289,Dogri,1,DOI_M
DOI_M_FEAR_00232,Dogri,0,DOI_M
DOI_M_FEAR_00163,Dogri,1,DOI_M
DOI_M_FEAR_00079,Dogri,1,DOI_M
DOI_M_FEAR_00154,Dogri,1,DOI_M
DOI_M_FEAR_00107,Dogri,1,DOI_M
DOI_M_FEAR_00466,Dogri,1,DOI_M
DOI_M_FEAR_00227,Dogri,0,DOI_M
DOI_M_FEAR_00040,Dogri,1,DOI_M
DOI_M_FEAR_00018,Dogri,1,DOI_M
DOI_M_FEAR_00045,Dogri,0,DOI_M
DOI_M_FEAR_00036,Dogri,0,DOI_M
DOI_M_FEAR_00052,Dogri,0,DOI_M
DOI_M_FEAR_00205,Dogri,1,DOI_M
DOI_M_FEAR_00136,Dogri,0,DOI_M
DOI_M_FEAR_00172,Dogri,0,DOI_M
DOI_M_FEAR_00030,Dogri,0,DOI_M
DOI_M_FEAR_00176,Dogri,1,DOI_M
DOI_M_FEAR_00118,Dogri,0,DOI_M
DOI_M_FEAR_00291,Dogri,1,DOI_M
DOI_M_FEAR_00378,Dogri,0,DOI_M
DOI_M_FEAR_00155,Dogri,1,DOI_M
DOI_M_FEAR_00064,Dogri,0,DOI_M
DOI_M_FEAR_00120,Dogri,0,DOI_M
DOI_M_FEAR_00221,Dogri,0,DOI_M
DOI_M_FEAR_00348,Dogri,1,DOI_M
DOI_M_FEAR_00049,Dogri,0,DOI_M
DOI_M_FEAR_00461,Dogri,1,DOI_M
DOI_M_FEAR_00235,Dogri,1,DOI_M
DOI_M_FEAR_00034,Dogri,0,DOI_M
DOI_M_FEAR_00376,Dogri,0,DOI_M
DOI_M_FEAR_00240,Dogri,0,DOI_M
DOI_M_FEAR_00001,Dogri,0,DOI_M
DOI_M_FEAR_00462,Dogri,1,DOI_M
DOI_M_FEAR_00127,Dogri,1,DOI_M
DOI_M_FEAR_00338,Dogri,0,DOI_M
DOI_M_FEAR_00325,Dogri,0,DOI_M
DOI_M_FEAR_00125,Dogri,0,DOI_M
DOI_M_FEAR_00046,Dogri,0,DOI_M
DOI_M_FEAR_00076,Dogri,0,DOI_M
DOI_M_FEAR_00264,Dogri,1,DOI_M
DOI_M_FEAR_00214,Dogri,1,DOI_M
DOI_M_FEAR_00017,Dogri,0,DOI_M
DOI_M_FEAR_00463,Dogri,1,DOI_M
DOI_M_FEAR_00417,Dogri,1,DOI_M
DOI_M_FEAR_00035,Dogri,1,DOI_M
DOI_M_FEAR_00239,Dogri,1,DOI_M
DOI_M_FEAR_00007,Dogri,1,DOI_M
DOI_M_FEAR_00151,Dogri,0,DOI_M
DOI_M_FEAR_00041,Dogri,0,DOI_M
DOI_M_FEAR_00498,Dogri,0,DOI_M
DOI_M_FEAR_00334,Dogri,1,DOI_M
DOI_M_FEAR_00174,Dogri,0,DOI_M
DOI_M_FEAR_00077,Dogri,1,DOI_M
DOI_M_FEAR_00170,Dogri,0,DOI_M
DOI_M_FEAR_00160,Dogri,0,DOI_M
DOI_M_FEAR_00521,Dogri,0,DOI_M
DOI_M_FEAR_00382,Dogri,1,DOI_M
DOI_M_FEAR_00086,Dogri,0,DOI_M
DOI_M_FEAR_00399,Dogri,0,DOI_M
DOI_M_FEAR_00080,Dogri,0,DOI_M
DOI_M_FEAR_00057,Dogri,1,DOI_M
DOI_M_FEAR_00257,Dogri,0,DOI_M
DOI_M_FEAR_00215,Dogri,0,DOI_M
DOI_M_FEAR_00051,Dogri,1,DOI_M
DOI_M_FEAR_00153,Dogri,1,DOI_M
DOI_M_FEAR_00212,Dogri,0,DOI_M
DOI_M_FEAR_00031,Dogri,0,DOI_M
DOI_M_FEAR_00379,Dogri,0,DOI_M
DOI_M_FEAR_00369,Dogri,1,DOI_M
DOI_M_FEAR_00102,Dogri,0,DOI_M
DOI_M_FEAR_00050,Dogri,1,DOI_M
DOI_M_FEAR_00458,Dogri,1,DOI_M
DOI_M_FEAR_00060,Dogri,1,DOI_M
DOI_M_FEAR_00119,Dogri,1,DOI_M
DOI_M_FEAR_00388,Dogri,0,DOI_M
DOI_M_HAPPY_00513,Dogri,0,DOI_M
DOI_M_HAPPY_00055,Dogri,1,DOI_M
DOI_M_HAPPY_00527,Dogri,0,DOI_M
DOI_M_HAPPY_00520,Dogri,0,DOI_M
DOI_M_HAPPY_00202,Dogri,0,DOI_M
DOI_M_HAPPY_00312,Dogri,0,DOI_M
DOI_M_HAPPY_00443,Dogri,0,DOI_M
DOI_M_HAPPY_00137,Dogri,1,DOI_M
DOI_M_HAPPY_00590,Dogri,1,DOI_M
DOI_M_HAPPY_00039,Dogri,1,DOI_M
DOI_M_HAPPY_00098,Dogri,0,DOI_M
DOI_M_HAPPY_00593,Dogri,0,DOI_M
DOI_M_HAPPY_00184,Dogri,1,DOI_M
DOI_M_HAPPY_00509,Dogri,0,DOI_M
DOI_M_HAPPY_00481,Dogri,1,DOI_M
DOI_M_HAPPY_00077,Dogri,1,DOI_M
DOI_M_HAPPY_00271,Dogri,0,DOI_M
DOI_M_HAPPY_00519,Dogri,1,DOI_M
DOI_M_HAPPY_00414,Dogri,0,DOI_M
DOI_M_HAPPY_00113,Dogri,1,DOI_M
DOI_M_HAPPY_00104,Dogri,1,DOI_M
DOI_M_HAPPY_00173,Dogri,1,DOI_M
DOI_M_HAPPY_00308,Dogri,1,DOI_M
DOI_M_HAPPY_00158,Dogri,1,DOI_M
DOI_M_HAPPY_00570,Dogri,0,DOI_M
DOI_M_HAPPY_00461,Dogri,1,DOI_M
DOI_M_HAPPY_00106,Dogri,1,DOI_M
DOI_M_HAPPY_00388,Dogri,1,DOI_M
DOI_M_HAPPY_00014,Dogri,0,DOI_M
DOI_M_HAPPY_00591,Dogri,1,DOI_M
DOI_M_HAPPY_00563,Dogri,0,DOI_M
DOI_M_HAPPY_00347,Dogri,0,DOI_M
DOI_M_HAPPY_00623,Dogri,1,DOI_M
DOI_M_HAPPY_00150,Dogri,0,DOI_M
DOI_M_HAPPY_00510,Dogri,0,DOI_M
DOI_M_HAPPY_00101,Dogri,1,DOI_M
DOI_M_HAPPY_00568,Dogri,1,DOI_M
DOI_M_HAPPY_00462,Dogri,0,DOI_M
DOI_M_HAPPY_00165,Dogri,0,DOI_M
DOI_M_HAPPY_00107,Dogri,0,DOI_M
DOI_M_HAPPY_00409,Dogri,0,DOI_M
DOI_M_HAPPY_00123,Dogri,1,DOI_M
DOI_M_HAPPY_00629,Dogri,0,DOI_M
DOI_M_HAPPY_00097,Dogri,0,DOI_M
DOI_M_HAPPY_00381,Dogri,0,DOI_M
DOI_M_HAPPY_00100,Dogri,0,DOI_M
DOI_M_HAPPY_00095,Dogri,1,DOI_M
DOI_M_HAPPY_00239,Dogri,0,DOI_M
DOI_M_HAPPY_00607,Dogri,0,DOI_M
DOI_M_HAPPY_00428,Dogri,0,DOI_M
DOI_M_HAPPY_00559,Dogri,1,DOI_M
DOI_M_HAPPY_00045,Dogri,1,DOI_M
DOI_M_HAPPY_00345,Dogri,0,DOI_M
DOI_M_HAPPY_00639,Dogri,1,DOI_M
DOI_M_HAPPY_00497,Dogri,0,DOI_M
DOI_M_HAPPY_00394,Dogri,0,DOI_M
DOI_M_HAPPY_00017,Dogri,1,DOI_M
DOI_M_HAPPY_00584,Dogri,1,DOI_M
DOI_M_HAPPY_00022,Dogri,1,DOI_M
DOI_M_HAPPY_00288,Dogri,0,DOI_M
DOI_M_HAPPY_00206,Dogri,1,DOI_M
DOI_M_HAPPY_00001,Dogri,1,DOI_M
DOI_M_HAPPY_00026,Dogri,0,DOI_M
DOI_M_HAPPY_00415,Dogri,1,DOI_M
DOI_M_HAPPY_00439,Dogri,0,DOI_M
DOI_M_HAPPY_00078,Dogri,0,DOI_M
DOI_M_HAPPY_00556,Dogri,0,DOI_M
DOI_M_HAPPY_00377,Dogri,1,DOI_M
DOI_M_HAPPY_00437,Dogri,1,DOI_M
DOI_M_HAPPY_00297,Dogri,0,DOI_M
DOI_M_HAPPY_00279,Dogri,1,DOI_M
DOI_M_HAPPY_00569,Dogri,1,DOI_M
DOI_M_HAPPY_00034,Dogri,1,DOI_M
DOI_M_HAPPY_00253,Dogri,1,DOI_M
DOI_M_HAPPY_00547,Dogri,1,DOI_M
DOI_M_HAPPY_00325,Dogri,1,DOI_M
DOI_M_HAPPY_00060,Dogri,1,DOI_M
DOI_M_HAPPY_00455,Dogri,0,DOI_M
DOI_M_HAPPY_00454,Dogri,0,DOI_M
DOI_M_HAPPY_00154,Dogri,1,DOI_M
DOI_M_HAPPY_00258,Dogri,1,DOI_M
DOI_M_HAPPY_00496,Dogri,1,DOI_M
DOI_M_HAPPY_00485,Dogri,1,DOI_M
DOI_M_HAPPY_00030,Dogri,1,DOI_M
DOI_M_HAPPY_00064,Dogri,0,DOI_M
DOI_M_HAPPY_00259,Dogri,0,DOI_M
DOI_M_HAPPY_00511,Dogri,0,DOI_M
DOI_M_HAPPY_00180,Dogri,1,DOI_M
DOI_M_HAPPY_00126,Dogri,1,DOI_M
DOI_M_HAPPY_00080,Dogri,1,DOI_M
DOI_M_HAPPY_00200,Dogri,1,DOI_M
DOI_M_HAPPY_00032,Dogri,0,DOI_M
DOI_M_HAPPY_00024,Dogri,1,DOI_M
DOI_M_HAPPY_00092,Dogri,0,DOI_M
DOI_M_HAPPY_00444,Dogri,0,DOI_M
DOI_M_HAPPY_00632,Dogri,0,DOI_M
DOI_M_HAPPY_00041,Dogri,0,DOI_M
DOI_M_HAPPY_00116,Dogri,1,DOI_M
DOI_M_HAPPY_00453,Dogri,0,DOI_M
DOI_M_HAPPY_00167,Dogri,0,DOI_M
DOI_M_HAPPY_00540,Dogri,0,DOI_M
DOI_M_HAPPY_00203,Dogri,0,DOI_M
DOI_M_HAPPY_00127,Dogri,0,DOI_M
DOI_M_HAPPY_00344,Dogri,1,DOI_M
DOI_M_HAPPY_00549,Dogri,1,DOI_M
DOI_M_HAPPY_00219,Dogri,1,DOI_M
DOI_M_HAPPY_00320,Dogri,0,DOI_M
DOI_M_HAPPY_00238,Dogri,0,DOI_M
DOI_M_HAPPY_00141,Dogri,1,DOI_M
DOI_M_HAPPY_00419,Dogri,1,DOI_M
DOI_M_HAPPY_00007,Dogri,0,DOI_M
DOI_M_HAPPY_00063,Dogri,0,DOI_M
DOI_M_HAPPY_00254,Dogri,0,DOI_M
DOI_M_HAPPY_00172,Dogri,1,DOI_M
DOI_M_HAPPY_00576,Dogri,1,DOI_M
DOI_M_HAPPY_00408,Dogri,0,DOI_M
DOI_M_HAPPY_00023,Dogri,0,DOI_M
DOI_M_HAPPY_00624,Dogri,0,DOI_M
DOI_M_HAPPY_00401,Dogri,0,DOI_M
DOI_M_HAPPY_00470,Dogri,0,DOI_M
DOI_M_HAPPY_00005,Dogri,1,DOI_M
DOI_M_HAPPY_00025,Dogri,1,DOI_M
DOI_M_HAPPY_00193,Dogri,0,DOI_M
DOI_M_HAPPY_00084,Dogri,0,DOI_M
DOI_M_HAPPY_00447,Dogri,1,DOI_M
DOI_M_HAPPY_00586,Dogri,1,DOI_M
DOI_M_HAPPY_00090,Dogri,1,DOI_M
DOI_M_HAPPY_00087,Dogri,1,DOI_M
DOI_M_HAPPY_00148,Dogri,1,DOI_M
DOI_M_HAPPY_00410,Dogri,0,DOI_M
DOI_M_HAPPY_00363,Dogri,1,DOI_M
DOI_M_HAPPY_00038,Dogri,0,DOI_M
DOI_M_HAPPY_00108,Dogri,0,DOI_M
DOI_M_HAPPY_00391,Dogri,0,DOI_M
DOI_M_HAPPY_00033,Dogri,1,DOI_M
DOI_M_HAPPY_00012,Dogri,0,DOI_M
DOI_M_HAPPY_00618,Dogri,1,DOI_M
DOI_M_HAPPY_00143,Dogri,1,DOI_M
DOI_M_HAPPY_00383,Dogri,0,DOI_M
DOI_M_HAPPY_00634,Dogri,0,DOI_M
DOI_M_HAPPY_00157,Dogri,0,DOI_M
DOI_M_HAPPY_00152,Dogri,1,DOI_M
DOI_M_HAPPY_00223,Dogri,1,DOI_M
DOI_M_HAPPY_00231,Dogri,1,DOI_M
DOI_M_HAPPY_00490,Dogri,0,DOI_M
DOI_M_HAPPY_00580,Dogri,0,DOI_M
DOI_M_HAPPY_00516,Dogri,1,DOI_M
DOI_M_HAPPY_00227,Dogri,1,DOI_M
DOI_M_HAPPY_00229,Dogri,1,DOI_M
DOI_M_HAPPY_00595,Dogri,0,DOI_M
DOI_M_HAPPY_00185,Dogri,1,DOI_M
DOI_M_HAPPY_00483,Dogri,1,DOI_M
DOI_M_HAPPY_00333,Dogri,0,DOI_M
DOI_M_HAPPY_00606,Dogri,0,DOI_M
DOI_M_HAPPY_00303,Dogri,1,DOI_M
DOI_M_HAPPY_00146,Dogri,0,DOI_M
DOI_M_HAPPY_00543,Dogri,1,DOI_M
DOI_M_HAPPY_00190,Dogri,0,DOI_M
DOI_M_HAPPY_00536,Dogri,1,DOI_M
DOI_M_HAPPY_00199,Dogri,1,DOI_M
DOI_M_HAPPY_00256,Dogri,1,DOI_M
DOI_M_HAPPY_00518,Dogri,0,DOI_M
DOI_M_HAPPY_00114,Dogri,0,DOI_M
DOI_M_HAPPY_00265,Dogri,0,DOI_M
DOI_M_HAPPY_00469,Dogri,0,DOI_M
DOI_M_HAPPY_00242,Dogri,1,DOI_M
DOI_M_HAPPY_00099,Dogri,0,DOI_M
DOI_M_HAPPY_00316,Dogri,1,DOI_M
DOI_M_HAPPY_00225,Dogri,1,DOI_M
DOI_M_HAPPY_00272,Dogri,0,DOI_M
DOI_M_HAPPY_00159,Dogri,1,DOI_M
DOI_M_HAPPY_00364,Dogri,0,DOI_M
DOI_M_HAPPY_00280,Dogri,0,DOI_M
DOI_M_HAPPY_00278,Dogri,1,DOI_M
DOI_M_HAPPY_00465,Dogri,1,DOI_M
DOI_M_HAPPY_00332,Dogri,1,DOI_M
DOI_M_HAPPY_00281,Dogri,0,DOI_M
DOI_M_HAPPY_00641,Dogri,0,DOI_M
DOI_M_HAPPY_00587,Dogri,1,DOI_M
DOI_M_HAPPY_00334,Dogri,0,DOI_M
DOI_M_HAPPY_00051,Dogri,1,DOI_M
DOI_M_HAPPY_00182,Dogri,0,DOI_M
DOI_M_BOOK_01026,Dogri,0,DOI_M
DOI_M_BOOK_01433,Dogri,1,DOI_M
DOI_M_BOOK_01421,Dogri,1,DOI_M
DOI_M_BOOK_00184,Dogri,1,DOI_M
DOI_M_BOOK_00744,Dogri,1,DOI_M
DOI_M_BOOK_00444,Dogri,1,DOI_M
DOI_M_BOOK_01131,Dogri,1,DOI_M
DOI_M_BOOK_01104,Dogri,0,DOI_M
DOI_M_BOOK_01411,Dogri,1,DOI_M
DOI_M_BOOK_01153,Dogri,0,DOI_M
DOI_M_BOOK_00664,Dogri,1,DOI_M
DOI_M_BOOK_01043,Dogri,1,DOI_M
DOI_M_BOOK_00915,Dogri,1,DOI_M
DOI_M_BOOK_01539,Dogri,1,DOI_M
DOI_M_BOOK_00098,Dogri,1,DOI_M
DOI_M_BOOK_01509,Dogri,0,DOI_M
DOI_M_BOOK_00261,Dogri,0,DOI_M
DOI_M_BOOK_00700,Dogri,0,DOI_M
DOI_M_BOOK_00896,Dogri,0,DOI_M
DOI_M_BOOK_00452,Dogri,1,DOI_M
DOI_M_BOOK_01343,Dogri,1,DOI_M
DOI_M_BOOK_00472,Dogri,0,DOI_M
DOI_M_BOOK_01555,Dogri,0,DOI_M
DOI_M_BOOK_00599,Dogri,0,DOI_M
DOI_M_BOOK_00996,Dogri,0,DOI_M
DOI_M_BOOK_00374,Dogri,1,DOI_M
DOI_M_BOOK_00391,Dogri,0,DOI_M
DOI_M_BOOK_00066,Dogri,0,DOI_M
DOI_M_BOOK_00139,Dogri,1,DOI_M
DOI_M_BOOK_00999,Dogri,1,DOI_M
DOI_M_BOOK_01372,Dogri,1,DOI_M
DOI_M_BOOK_00786,Dogri,1,DOI_M
DOI_M_BOOK_01094,Dogri,1,DOI_M
DOI_M_BOOK_00803,Dogri,0,DOI_M
DOI_M_BOOK_00993,Dogri,0,DOI_M
DOI_M_BOOK_00242,Dogri,1,DOI_M
DOI_M_BOOK_00902,Dogri,0,DOI_M
DOI_M_BOOK_00143,Dogri,0,DOI_M
DOI_M_BOOK_00449,Dogri,1,DOI_M
DOI_M_BOOK_00114,Dogri,1,DOI_M
DOI_M_BOOK_00851,Dogri,0,DOI_M
DOI_M_BOOK_01464,Dogri,0,DOI_M
DOI_M_BOOK_01191,Dogri,0,DOI_M
DOI_M_BOOK_01280,Dogri,0,DOI_M
DOI_M_BOOK_00727,Dogri,0,DOI_M
DOI_M_BOOK_01255,Dogri,0,DOI_M
DOI_M_BOOK_00404,Dogri,1,DOI_M
DOI_M_BOOK_00398,Dogri,0,DOI_M
DOI_M_BOOK_00081,Dogri,0,DOI_M
DOI_M_BOOK_01430,Dogri,1,DOI_M
DOI_M_BOOK_01528,Dogri,1,DOI_M
DOI_M_BOOK_01420,Dogri,0,DOI_M
DOI_M_BOOK_01606,Dogri,0,DOI_M
DOI_M_BOOK_00213,Dogri,1,DOI_M
DOI_M_BOOK_01121,Dogri,1,DOI_M
DOI_M_BOOK_01008,Dogri,0,DOI_M
DOI_M_BOOK_00830,Dogri,1,DOI_M
DOI_M_BOOK_01288,Dogri,0,DOI_M
DOI_M_BOOK_01019,Dogri,0,DOI_M
DOI_M_BOOK_00733,Dogri,0,DOI_M
DOI_M_BOOK_00073,Dogri,0,DOI_M
DOI_M_BOOK_00624,Dogri,1,DOI_M
DOI_M_BOOK_00288,Dogri,0,DOI_M
DOI_M_BOOK_00300,Dogri,1,DOI_M
DOI_M_BOOK_00474,Dogri,0,DOI_M
DOI_M_BOOK_00238,Dogri,1,DOI_M
DOI_M_BOOK_01207,Dogri,1,DOI_M
DOI_M_BOOK_01447,Dogri,0,DOI_M
DOI_M_BOOK_00116,Dogri,1,DOI_M
DOI_M_BOOK_00649,Dogri,1,DOI_M
DOI_M_BOOK_00725,Dogri,0,DOI_M
DOI_M_BOOK_00163,Dogri,0,DOI_M
DOI_M_BOOK_00471,Dogri,0,DOI_M
DOI_M_BOOK_01287,Dogri,0,DOI_M
DOI_M_BOOK_00701,Dogri,1,DOI_M
DOI_M_BOOK_00510,Dogri,0,DOI_M
DOI_M_BOOK_01235,Dogri,0,DOI_M
DOI_M_BOOK_01568,Dogri,1,DOI_M
DOI_M_BOOK_00049,Dogri,0,DOI_M
DOI_M_BOOK_00127,Dogri,1,DOI_M
DOI_M_BOOK_00215,Dogri,0,DOI_M
DOI_M_BOOK_00567,Dogri,1,DOI_M
DOI_M_BOOK_00522,Dogri,0,DOI_M
DOI_M_BOOK_00338,Dogri,1,DOI_M
DOI_M_BOOK_00364,Dogri,1,DOI_M
DOI_M_BOOK_01082,Dogri,0,DOI_M
DOI_M_BOOK_00663,Dogri,0,DOI_M
DOI_M_BOOK_00743,Dogri,0,DOI_M
DOI_M_BOOK_00216,Dogri,1,DOI_M
DOI_M_BOOK_01177,Dogri,0,DOI_M
DOI_M_BOOK_00569,Dogri,1,DOI_M
DOI_M_BOOK_00445,Dogri,0,DOI_M
DOI_M_BOOK_01283,Dogri,1,DOI_M
DOI_M_BOOK_00342,Dogri,1,DOI_M
DOI_M_BOOK_00809,Dogri,1,DOI_M
DOI_M_BOOK_00130,Dogri,0,DOI_M
DOI_M_BOOK_00370,Dogri,1,DOI_M
DOI_M_BOOK_00025,Dogri,1,DOI_M
DOI_M_BOOK_00483,Dogri,1,DOI_M
DOI_M_BOOK_00406,Dogri,0,DOI_M
DOI_M_BOOK_01438,Dogri,1,DOI_M
DOI_M_BOOK_01049,Dogri,0,DOI_M
DOI_M_BOOK_00395,Dogri,1,DOI_M
DOI_M_BOOK_01006,Dogri,1,DOI_M
DOI_M_BOOK_00912,Dogri,1,DOI_M
DOI_M_BOOK_00481,Dogri,1,DOI_M
DOI_M_BOOK_00402,Dogri,0,DOI_M
DOI_M_BOOK_00766,Dogri,0,DOI_M
DOI_M_BOOK_00776,Dogri,1,DOI_M
DOI_M_BOOK_00644,Dogri,1,DOI_M
DOI_M_BOOK_01040,Dogri,1,DOI_M
DOI_M_BOOK_00995,Dogri,1,DOI_M
DOI_M_BOOK_00490,Dogri,0,DOI_M
DOI_M_BOOK_00070,Dogri,1,DOI_M
DOI_M_BOOK_00136,Dogri,0,DOI_M
DOI_M_BOOK_00085,Dogri,0,DOI_M
DOI_M_BOOK_01371,Dogri,0,DOI_M
DOI_M_BOOK_00435,Dogri,1,DOI_M
DOI_M_BOOK_01088,Dogri,0,DOI_M
DOI_M_BOOK_00268,Dogri,0,DOI_M
DOI_M_BOOK_00693,Dogri,0,DOI_M
DOI_M_BOOK_00563,Dogri,0,DOI_M
DOI_M_BOOK_01190,Dogri,0,DOI_M
DOI_M_BOOK_00705,Dogri,1,DOI_M
DOI_M_BOOK_00038,Dogri,1,DOI_M
DOI_M_BOOK_01437,Dogri,1,DOI_M
DOI_M_BOOK_00935,Dogri,1,DOI_M
DOI_M_BOOK_00739,Dogri,1,DOI_M
DOI_M_BOOK_00318,Dogri,0,DOI_M
DOI_M_BOOK_00531,Dogri,1,DOI_M
DOI_M_BOOK_00586,Dogri,1,DOI_M
DOI_M_BOOK_00836,Dogri,1,DOI_M
DOI_M_BOOK_00540,Dogri,0,DOI_M
DOI_M_BOOK_00111,Dogri,0,DOI_M
DOI_M_BOOK_00718,Dogri,1,DOI_M
DOI_M_BOOK_01170,Dogri,0,DOI_M
DOI_M_BOOK_01281,Dogri,1,DOI_M
DOI_M_BOOK_00453,Dogri,1,DOI_M
DOI_M_BOOK_01268,Dogri,1,DOI_M
DOI_M_BOOK_00397,Dogri,0,DOI_M
DOI_M_BOOK_00711,Dogri,0,DOI_M
DOI_M_BOOK_00104,Dogri,0,DOI_M
DOI_M_BOOK_00916,Dogri,1,DOI_M
DOI_M_BOOK_00182,Dogri,1,DOI_M
DOI_M_BOOK_00576,Dogri,0,DOI_M
DOI_M_BOOK_00799,Dogri,0,DOI_M
DOI_M_BOOK_00335,Dogri,0,DOI_M
DOI_M_BOOK_00572,Dogri,0,DOI_M
DOI_M_BOOK_00186,Dogri,0,DOI_M
DOI_M_BOOK_00591,Dogri,1,DOI_M
DOI_M_BOOK_00394,Dogri,1,DOI_M
DOI_M_BOOK_01231,Dogri,1,DOI_M
DOI_M_BOOK_00183,Dogri,0,DOI_M
DOI_M_BOOK_00286,Dogri,1,DOI_M
DOI_M_BOOK_00855,Dogri,0,DOI_M
DOI_M_BOOK_00899,Dogri,1,DOI_M
DOI_M_BOOK_00303,Dogri,0,DOI_M
DOI_M_BOOK_01618,Dogri,0,DOI_M
DOI_M_BOOK_00859,Dogri,1,DOI_M
DOI_M_BOOK_00707,Dogri,0,DOI_M
DOI_M_BOOK_01474,Dogri,1,DOI_M
DOI_M_BOOK_01405,Dogri,1,DOI_M
DOI_M_BOOK_00990,Dogri,0,DOI_M
DOI_M_BOOK_01295,Dogri,0,DOI_M
DOI_M_BOOK_01423,Dogri,1,DOI_M
DOI_M_BOOK_00976,Dogri,0,DOI_M
DOI_M_BOOK_00986,Dogri,0,DOI_M
DOI_M_BOOK_00283,Dogri,1,DOI_M
DOI_M_BOOK_00679,Dogri,0,DOI_M
DOI_M_BOOK_00816,Dogri,1,DOI_M
DOI_M_BOOK_00106,Dogri,1,DOI_M
DOI_M_BOOK_00905,Dogri,0,DOI_M
DOI_M_BOOK_00269,Dogri,1,DOI_M
DOI_M_BOOK_00460,Dogri,0,DOI_M
DOI_M_BOOK_00886,Dogri,0,DOI_M
DOI_M_BOOK_00450,Dogri,1,DOI_M
DOI_M_BOOK_01011,Dogri,0,DOI_M
DOI_M_BOOK_00059,Dogri,1,DOI_M
DOI_M_BOOK_00047,Dogri,0,DOI_M
DOI_M_BOOK_01176,Dogri,0,DOI_M
DOI_M_BOOK_00177,Dogri,1,DOI_M
DOI_M_BOOK_00077,Dogri,1,DOI_M
DOI_M_WIKI_00827,Dogri,0,DOI_M
DOI_M_WIKI_00997,Dogri,0,DOI_M
DOI_M_WIKI_00099,Dogri,0,DOI_M
DOI_M_WIKI_01292,Dogri,0,DOI_M
DOI_M_WIKI_01344,Dogri,1,DOI_M
DOI_M_WIKI_01150,Dogri,1,DOI_M
DOI_M_WIKI_00311,Dogri,1,DOI_M
DOI_M_WIKI_00147,Dogri,0,DOI_M
DOI_M_WIKI_00420,Dogri,0,DOI_M
DOI_M_WIKI_01518,Dogri,1,DOI_M
DOI_M_WIKI_01751,Dogri,1,DOI_M
DOI_M_WIKI_00763,Dogri,0,DOI_M
DOI_M_WIKI_00579,Dogri,0,DOI_M
DOI_M_WIKI_01004,Dogri,0,DOI_M
DOI_M_WIKI_01105,Dogri,1,DOI_M
DOI_M_WIKI_01358,Dogri,0,DOI_M
DOI_M_WIKI_00989,Dogri,1,DOI_M
DOI_M_WIKI_00338,Dogri,1,DOI_M
DOI_M_WIKI_01498,Dogri,0,DOI_M
DOI_M_WIKI_00786,Dogri,1,DOI_M
DOI_M_WIKI_01633,Dogri,0,DOI_M
DOI_M_WIKI_01151,Dogri,0,DOI_M
DOI_M_WIKI_00861,Dogri,0,DOI_M
DOI_M_WIKI_00251,Dogri,0,DOI_M
DOI_M_WIKI_00094,Dogri,0,DOI_M
DOI_M_WIKI_00143,Dogri,0,DOI_M
DOI_M_WIKI_01575,Dogri,1,DOI_M
DOI_M_WIKI_00381,Dogri,0,DOI_M
DOI_M_WIKI_01794,Dogri,0,DOI_M
DOI_M_WIKI_01818,Dogri,1,DOI_M
DOI_M_WIKI_01227,Dogri,0,DOI_M
DOI_M_WIKI_01785,Dogri,0,DOI_M
DOI_M_WIKI_01694,Dogri,0,DOI_M
DOI_M_WIKI_00450,Dogri,0,DOI_M
DOI_M_WIKI_00557,Dogri,1,DOI_M
DOI_M_WIKI_00656,Dogri,1,DOI_M
DOI_M_WIKI_01731,Dogri,1,DOI_M
KAN_M_ANGER_00483,Kannada,1,KAN_M
KAN_M_ANGER_00045,Kannada,0,KAN_M
KAN_M_ANGER_00024,Kannada,1,KAN_M
KAN_M_ANGER_00468,Kannada,1,KAN_M
KAN_M_ANGER_00073,Kannada,1,KAN_M
KAN_M_ANGER_00338,Kannada,1,KAN_M
KAN_M_ANGER_00097,Kannada,0,KAN_M
KAN_M_ANGER_00162,Kannada,0,KAN_M
KAN_M_ANGER_00453,Kannada,0,KAN_M
KAN_M_ANGER_00174,Kannada,1,KAN_M
KAN_M_ANGER_00329,Kannada,1,KAN_M
KAN_M_ANGER_00053,Kannada,1,KAN_M
KAN_M_ANGER_00216,Kannada,1,KAN_M
KAN_M_ANGER_00070,Kannada,1,KAN_M
KAN_M_ANGER_00220,Kannada,0,KAN_M
KAN_M_ANGER_00401,Kannada,1,KAN_M
KAN_M_ANGER_00002,Kannada,1,KAN_M
KAN_M_ANGER_00326,Kannada,0,KAN_M
KAN_M_ANGER_00496,Kannada,0,KAN_M
KAN_M_ANGER_00133,Kannada,1,KAN_M
KAN_M_ANGER_00015,Kannada,1,KAN_M
KAN_M_ANGER_00256,Kannada,0,KAN_M
KAN_M_ANGER_00094,Kannada,0,KAN_M
KAN_M_ANGER_00335,Kannada,0,KAN_M
KAN_M_ANGER_00364,Kannada,1,KAN_M
KAN_M_ANGER_00190,Kannada,0,KAN_M
KAN_M_ANGER_00319,Kannada,1,KAN_M
KAN_M_ANGER_00272,Kannada,1,KAN_M
KAN_M_ANGER_00270,Kannada,0,KAN_M
KAN_M_ANGER_00387,Kannada,0,KAN_M
KAN_M_ANGER_00035,Kannada,1,KAN_M
KAN_M_ANGER_00146,Kannada,1,KAN_M
KAN_M_ANGER_00057,Kannada,0,KAN_M
KAN_M_ANGER_00225,Kannada,0,KAN_M
KAN_M_ANGER_00426,Kannada,0,KAN_M
KAN_M_ANGER_00156,Kannada,0,KAN_M
KAN_M_ANGER_00080,Kannada,0,KAN_M
KAN_M_ANGER_00031,Kannada,0,KAN_M
KAN_M_ANGER_00215,Kannada,1,KAN_M
KAN_M_ANGER_00247,Kannada,1,KAN_M
KAN_M_ANGER_00354,Kannada,1,KAN_M
KAN_M_ANGER_00441,Kannada,0,KAN_M
KAN_M_ANGER_00040,Kannada,0,KAN_M
KAN_M_ANGER_00310,Kannada,1,KAN_M
KAN_M_ANGER_00147,Kannada,0,KAN_M
KAN_M_ANGER_00171,Kannada,0,KAN_M
KAN_M_ANGER_00120,Kannada,0,KAN_M
KAN_M_ANGER_00071,Kannada,1,KAN_M
KAN_M_ANGER_00009,Kannada,1,KAN_M
KAN_M_ANGER_00059,Kannada,1,KAN_M
KAN_M_ANGER_00051,Kannada,0,KAN_M
KAN_M_ANGER_00202,Kannada,1,KAN_M
KAN_M_ANGER_00423,Kannada,0,KAN_M
KAN_M_ANGER_00307,Kannada,0,KAN_M
KAN_M_ANGER_00356,Kannada,0,KAN_M
KAN_M_ANGER_00168,Kannada,1,KAN_M
KAN_M_ANGER_00123,Kannada,0,KAN_M
KAN_M_ANGER_00006,Kannada,0,KAN_M
KAN_M_ANGER_00149,Kannada,1,KAN_M
KAN_M_ANGER_00099,Kannada,0,KAN_M
KAN_M_ANGER_00184,Kannada,1,KAN_M
KAN_M_ANGER_00460,Kannada,1,KAN_M
KAN_M_ANGER_00101,Kannada,1,KAN_M
KAN_M_ANGER_00061,Kannada,1,KAN_M
KAN_M_ANGER_00309,Kannada,0,KAN_M
KAN_M_ANGER_00095,Kannada,0,KAN_M
KAN_M_ANGER_00324,Kannada,0,KAN_M
KAN_M_ANGER_00481,Kannada,1,KAN_M
KAN_M_ANGER_00288,Kannada,1,KAN_M
KAN_M_ANGER_00106,Kannada,1,KAN_M
KAN_M_ANGER_00124,Kannada,0,KAN_M
KAN_M_ANGER_00273,Kannada,0,KAN_M
KAN_M_ANGER_00461,Kannada,1,KAN_M
KAN_M_ANGER_00432,Kannada,0,KAN_M
KAN_M_ANGER_00100,Kannada,0,KAN_M
KAN_M_ANGER_00269,Kannada,0,KAN_M
KAN_M_ANGER_00096,Kannada,1,KAN_M
KAN_M_ALEXA_00346,Kannada,0,KAN_M
KAN_M_BB_00104,Kannada,1,KAN_M
KAN_M_DIGI_00007,Kannada,1,KAN_M
KAN_M_ALEXA_00174,Kannada,1,KAN_M
KAN_M_DIGI_00004,Kannada,0,KAN_M
KAN_M_ALEXA_00182,Kannada,1,KAN_M
KAN_M_ALEXA_00251,Kannada,0,KAN_M
KAN_M_ALEXA_00302,Kannada,1,KAN_M
KAN_M_ALEXA_00169,Kannada,0,KAN_M
KAN_M_UMANG_00009,Kannada,1,KAN_M
KAN_M_BB_00028,Kannada,0,KAN_M
KAN_M_ALEXA_00029,Kannada,1,KAN_M
KAN_M_BB_00040,Kannada,0,KAN_M
KAN_M_ALEXA_00185,Kannada,0,KAN_M
KAN_M_DIGI_00037,Kannada,1,KAN_M
KAN_M_DIGI_00014,Kannada,0,KAN_M
KAN_M_ALEXA_00270,Kannada,1,KAN_M
KAN_M_DIGI_00138,Kannada,1,KAN_M
KAN_M_ALEXA_00381,Kannada,0,KAN_M
KAN_M_UMANG_00095,Kannada,0,KAN_M
KAN_M_BB_00102,Kannada,0,KAN_M
KAN_M_BB_00110,Kannada,1,KAN_M
KAN_M_ALEXA_00071,Kannada,0,KAN_M
KAN_M_UMANG_00019,Kannada,1,KAN_M
KAN_M_UMANG_00054,Kannada,1,KAN_M
KAN_M_UMANG_00091,Kannada,0,KAN_M
KAN_M_ALEXA_00186,Kannada,0,KAN_M
KAN_M_DIGI_00028,Kannada,1,KAN_M
KAN_M_BB_00019,Kannada,1,KAN_M
KAN_M_DIGI_00106,Kannada,1,KAN_M
KAN_M_ALEXA_00345,Kannada,0,KAN_M
KAN_M_UMANG_00105,Kannada,0,KAN_M
KAN_M_DIGI_00125,Kannada,0,KAN_M
KAN_M_DIGI_00102,Kannada,0,KAN_M
KAN_M_DIGI_00067,Kannada,0,KAN_M
KAN_M_ALEXA_00318,Kannada,1,KAN_M
KAN_M_ALEXA_00009,Kannada,0,KAN_M
KAN_M_DIGI_00057,Kannada,1,KAN_M
KAN_M_BB_00018,Kannada,1,KAN_M
KAN_M_ALEXA_00176,Kannada,1,KAN_M
KAN_M_DIGI_00096,Kannada,0,KAN_M
KAN_M_UMANG_00102,Kannada,0,KAN_M
KAN_M_BB_00012,Kannada,0,KAN_M
KAN_M_ALEXA_00167,Kannada,0,KAN_M
KAN_M_ALEXA_00207,Kannada,1,KAN_M
KAN_M_BB_00141,Kannada,0,KAN_M
KAN_M_ALEXA_00077,Kannada,1,KAN_M
KAN_M_ALEXA_00170,Kannada,0,KAN_M
KAN_M_ALEXA_00150,Kannada,1,KAN_M
KAN_M_ALEXA_00001,Kannada,1,KAN_M
KAN_M_ALEXA_00033,Kannada,0,KAN_M
KAN_M_BB_00114,Kannada,0,KAN_M
KAN_M_ALEXA_00057,Kannada,1,KAN_M
KAN_M_ALEXA_00231,Kannada,1,KAN_M
KAN_M_BB_00097,Kannada,1,KAN_M
KAN_M_BB_00087,Kannada,0,KAN_M
KAN_M_UMANG_00086,Kannada,1,KAN_M
KAN_M_BB_00130,Kannada,0,KAN_M
KAN_M_ALEXA_00201,Kannada,1,KAN_M
KAN_M_BB_00068,Kannada,1,KAN_M
KAN_M_ALEXA_00159,Kannada,1,KAN_M
KAN_M_ALEXA_00142,Kannada,1,KAN_M
KAN_M_BB_00046,Kannada,0,KAN_M
KAN_M_ALEXA_00046,Kannada,1,KAN_M
KAN_M_UMANG_00037,Kannada,0,KAN_M
KAN_M_BB_00020,Kannada,1,KAN_M
KAN_M_UMANG_00013,Kannada,0,KAN_M
KAN_M_ALEXA_00195,Kannada,1,KAN_M
KAN_M_ALEXA_00100,Kannada,1,KAN_M
KAN_M_UMANG_00109,Kannada,0,KAN_M
KAN_M_ALEXA_00120,Kannada,0,KAN_M
KAN_M_UMANG_00040,Kannada,1,KAN_M
KAN_M_DIGI_00017,Kannada,0,KAN_M
KAN_M_DIGI_00097,Kannada,0,KAN_M
KAN_M_ALEXA_00184,Kannada,0,KAN_M
KAN_M_UMANG_00015,Kannada,1,KAN_M
KAN_M_ALEXA_00234,Kannada,0,KAN_M
KAN_M_CONV_00713,Kannada,1,KAN_M
KAN_M_CONV_01747,Kannada,1,KAN_M
KAN_M_CONV_02112,Kannada,0,KAN_M
KAN_M_CONV_00485,Kannada,0,KAN_M
KAN_M_CONV_00723,Kannada,1,KAN_M
KAN_M_CONV_01539,Kannada,0,KAN_M
KAN_M_CONV_00439,Kannada,1,KAN_M
KAN_M_CONV_00680,Kannada,1,KAN_M
KAN_M_CONV_00593,Kannada,1,KAN_M
KAN_M_CONV_00367,Kannada,0,KAN_M
KAN_M_CONV_01338,Kannada,0,KAN_M
KAN_M_CONV_01555,Kannada,1,KAN_M
KAN_M_CONV_00117,Kannada,0,KAN_M
KAN_M_CONV_00634,Kannada,0,KAN_M
KAN_M_CONV_02285,Kannada,1,KAN_M
KAN_M_CONV_00942,Kannada,0,KAN_M
KAN_M_CONV_02342,Kannada,0,KAN_M
KAN_M_CONV_00806,Kannada,0,KAN_M
KAN_M_CONV_01521,Kannada,0,KAN_M
KAN_M_CONV_01709,Kannada,1,KAN_M
KAN_M_CONV_00563,Kannada,0,KAN_M
KAN_M_CONV_00863,Kannada,0,KAN_M
KAN_M_CONV_01737,Kannada,0,KAN_M
KAN_M_CONV_01298,Kannada,1,KAN_M
KAN_M_CONV_00879,Kannada,1,KAN_M
KAN_M_CONV_01166,Kannada,0,KAN_M
KAN_M_CONV_01974,Kannada,0,KAN_M
KAN_M_CONV_00652,Kannada,1,KAN_M
KAN_M_CONV_02208,Kannada,0,KAN_M
KAN_M_CONV_01632,Kannada,1,KAN_M
KAN_M_CONV_01190,Kannada,0,KAN_M
KAN_M_CONV_00694,Kannada,0,KAN_M
KAN_M_CONV_02625,Kannada,1,KAN_M
KAN_M_CONV_00787,Kannada,1,KAN_M
KAN_M_CONV_01565,Kannada,1,KAN_M
KAN_M_CONV_01426,Kannada,1,KAN_M
KAN_M_CONV_02109,Kannada,0,KAN_M
KAN_M_CONV_02376,Kannada,1,KAN_M
KAN_M_CONV_01977,Kannada,1,KAN_M
KAN_M_CONV_01991,Kannada,0,KAN_M
KAN_M_CONV_01122,Kannada,1,KAN_M
KAN_M_CONV_00179,Kannada,1,KAN_M
KAN_M_CONV_00953,Kannada,0,KAN_M
KAN_M_CONV_02504,Kannada,0,KAN_M
KAN_M_CONV_01958,Kannada,1,KAN_M
KAN_M_CONV_00543,Kannada,0,KAN_M
KAN_M_CONV_01446,Kannada,0,KAN_M
KAN_M_CONV_01374,Kannada,0,KAN_M
KAN_M_CONV_01759,Kannada,0,KAN_M
KAN_M_CONV_01809,Kannada,1,KAN_M
KAN_M_CONV_01914,Kannada,1,KAN_M
KAN_M_CONV_02018,Kannada,0,KAN_M
KAN_M_CONV_00539,Kannada,1,KAN_M
KAN_M_CONV_01442,Kannada,0,KAN_M
KAN_M_CONV_02561,Kannada,0,KAN_M
KAN_M_CONV_00904,Kannada,1,KAN_M
KAN_M_CONV_02107,Kannada,1,KAN_M
KAN_M_CONV_01045,Kannada,0,KAN_M
KAN_M_CONV_01715,Kannada,1,KAN_M
KAN_M_CONV_00095,Kannada,0,KAN_M
KAN_M_CONV_02371,Kannada,1,KAN_M
KAN_M_CONV_00784,Kannada,0,KAN_M
KAN_M_CONV_01993,Kannada,1,KAN_M
KAN_M_CONV_02304,Kannada,0,KAN_M
KAN_M_CONV_00423,Kannada,0,KAN_M
KAN_M_CONV_00341,Kannada,1,KAN_M
KAN_M_CONV_01256,Kannada,0,KAN_M
KAN_M_CONV_00039,Kannada,0,KAN_M
KAN_M_CONV_01955,Kannada,1,KAN_M
KAN_M_CONV_01887,Kannada,1,KAN_M
KAN_M_CONV_01660,Kannada,1,KAN_M
KAN_M_CONV_01703,Kannada,1,KAN_M
KAN_M_CONV_02265,Kannada,1,KAN_M
KAN_M_CONV_00699,Kannada,1,KAN_M
KAN_M_CONV_01530,Kannada,1,KAN_M
KAN_M_CONV_00175,Kannada,0,KAN_M
KAN_M_CONV_01484,Kannada,1,KAN_M
KAN_M_DISGUST_00327,Kannada,0,KAN_M
KAN_M_DISGUST_00075,Kannada,1,KAN_M
KAN_M_DISGUST_00419,Kannada,1,KAN_M
KAN_M_DISGUST_00444,Kannada,0,KAN_M
KAN_M_DISGUST_00098,Kannada,0,KAN_M
KAN_M_DISGUST_00398,Kannada,0,KAN_M
KAN_M_DISGUST_00017,Kannada,0,KAN_M
KAN_M_DISGUST_00101,Kannada,1,KAN_M
KAN_M_DISGUST_00355,Kannada,0,KAN_M
KAN_M_DISGUST_00200,Kannada,1,KAN_M
KAN_M_DISGUST_00134,Kannada,1,KAN_M
KAN_M_DISGUST_00388,Kannada,1,KAN_M
KAN_M_DISGUST_00311,Kannada,1,KAN_M
KAN_M_DISGUST_00164,Kannada,0,KAN_M
KAN_M_DISGUST_00194,Kannada,1,KAN_M
KAN_M_DISGUST_00203,Kannada,1,KAN_M
KAN_M_DISGUST_00300,Kannada,1,KAN_M
KAN_M_DISGUST_00440,Kannada,0,KAN_M
KAN_M_DISGUST_00220,Kannada,0,KAN_M
KAN_M_DISGUST_00412,Kannada,1,KAN_M
KAN_M_DISGUST_00221,Kannada,1,KAN_M
KAN_M_DISGUST_00323,Kannada,1,KAN_M
KAN_M_DISGUST_00467,Kannada,0,KAN_M
KAN_M_DISGUST_00046,Kannada,0,KAN_M
KAN_M_DISGUST_00437,Kannada,1,KAN_M
KAN_M_DISGUST_00322,Kannada,1,KAN_M
KAN_M_DISGUST_00230,Kannada,0,KAN_M
KAN_M_DISGUST_00468,Kannada,0,KAN_M
KAN_M_DISGUST_00030,Kannada,1,KAN_M
KAN_M_DISGUST_00124,Kannada,1,KAN_M
KAN_M_DISGUST_00391,Kannada,0,KAN_M
KAN_M_DISGUST_00010,Kannada,0,KAN_M
KAN_M_DISGUST_00235,Kannada,0,KAN_M
KAN_M_DISGUST_00231,Kannada,1,KAN_M
KAN_M_DISGUST_00185,Kannada,0,KAN_M
KAN_M_DISGUST_00066,Kannada,0,KAN_M
KAN_M_DISGUST_00026,Kannada,1,KAN_M
KAN_M_DISGUST_00339,Kannada,0,KAN_M
KAN_M_DISGUST_00156,Kannada,0,KAN_M
KAN_M_DISGUST_00149,Kannada,1,KAN_M
KAN_M_DISGUST_00270,Kannada,1,KAN_M
KAN_M_DISGUST_00039,Kannada,1,KAN_M
KAN_M_DISGUST_00447,Kannada,0,KAN_M
KAN_M_DISGUST_00177,Kannada,0,KAN_M
KAN_M_DISGUST_00241,Kannada,0,KAN_M
KAN_M_DISGUST_00334,Kannada,1,KAN_M
KAN_M_DISGUST_00099,Kannada,1,KAN_M
KAN_M_DISGUST_00006,Kannada,0,KAN_M
KAN_M_DISGUST_00084,Kannada,0,KAN_M
KAN_M_DISGUST_00179,Kannada,0,KAN_M
KAN_M_DISGUST_00421,Kannada,0,KAN_M
KAN_M_DISGUST_00343,Kannada,1,KAN_M
KAN_M_DISGUST_00309,Kannada,0,KAN_M
KAN_M_DISGUST_00130,Kannada,0,KAN_M
KAN_M_DISGUST_00143,Kannada,0,KAN_M
KAN_M_DISGUST_00416,Kannada,1,KAN_M
KAN_M_DISGUST_00004,Kannada,0,KAN_M
KAN_M_DISGUST_00192,Kannada,0,KAN_M
KAN_M_DISGUST_00128,Kannada,1,KAN_M
KAN_M_DISGUST_00417,Kannada,1,KAN_M
KAN_M_DISGUST_00111,Kannada,1,KAN_M
KAN_M_DISGUST_00085,Kannada,1,KAN_M
KAN_M_DISGUST_00312,Kannada,1,KAN_M
KAN_M_DISGUST_00129,Kannada,0,KAN_M
KAN_M_DISGUST_00122,Kannada,0,KAN_M
KAN_M_DISGUST_00136,Kannada,0,KAN_M
KAN_M_DISGUST_00245,Kannada,1,KAN_M
KAN_M_DISGUST_00296,Kannada,1,KAN_M
KAN_M_DISGUST_00145,Kannada,1,KAN_M
KAN_M_DISGUST_00153,Kannada,0,KAN_M
KAN_M_DISGUST_00294,Kannada,1,KAN_M
KAN_M_DISGUST_00295,Kannada,1,KAN_M
KAN_M_DISGUST_00426,Kannada,0,KAN_M
KAN_M_DISGUST_00154,Kannada,0,KAN_M
KAN_M_DISGUST_00332,Kannada,1,KAN_M
KAN_M_DISGUST_00127,Kannada,1,KAN_M
KAN_M_DISGUST_00290,Kannada,0,KAN_M
KAN_M_FEAR_00513,Kannada,1,KAN_M
KAN_M_FEAR_00429,Kannada,1,KAN_M
KAN_M_FEAR_00222,Kannada,0,KAN_M
KAN_M_FEAR_00037,Kannada,1,KAN_M
KAN_M_FEAR_00364,Kannada,0,KAN_M
KAN_M_FEAR_00183,Kannada,1,KAN_M
KAN_M_FEAR_00460,Kannada,0,KAN_M
KAN_M_FEAR_00516,Kannada,1,KAN_M
KAN_M_FEAR_00467,Kannada,0,KAN_M
KAN_M_FEAR_00282,Kannada,1,KAN_M
KAN_M_FEAR_00011,Kannada,1,KAN_M
KAN_M_FEAR_00216,Kannada,1,KAN_M
KAN_M_FEAR_00465,Kannada,0,KAN_M
KAN_M_FEAR_00392,Kannada,0,KAN_M
KAN_M_FEAR_00262,Kannada,1,KAN_M
KAN_M_FEAR_00527,Kannada,1,KAN_M
KAN_M_FEAR_00100,Kannada,1,KAN_M
KAN_M_FEAR_00034,Kannada,1,KAN_M
KAN_M_FEAR_00297,Kannada,0,KAN_M
KAN_M_FEAR_00109,Kannada,0,KAN_M
KAN_M_FEAR_00306,Kannada,0,KAN_M
KAN_M_FEAR_00443,Kannada,1,KAN_M
KAN_M_FEAR_00346,Kannada,0,KAN_M
KAN_M_FEAR_00252,Kannada,0,KAN_M
KAN_M_FEAR_00038,Kannada,0,KAN_M
KAN_M_FEAR_00188,Kannada,0,KAN_M
KAN_M_FEAR_00438,Kannada,1,KAN_M
KAN_M_FEAR_00311,Kannada,1,KAN_M
KAN_M_FEAR_00092,Kannada,0,KAN_M
KAN_M_FEAR_00080,Kannada,0,KAN_M
KAN_M_FEAR_00085,Kannada,0,KAN_M
KAN_M_FEAR_00231,Kannada,1,KAN_M
KAN_M_FEAR_00540,Kannada,0,KAN_M
KAN_M_FEAR_00093,Kannada,1,KAN_M
KAN_M_FEAR_00002,Kannada,1,KAN_M
KAN_M_FEAR_00013,Kannada,0,KAN_M
KAN_M_FEAR_00127,Kannada,0,KAN_M
KAN_M_FEAR_00144,Kannada,0,KAN_M
KAN_M_FEAR_00432,Kannada,1,KAN_M
KAN_M_FEAR_00503,Kannada,0,KAN_M
KAN_M_FEAR_00161,Kannada,1,KAN_M
KAN_M_FEAR_00276,Kannada,0,KAN_M
KAN_M_FEAR_00064,Kannada,1,KAN_M
KAN_M_FEAR_00245,Kannada,0,KAN_M
KAN_M_FEAR_00019,Kannada,1,KAN_M
KAN_M_FEAR_00073,Kannada,1,KAN_M
KAN_M_FEAR_00078,Kannada,0,KAN_M
KAN_M_FEAR_00153,Kannada,0,KAN_M
KAN_M_FEAR_00210,Kannada,1,KAN_M
KAN_M_FEAR_00044,Kannada,1,KAN_M
KAN_M_FEAR_00531,Kannada,1,KAN_M
KAN_M_FEAR_00487,Kannada,1,KAN_M
KAN_M_FEAR_00228,Kannada,1,KAN_M
KAN_M_FEAR_00310,Kannada,1,KAN_M
KAN_M_FEAR_00468,Kannada,0,KAN_M
KAN_M_FEAR_00532,Kannada,0,KAN_M
KAN_M_FEAR_00261,Kannada,0,KAN_M
KAN_M_FEAR_00325,Kannada,1,KAN_M
KAN_M_FEAR_00119,Kannada,1,KAN_M
KAN_M_FEAR_00412,Kannada,0,KAN_M
KAN_M_FEAR_00240,Kannada,0,KAN_M
KAN_M_FEAR_00375,Kannada,1,KAN_M
KAN_M_FEAR_00223,Kannada,0,KAN_M
KAN_M_FEAR_00332,Kannada,1,KAN_M
KAN_M_FEAR_00104,Kannada,0,KAN_M
KAN_M_FEAR_00111,Kannada,1,KAN_M
KAN_M_FEAR_00170,Kannada,0,KAN_M
KAN_M_FEAR_00101,Kannada,0,KAN_M
KAN_M_FEAR_00281,Kannada,0,KAN_M
KAN_M_FEAR_00417,Kannada,0,KAN_M
KAN_M_FEAR_00330,Kannada,1,KAN_M
KAN_M_FEAR_00082,Kannada,1,KAN_M
KAN_M_FEAR_00089,Kannada,1,KAN_M
KAN_M_FEAR_00489,Kannada,1,KAN_M
KAN_M_FEAR_00381,Kannada,1,KAN_M
KAN_M_FEAR_00094,Kannada,0,KAN_M
KAN_M_FEAR_00434,Kannada,0,KAN_M
KAN_M_HAPPY_00106,Kannada,1,KAN_M
KAN_M_HAPPY_00332,Kannada,0,KAN_M
KAN_M_HAPPY_00388,Kannada,1,KAN_M
KAN_M_HAPPY_00047,Kannada,1,KAN_M
KAN_M_HAPPY_00063,Kannada,1,KAN_M
KAN_M_HAPPY_00117,Kannada,0,KAN_M
KAN_M_HAPPY_00215,Kannada,0,KAN_M
KAN_M_HAPPY_00488,Kannada,0,KAN_M
KAN_M_HAPPY_00372,Kannada,1,KAN_M
KAN_M_HAPPY_00400,Kannada,1,KAN_M
KAN_M_HAPPY_00524,Kannada,0,KAN_M
KAN_M_HAPPY_00119,Kannada,0,KAN_M
KAN_M_HAPPY_00424,Kannada,1,KAN_M
KAN_M_HAPPY_00142,Kannada,1,KAN_M
KAN_M_HAPPY_00246,Kannada,0,KAN_M
KAN_M_HAPPY_00293,Kannada,1,KAN_M
KAN_M_HAPPY_00279,Kannada,0,KAN_M
KAN_M_HAPPY_00347,Kannada,0,KAN_M
KAN_M_HAPPY_00013,Kannada,0,KAN_M
KAN_M_HAPPY_00306,Kannada,1,KAN_M
KAN_M_HAPPY_00088,Kannada,0,KAN_M
KAN_M_HAPPY_00399,Kannada,1,KAN_M
KAN_M_HAPPY_00427,Kannada,0,KAN_M
KAN_M_HAPPY_00353,Kannada,0,KAN_M
KAN_M_HAPPY_00418,Kannada,1,KAN_M
KAN_M_HAPPY_00521,Kannada,1,KAN_M
KAN_M_HAPPY_00126,Kannada,1,KAN_M
KAN_M_HAPPY_00320,Kannada,1,KAN_M
KAN_M_HAPPY_00270,Kannada,0,KAN_M
KAN_M_HAPPY_00027,Kannada,0,KAN_M
KAN_M_HAPPY_00209,Kannada,1,KAN_M
KAN_M_HAPPY_00140,Kannada,0,KAN_M
KAN_M_HAPPY_00002,Kannada,1,KAN_M
KAN_M_HAPPY_00191,Kannada,0,KAN_M
KAN_M_HAPPY_00381,Kannada,1,KAN_M
KAN_M_HAPPY_00398,Kannada,0,KAN_M
KAN_M_HAPPY_00089,Kannada,0,KAN_M
KAN_M_HAPPY_00060,Kannada,0,KAN_M
KAN_M_HAPPY_00124,Kannada,1,KAN_M
KAN_M_HAPPY_00475,Kannada,1,KAN_M
KAN_M_HAPPY_00445,Kannada,0,KAN_M
KAN_M_HAPPY_00468,Kannada,1,KAN_M
KAN_M_HAPPY_00223,Kannada,0,KAN_M
KAN_M_HAPPY_00176,Kannada,1,KAN_M
KAN_M_HAPPY_00156,Kannada,1,KAN_M
KAN_M_HAPPY_00459,Kannada,0,KAN_M
KAN_M_HAPPY_00039,Kannada,0,KAN_M
KAN_M_HAPPY_00533,Kannada,0,KAN_M
KAN_M_HAPPY_00271,Kannada,0,KAN_M
KAN_M_HAPPY_00197,Kannada,1,KAN_M
KAN_M_HAPPY_00227,Kannada,0,KAN_M
KAN_M_HAPPY_00038,Kannada,1,KAN_M
KAN_M_HAPPY_00179,Kannada,1,KAN_M
KAN_M_HAPPY_00069,Kannada,1,KAN_M
KAN_M_HAPPY_00289,Kannada,1,KAN_M
KAN_M_HAPPY_00083,Kannada,0,KAN_M
KAN_M_HAPPY_00112,Kannada,1,KAN_M
KAN_M_HAPPY_00111,Kannada,0,KAN_M
KAN_M_HAPPY_00053,Kannada,0,KAN_M
KAN_M_HAPPY_00402,Kannada,1,KAN_M
KAN_M_HAPPY_00091,Kannada,1,KAN_M
KAN_M_HAPPY_00264,Kannada,0,KAN_M
KAN_M_HAPPY_00044,Kannada,0,KAN_M
KAN_M_HAPPY_00243,Kannada,1,KAN_M
KAN_M_HAPPY_00489,Kannada,1,KAN_M
KAN_M_HAPPY_00303,Kannada,1,KAN_M
KAN_M_HAPPY_00374,Kannada,0,KAN_M
KAN_M_HAPPY_00158,Kannada,0,KAN_M
KAN_M_HAPPY_00046,Kannada,1,KAN_M
KAN_M_HAPPY_00412,Kannada,0,KAN_M
KAN_M_HAPPY_00341,Kannada,0,KAN_M
KAN_M_HAPPY_00493,Kannada,0,KAN_M
KAN_M_HAPPY_00116,Kannada,1,KAN_M
KAN_M_HAPPY_00283,Kannada,1,KAN_M
KAN_M_HAPPY_00224,Kannada,0,KAN_M
KAN_M_HAPPY_00006,Kannada,1,KAN_M
KAN_M_HAPPY_00066,Kannada,0,KAN_M
KAN_M_INDIC_00390,Kannada,0,KAN_M
KAN_M_INDIC_00012,Kannada,0,KAN_M
KAN_M_INDIC_00147,Kannada,1,KAN_M
KAN_M_INDIC_00347,Kannada,0,KAN_M
KAN_M_INDIC_00205,Kannada,0,KAN_M
KAN_M_INDIC_00314,Kannada,0,KAN_M
KAN_M_INDIC_00238,Kannada,1,KAN_M
KAN_M_INDIC_00285,Kannada,0,KAN_M
KAN_M_INDIC_00015,Kannada,0,KAN_M
KAN_M_INDIC_00063,Kannada,0,KAN_M
KAN_M_INDIC_00307,Kannada,1,KAN_M
KAN_M_INDIC_00380,Kannada,0,KAN_M
KAN_M_INDIC_00393,Kannada,1,KAN_M
KAN_M_INDIC_00364,Kannada,0,KAN_M
KAN_M_INDIC_00237,Kannada,0,KAN_M
KAN_M_INDIC_00128,Kannada,0,KAN_M
KAN_M_INDIC_00333,Kannada,1,KAN_M
KAN_M_INDIC_00024,Kannada,1,KAN_M
KAN_M_INDIC_00173,Kannada,0,KAN_M
KAN_M_INDIC_00048,Kannada,1,KAN_M
KAN_M_INDIC_00070,Kannada,1,KAN_M
KAN_M_INDIC_00044,Kannada,1,KAN_M
KAN_M_INDIC_00211,Kannada,0,KAN_M
KAN_M_INDIC_00258,Kannada,1,KAN_M
KAN_M_INDIC_00066,Kannada,1,KAN_M
KAN_M_INDIC_00218,Kannada,1,KAN_M
KAN_M_INDIC_00326,Kannada,0,KAN_M
KAN_M_INDIC_00351,Kannada,1,KAN_M
KAN_M_INDIC_00017,Kannada,1,KAN_M
KAN_M_INDIC_00279,Kannada,1,KAN_M
KAN_M_INDIC_00312,Kannada,1,KAN_M
KAN_M_INDIC_00174,Kannada,1,KAN_M
KAN_M_INDIC_00252,Kannada,0,KAN_M
KAN_M_INDIC_00321,Kannada,1,KAN_M
KAN_M_INDIC_00383,Kannada,0,KAN_M
KAN_M_INDIC_00051,Kannada,1,KAN_M
KAN_M_INDIC_00159,Kannada,1,KAN_M
KAN_M_INDIC_00038,Kannada,0,KAN_M
KAN_M_INDIC_00139,Kannada,0,KAN_M
KAN_M_INDIC_00239,Kannada,1,KAN_M
KAN_M_INDIC_00330,Kannada,0,KAN_M
KAN_M_INDIC_00302,Kannada,1,KAN_M
KAN_M_INDIC_00187,Kannada,0,KAN_M
KAN_M_INDIC_00306,Kannada,1,KAN_M
KAN_M_INDIC_00082,Kannada,0,KAN_M
KAN_M_INDIC_00125,Kannada,1,KAN_M
KAN_M_INDIC_00025,Kannada,1,KAN_M
KAN_M_INDIC_00124,Kannada,0,KAN_M
KAN_M_INDIC_00360,Kannada,1,KAN_M
KAN_M_INDIC_00338,Kannada,0,KAN_M
KAN_M_INDIC_00304,Kannada,1,KAN_M
KAN_M_INDIC_00075,Kannada,1,KAN_M
KAN_M_INDIC_00246,Kannada,0,KAN_M
KAN_M_INDIC_00156,Kannada,1,KAN_M
KAN_M_INDIC_00105,Kannada,0,KAN_M
KAN_M_INDIC_00374,Kannada,1,KAN_M
KAN_M_INDIC_00184,Kannada,0,KAN_M
KAN_M_INDIC_00241,Kannada,1,KAN_M
KAN_M_INDIC_00223,Kannada,1,KAN_M
KAN_M_INDIC_00110,Kannada,1,KAN_M
KAN_M_INDIC_00179,Kannada,1,KAN_M
KAN_M_INDIC_00294,Kannada,1,KAN_M
KAN_M_INDIC_00276,Kannada,0,KAN_M
KAN_M_INDIC_00221,Kannada,0,KAN_M
KAN_M_INDIC_00385,Kannada,0,KAN_M
KAN_M_INDIC_00247,Kannada,0,KAN_M
KAN_M_INDIC_00190,Kannada,1,KAN_M
KAN_M_INDIC_00303,Kannada,0,KAN_M
KAN_M_INDIC_00133,Kannada,0,KAN_M
KAN_M_INDIC_00201,Kannada,0,KAN_M
KAN_M_INDIC_00266,Kannada,0,KAN_M
KAN_M_INDIC_00129,Kannada,1,KAN_M
KAN_M_INDIC_00243,Kannada,1,KAN_M
KAN_M_INDIC_00192,Kannada,0,KAN_M
KAN_M_INDIC_00203,Kannada,1,KAN_M
KAN_M_INDIC_00293,Kannada,0,KAN_M
KAN_M_INDIC_00199,Kannada,0,KAN_M
KAN_M_BOOK_01200,Kannada,1,KAN_M
KAN_M_BOOK_00329,Kannada,0,KAN_M
KAN_M_BOOK_00139,Kannada,0,KAN_M
KAN_M_BOOK_00369,Kannada,0,KAN_M
KAN_M_BOOK_00941,Kannada,0,KAN_M
KAN_M_BOOK_00216,Kannada,1,KAN_M
KAN_M_BOOK_01129,Kannada,1,KAN_M
KAN_M_BOOK_00695,Kannada,0,KAN_M
KAN_M_BOOK_01202,Kannada,1,KAN_M
KAN_M_BOOK_00752,Kannada,1,KAN_M
KAN_M_BOOK_00446,Kannada,0,KAN_M
KAN_M_BOOK_00398,Kannada,1,KAN_M
KAN_M_BOOK_00180,Kannada,1,KAN_M
KAN_M_BOOK_01169,Kannada,1,KAN_M
KAN_M_BOOK_00163,Kannada,1,KAN_M
KAN_M_BOOK_01410,Kannada,1,KAN_M
KAN_M_BOOK_00962,Kannada,1,KAN_M
KAN_M_BOOK_01235,Kannada,0,KAN_M
KAN_M_BOOK_01251,Kannada,1,KAN_M
KAN_M_BOOK_01241,Kannada,1,KAN_M
KAN_M_BOOK_01354,Kannada,1,KAN_M
KAN_M_BOOK_01205,Kannada,1,KAN_M
KAN_M_BOOK_00093,Kannada,1,KAN_M
KAN_M_BOOK_00694,Kannada,0,KAN_M
KAN_M_BOOK_00944,Kannada,1,KAN_M
KAN_M_BOOK_00732,Kannada,0,KAN_M
KAN_M_BOOK_00523,Kannada,1,KAN_M
KAN_M_BOOK_00571,Kannada,0,KAN_M
KAN_M_BOOK_00381,Kannada,0,KAN_M
KAN_M_BOOK_00665,Kannada,1,KAN_M
KAN_M_BOOK_00617,Kannada,0,KAN_M
KAN_M_BOOK_00578,Kannada,0,KAN_M
KAN_M_BOOK_00064,Kannada,1,KAN_M
KAN_M_BOOK_00427,Kannada,1,KAN_M
KAN_M_BOOK_01106,Kannada,1,KAN_M
KAN_M_BOOK_00199,Kannada,0,KAN_M
KAN_M_BOOK_01037,Kannada,0,KAN_M
KAN_M_BOOK_00352,Kannada,1,KAN_M
KAN_M_BOOK_01053,Kannada,1,KAN_M
KAN_M_BOOK_00338,Kannada,1,KAN_M
KAN_M_BOOK_01203,Kannada,0,KAN_M
KAN_M_BOOK_01404,Kannada,0,KAN_M
KAN_M_BOOK_01298,Kannada,0,KAN_M
KAN_M_BOOK_00807,Kannada,0,KAN_M
KAN_M_BOOK_00221,Kannada,0,KAN_M
KAN_M_BOOK_00573,Kannada,1,KAN_M
KAN_M_BOOK_01119,Kannada,0,KAN_M
KAN_M_BOOK_01161,Kannada,1,KAN_M
KAN_M_BOOK_00370,Kannada,1,KAN_M
KAN_M_BOOK_01261,Kannada,1,KAN_M
KAN_M_BOOK_01270,Kannada,0,KAN_M
KAN_M_BOOK_00865,Kannada,1,KAN_M
KAN_M_BOOK_00659,Kannada,1,KAN_M
KAN_M_BOOK_00113,Kannada,0,KAN_M
KAN_M_BOOK_00308,Kannada,0,KAN_M
KAN_M_BOOK_00966,Kannada,0,KAN_M
KAN_M_BOOK_00518,Kannada,0,KAN_M
KAN_M_BOOK_00555,Kannada,0,KAN_M
KAN_M_BOOK_00067,Kannada,1,KAN_M
KAN_M_BOOK_00030,Kannada,0,KAN_M
KAN_M_BOOK_00058,Kannada,0,KAN_M
KAN_M_BOOK_00677,Kannada,0,KAN_M
KAN_M_BOOK_01332,Kannada,0,KAN_M
KAN_M_BOOK_00267,Kannada,1,KAN_M
KAN_M_BOOK_00202,Kannada,0,KAN_M
KAN_M_BOOK_00866,Kannada,1,KAN_M
KAN_M_BOOK_00729,Kannada,0,KAN_M
KAN_M_BOOK_00992,Kannada,1,KAN_M
KAN_M_BOOK_01193,Kannada,0,KAN_M
KAN_M_BOOK_00917,Kannada,0,KAN_M
KAN_M_BOOK_00248,Kannada,0,KAN_M
KAN_M_BOOK_00655,Kannada,0,KAN_M
KAN_M_BOOK_01192,Kannada,1,KAN_M
KAN_M_BOOK_00074,Kannada,1,KAN_M
KAN_M_BOOK_00469,Kannada,0,KAN_M
KAN_M_BOOK_00656,Kannada,0,KAN_M
KAN_M_BOOK_01159,Kannada,1,KAN_M
KAN_M_WIKI_01972,Kannada,0,KAN_M
KAN_M_WIKI_02840,Kannada,1,KAN_M
KAN_M_WIKI_02275,Kannada,0,KAN_M
KAN_M_WIKI_00739,Kannada,0,KAN_M
KAN_M_WIKI_02603,Kannada,0,KAN_M
KAN_M_WIKI_02449,Kannada,0,KAN_M
KAN_M_WIKI_03335,Kannada,1,KAN_M
KAN_M_WIKI_00281,Kannada,0,KAN_M
KAN_M_WIKI_01670,Kannada,0,KAN_M
KAN_M_WIKI_02391,Kannada,0,KAN_M
KAN_M_WIKI_01691,Kannada,0,KAN_M
KAN_M_WIKI_00190,Kannada,0,KAN_M
KAN_M_WIKI_01854,Kannada,0,KAN_M
KAN_M_WIKI_02373,Kannada,1,KAN_M
KAN_M_WIKI_01243,Kannada,0,KAN_M
KAN_M_WIKI_01345,Kannada,1,KAN_M
KAN_M_WIKI_01177,Kannada,0,KAN_M
KAN_M_WIKI_03100,Kannada,1,KAN_M
KAN_M_WIKI_01328,Kannada,1,KAN_M
KAN_M_WIKI_02433,Kannada,0,KAN_M
KAN_M_WIKI_01006,Kannada,0,KAN_M
KAN_M_WIKI_00662,Kannada,1,KAN_M
KAN_M_WIKI_01389,Kannada,1,KAN_M
KAN_M_WIKI_01488,Kannada,1,KAN_M
KAN_M_WIKI_01471,Kannada,1,KAN_M
KAN_M_WIKI_03150,Kannada,0,KAN_M
KAN_M_WIKI_02893,Kannada,1,KAN_M
KAN_M_WIKI_03372,Kannada,1,KAN_M
KAN_M_WIKI_02216,Kannada,1,KAN_M
KAN_M_WIKI_03356,Kannada,0,KAN_M
KAN_M_WIKI_02052,Kannada,1,KAN_M
KAN_M_WIKI_03002,Kannada,1,KAN_M
KAN_M_WIKI_00079,Kannada,1,KAN_M
KAN_M_WIKI_02962,Kannada,1,KAN_M
KAN_M_WIKI_02688,Kannada,1,KAN_M
KAN_M_WIKI_00114,Kannada,0,KAN_M
KAN_M_WIKI_00301,Kannada,0,KAN_M
KAN_M_WIKI_03638,Kannada,0,KAN_M
KAN_M_WIKI_01906,Kannada,0,KAN_M
KAN_M_WIKI_00682,Kannada,1,KAN_M
KAN_M_WIKI_03383,Kannada,1,KAN_M
KAN_M_WIKI_03282,Kannada,0,KAN_M
KAN_M_WIKI_00567,Kannada,0,KAN_M
KAN_M_WIKI_02417,Kannada,0,KAN_M
KAN_M_WIKI_00094,Kannada,0,KAN_M
KAN_M_WIKI_02134,Kannada,0,KAN_M
KAN_M_WIKI_03484,Kannada,0,KAN_M
KAN_M_WIKI_01661,Kannada,1,KAN_M
KAN_M_WIKI_01286,Kannada,0,KAN_M
KAN_M_WIKI_00664,Kannada,1,KAN_M
KAN_M_WIKI_00564,Kannada,1,KAN_M
KAN_M_WIKI_02876,Kannada,1,KAN_M
KAN_M_WIKI_01550,Kannada,1,KAN_M
KAN_M_WIKI_02827,Kannada,0,KAN_M
KAN_M_WIKI_00639,Kannada,1,KAN_M
KAN_M_WIKI_01889,Kannada,0,KAN_M
KAN_M_WIKI_02255,Kannada,1,KAN_M
KAN_M_WIKI_03346,Kannada,0,KAN_M
KAN_M_WIKI_03585,Kannada,1,KAN_M
KAN_M_WIKI_02504,Kannada,1,KAN_M
KAN_M_WIKI_01233,Kannada,0,KAN_M
KAN_M_WIKI_00425,Kannada,1,KAN_M
KAN_M_WIKI_02528,Kannada,0,KAN_M
KAN_M_WIKI_00631,Kannada,1,KAN_M
KAN_M_WIKI_01984,Kannada,1,KAN_M
KAN_M_WIKI_00944,Kannada,0,KAN_M
KAN_M_WIKI_02190,Kannada,1,KAN_M
KAN_M_WIKI_02096,Kannada,1,KAN_M
KAN_M_WIKI_00370,Kannada,0,KAN_M
KAN_M_WIKI_00111,Kannada,0,KAN_M
KAN_M_WIKI_02175,Kannada,1,KAN_M
KAN_M_WIKI_02252,Kannada,0,KAN_M
KAN_M_WIKI_00358,Kannada,1,KAN_M
KAN_M_WIKI_01178,Kannada,1,KAN_M
KAN_M_WIKI_00494,Kannada,1,KAN_M
KAN_M_WIKI_00292,Kannada,1,KAN_M
KAN_M_WIKI_02348,Kannada,0,KAN_M
KAN_M_NEWS_00171,Kannada,0,KAN_M
KAN_M_NEWS_00201,Kannada,1,KAN_M
KAN_M_NEWS_00235,Kannada,1,KAN_M
KAN_M_NEWS_00368,Kannada,1,KAN_M
KAN_M_NEWS_00121,Kannada,1,KAN_M
KAN_M_NEWS_00549,Kannada,1,KAN_M
KAN_M_NEWS_00011,Kannada,1,KAN_M
KAN_M_NEWS_00763,Kannada,0,KAN_M
KAN_M_NEWS_00269,Kannada,0,KAN_M
KAN_M_NEWS_00070,Kannada,1,KAN_M
KAN_M_NEWS_00148,Kannada,0,KAN_M
KAN_M_NEWS_00727,Kannada,0,KAN_M
KAN_M_NEWS_00504,Kannada,0,KAN_M
KAN_M_NEWS_00373,Kannada,0,KAN_M
KAN_M_NEWS_00357,Kannada,0,KAN_M
KAN_M_NEWS_00743,Kannada,1,KAN_M
KAN_M_NEWS_00655,Kannada,1,KAN_M
KAN_M_NEWS_00567,Kannada,0,KAN_M
KAN_M_NEWS_00315,Kannada,0,KAN_M
KAN_M_NEWS_00711,Kannada,1,KAN_M
KAN_M_NEWS_00016,Kannada,1,KAN_M
KAN_M_NEWS_00648,Kannada,1,KAN_M
KAN_M_NEWS_00227,Kannada,0,KAN_M
KAN_M_NEWS_00718,Kannada,1,KAN_M
KAN_M_NEWS_00005,Kannada,1,KAN_M
KAN_M_NEWS_00663,Kannada,0,KAN_M
KAN_M_NEWS_00130,Kannada,1,KAN_M
KAN_M_NEWS_00276,Kannada,0,KAN_M
KAN_M_NEWS_00659,Kannada,0,KAN_M
KAN_M_NEWS_00293,Kannada,1,KAN_M
KAN_M_NEWS_00406,Kannada,0,KAN_M
KAN_M_NEWS_00785,Kannada,0,KAN_M
KAN_M_NEWS_00765,Kannada,0,KAN_M
KAN_M_NEWS_00559,Kannada,1,KAN_M
KAN_M_NEWS_00237,Kannada,1,KAN_M
KAN_M_NEWS_00348,Kannada,1,KAN_M
KAN_M_NEWS_00675,Kannada,1,KAN_M
KAN_M_NEWS_00119,Kannada,1,KAN_M
KAN_M_NEWS_00106,Kannada,0,KAN_M
KAN_M_NEWS_00199,Kannada,1,KAN_M
KAN_M_NEWS_00125,Kannada,0,KAN_M
KAN_M_NEWS_00208,Kannada,1,KAN_M
KAN_M_NEWS_00040,Kannada,0,KAN_M
KAN_M_NEWS_00109,Kannada,0,KAN_M
KAN_M_NEWS_00102,Kannada,1,KAN_M
KAN_M_NEWS_00540,Kannada,0,KAN_M
KAN_M_NEWS_00015,Kannada,1,KAN_M
KAN_M_NEWS_00630,Kannada,0,KAN_M
KAN_M_NEWS_00312,Kannada,0,KAN_M
KAN_M_NEWS_00101,Kannada,0,KAN_M
KAN_M_NEWS_00311,Kannada,1,KAN_M
KAN_M_NEWS_00707,Kannada,0,KAN_M
KAN_M_NEWS_00691,Kannada,0,KAN_M
KAN_M_NEWS_00697,Kannada,1,KAN_M
KAN_M_NEWS_00108,Kannada,0,KAN_M
KAN_M_NEWS_00098,Kannada,1,KAN_M
KAN_M_NEWS_00305,Kannada,1,KAN_M
KAN_M_NEWS_00099,Kannada,0,KAN_M
KAN_M_NEWS_00455,Kannada,1,KAN_M
KAN_M_NEWS_00562,Kannada,1,KAN_M
KAN_M_NEWS_00365,Kannada,0,KAN_M
KAN_M_NEWS_00260,Kannada,0,KAN_M
KAN_M_NEWS_00144,Kannada,1,KAN_M
KAN_M_NEWS_00690,Kannada,0,KAN_M
KAN_M_NEWS_00400,Kannada,0,KAN_M
KAN_M_NEWS_00798,Kannada,1,KAN_M
KAN_M_NEWS_00213,Kannada,0,KAN_M
KAN_M_NEWS_00353,Kannada,1,KAN_M
KAN_M_NEWS_00105,Kannada,1,KAN_M
KAN_M_NEWS_00678,Kannada,0,KAN_M
KAN_M_NEWS_00253,Kannada,0,KAN_M
KAN_M_NEWS_00478,Kannada,1,KAN_M
KAN_M_NEWS_00093,Kannada,0,KAN_M
KAN_M_NEWS_00124,Kannada,0,KAN_M
KAN_M_NEWS_00085,Kannada,0,KAN_M
KAN_M_NEWS_00538,Kannada,1,KAN_M
KAN_M_NEWS_00744,Kannada,1,KAN_M
KAN_M_NAMES_02043,Kannada,0,KAN_M
KAN_M_NAMES_00767,Kannada,0,KAN_M
KAN_M_NAMES_00274,Kannada,0,KAN_M
KAN_M_NAMES_01654,Kannada,0,KAN_M
KAN_M_NAMES_01720,Kannada,1,KAN_M
KAN_M_NAMES_01525,Kannada,0,KAN_M
KAN_M_NAMES_02610,Kannada,1,KAN_M
KAN_M_NAMES_00359,Kannada,0,KAN_M
KAN_M_NAMES_01194,Kannada,0,KAN_M
KAN_M_NAMES_01878,Kannada,0,KAN_M
KAN_M_NAMES_01362,Kannada,0,KAN_M
KAN_M_NAMES_01254,Kannada,0,KAN_M
KAN_M_NAMES_01261,Kannada,0,KAN_M
KAN_M_NAMES_01280,Kannada,1,KAN_M
KAN_M_NAMES_00566,Kannada,1,KAN_M
KAN_M_NAMES_01715,Kannada,0,KAN_M
KAN_M_NAMES_01859,Kannada,0,KAN_M
KAN_M_NAMES_01240,Kannada,1,KAN_M
KAN_M_NAMES_00553,Kannada,0,KAN_M
KAN_M_NAMES_01832,Kannada,1,KAN_M
KAN_M_NAMES_01682,Kannada,1,KAN_M
KAN_M_NAMES_02588,Kannada,0,KAN_M
KAN_M_NAMES_01600,Kannada,1,KAN_M
KAN_M_NAMES_00431,Kannada,1,KAN_M
KAN_M_NAMES_00269,Kannada,1,KAN_M
KAN_M_NAMES_00354,Kannada,0,KAN_M
KAN_M_NAMES_02284,Kannada,0,KAN_M
KAN_M_NAMES_02605,Kannada,1,KAN_M
KAN_M_NAMES_02622,Kannada,0,KAN_M
KAN_M_NAMES_01857,Kannada,1,KAN_M
KAN_M_NAMES_02619,Kannada,1,KAN_M
KAN_M_NAMES_02053,Kannada,1,KAN_M
KAN_M_NAMES_01506,Kannada,0,KAN_M
KAN_M_NAMES_01883,Kannada,1,KAN_M
KAN_M_NAMES_01958,Kannada,0,KAN_M
KAN_M_NAMES_00989,Kannada,1,KAN_M
KAN_M_NAMES_01077,Kannada,1,KAN_M
KAN_M_NAMES_00260,Kannada,1,KAN_M
KAN_M_NAMES_01989,Kannada,1,KAN_M
KAN_M_NAMES_00654,Kannada,0,KAN_M
KAN_M_NAMES_00793,Kannada,1,KAN_M
KAN_M_NAMES_01826,Kannada,1,KAN_M
KAN_M_NAMES_01337,Kannada,1,KAN_M
KAN_M_NAMES_02021,Kannada,0,KAN_M
KAN_M_NAMES_00401,Kannada,0,KAN_M
KAN_M_NAMES_01389,Kannada,1,KAN_M
KAN_M_NAMES_02972,Kannada,1,KAN_M
KAN_M_NAMES_02597,Kannada,1,KAN_M
KAN_M_NAMES_00552,Kannada,0,KAN_M
KAN_M_NAMES_00598,Kannada,1,KAN_M
KAN_M_NAMES_01694,Kannada,0,KAN_M
KAN_M_NAMES_01339,Kannada,1,KAN_M
KAN_M_NAMES_01410,Kannada,0,KAN_M
KAN_M_NAMES_02233,Kannada,0,KAN_M
KAN_M_NAMES_01406,Kannada,0,KAN_M
KAN_M_NAMES_00311,Kannada,1,KAN_M
KAN_M_NAMES_01423,Kannada,0,KAN_M
KAN_M_NAMES_00376,Kannada,1,KAN_M
KAN_M_NAMES_01491,Kannada,1,KAN_M
KAN_M_NAMES_00960,Kannada,1,KAN_M
KAN_M_NAMES_00623,Kannada,1,KAN_M
KAN_M_NAMES_02575,Kannada,1,KAN_M
KAN_M_NAMES_01351,Kannada,0,KAN_M
KAN_M_NAMES_00688,Kannada,0,KAN_M
KAN_M_NAMES_02651,Kannada,0,KAN_M
KAN_M_NAMES_00564,Kannada,1,KAN_M
KAN_M_NAMES_01555,Kannada,1,KAN_M
KAN_M_NAMES_02011,Kannada,0,KAN_M
KAN_M_NAMES_01368,Kannada,0,KAN_M
KAN_M_NAMES_01757,Kannada,0,KAN_M
KAN_M_NAMES_01990,Kannada,1,KAN_M
KAN_M_NAMES_00247,Kannada,0,KAN_M
KAN_M_NAMES_00450,Kannada,1,KAN_M
KAN_M_NAMES_00617,Kannada,0,KAN_M
KAN_M_NAMES_00667,Kannada,1,KAN_M
KAN_M_NAMES_00740,Kannada,0,KAN_M
KAN_M_NAMES_01289,Kannada,1,KAN_M
KAN_M_SAD_00078,Kannada,0,KAN_M
KAN_M_SAD_00285,Kannada,0,KAN_M
KAN_M_SAD_00330,Kannada,0,KAN_M
KAN_M_SAD_00037,Kannada,0,KAN_M
KAN_M_SAD_00046,Kannada,1,KAN_M
KAN_M_SAD_00088,Kannada,0,KAN_M
KAN_M_SAD_00180,Kannada,1,KAN_M
KAN_M_SAD_00412,Kannada,0,KAN_M
KAN_M_SAD_00315,Kannada,0,KAN_M
KAN_M_SAD_00338,Kannada,0,KAN_M
KAN_M_SAD_00467,Kannada,1,KAN_M
KAN_M_SAD_00089,Kannada,1,KAN_M
KAN_M_SAD_00358,Kannada,1,KAN_M
KAN_M_SAD_00296,Kannada,0,KAN_M
KAN_M_SAD_00200,Kannada,1,KAN_M
KAN_M_SAD_00241,Kannada,1,KAN_M
KAN_M_SAD_00226,Kannada,1,KAN_M
KAN_M_SAD_00297,Kannada,1,KAN_M
KAN_M_SAD_00012,Kannada,1,KAN_M
KAN_M_SAD_00254,Kannada,0,KAN_M
KAN_M_SAD_00062,Kannada,0,KAN_M
KAN_M_SAD_00453,Kannada,1,KAN_M
KAN_M_SAD_00359,Kannada,1,KAN_M
KAN_M_SAD_00301,Kannada,1,KAN_M
KAN_M_SAD_00354,Kannada,1,KAN_M
KAN_M_SAD_00379,Kannada,1,KAN_M
KAN_M_SAD_00097,Kannada,1,KAN_M
KAN_M_SAD_00274,Kannada,1,KAN_M
KAN_M_SAD_00223,Kannada,1,KAN_M
KAN_M_SAD_00018,Kannada,0,KAN_M
KAN_M_SAD_00170,Kannada,0,KAN_M
KAN_M_SAD_00111,Kannada,0,KAN_M
KAN_M_SAD_00001,Kannada,1,KAN_M
KAN_M_SAD_00157,Kannada,0,KAN_M
KAN_M_SAD_00324,Kannada,0,KAN_M
KAN_M_SAD_00337,Kannada,0,KAN_M
KAN_M_SAD_00064,Kannada,1,KAN_M
KAN_M_SAD_00388,Kannada,0,KAN_M
KAN_M_SAD_00094,Kannada,1,KAN_M
KAN_M_SAD_00403,Kannada,1,KAN_M
KAN_M_SAD_00372,Kannada,0,KAN_M
KAN_M_SAD_00465,Kannada,1,KAN_M
KAN_M_SAD_00178,Kannada,0,KAN_M
KAN_M_SAD_00140,Kannada,0,KAN_M
KAN_M_SAD_00124,Kannada,0,KAN_M
KAN_M_SAD_00383,Kannada,0,KAN_M
KAN_M_SAD_00030,Kannada,0,KAN_M
KAN_M_SAD_00471,Kannada,0,KAN_M
KAN_M_SAD_00222,Kannada,1,KAN_M
KAN_M_SAD_00160,Kannada,0,KAN_M
KAN_M_SAD_00189,Kannada,0,KAN_M
KAN_M_SAD_00026,Kannada,0,KAN_M
KAN_M_SAD_00146,Kannada,0,KAN_M
KAN_M_SAD_00052,Kannada,1,KAN_M
KAN_M_SAD_00398,Kannada,1,KAN_M
KAN_M_SAD_00166,Kannada,0,KAN_M
KAN_M_SAD_00082,Kannada,1,KAN_M
KAN_M_SAD_00081,Kannada,0,KAN_M
KAN_M_SAD_00044,Kannada,1,KAN_M
KAN_M_SAD_00339,Kannada,1,KAN_M
KAN_M_SAD_00063,Kannada,1,KAN_M
KAN_M_SAD_00217,Kannada,1,KAN_M
KAN_M_SAD_00033,Kannada,1,KAN_M
KAN_M_SAD_00201,Kannada,0,KAN_M
KAN_M_SAD_00415,Kannada,0,KAN_M
KAN_M_SAD_00249,Kannada,1,KAN_M
KAN_M_SAD_00458,Kannada,0,KAN_M
KAN_M_SAD_00127,Kannada,1,KAN_M
KAN_M_SAD_00034,Kannada,1,KAN_M
KAN_M_SAD_00349,Kannada,1,KAN_M
KAN_M_SAD_00291,Kannada,0,KAN_M
KAN_M_SAD_00418,Kannada,0,KAN_M
KAN_M_SAD_00087,Kannada,1,KAN_M
KAN_M_SAD_00234,Kannada,0,KAN_M
KAN_M_SAD_00183,Kannada,0,KAN_M
KAN_M_SAD_00008,Kannada,1,KAN_M
KAN_M_SURPRISE_00216,Kannada,1,KAN_M
KAN_M_SURPRISE_00036,Kannada,0,KAN_M
KAN_M_SURPRISE_00017,Kannada,1,KAN_M
KAN_M_SURPRISE_00429,Kannada,0,KAN_M
KAN_M_SURPRISE_00065,Kannada,1,KAN_M
KAN_M_SURPRISE_00393,Kannada,0,KAN_M
KAN_M_SURPRISE_00093,Kannada,1,KAN_M
KAN_M_SURPRISE_00154,Kannada,1,KAN_M
KAN_M_SURPRISE_00381,Kannada,0,KAN_M
KAN_M_SURPRISE_00165,Kannada,0,KAN_M
KAN_M_SURPRISE_00326,Kannada,0,KAN_M
KAN_M_SURPRISE_00043,Kannada,0,KAN_M
KAN_M_SURPRISE_00373,Kannada,1,KAN_M
KAN_M_SURPRISE_00063,Kannada,0,KAN_M
KAN_M_SURPRISE_00390,Kannada,0,KAN_M
KAN_M_SURPRISE_00400,Kannada,0,KAN_M
KAN_M_SURPRISE_00002,Kannada,1,KAN_M
KAN_M_SURPRISE_00324,Kannada,0,KAN_M
KAN_M_SURPRISE_00461,Kannada,1,KAN_M
KAN_M_SURPRISE_00123,Kannada,1,KAN_M
KAN_M_SURPRISE_00011,Kannada,0,KAN_M
KAN_M_SURPRISE_00244,Kannada,0,KAN_M
KAN_M_SURPRISE_00088,Kannada,1,KAN_M
KAN_M_SURPRISE_00331,Kannada,0,KAN_M
KAN_M_SURPRISE_00356,Kannada,0,KAN_M
KAN_M_SURPRISE_00182,Kannada,1,KAN_M
KAN_M_SURPRISE_00440,Kannada,1,KAN_M
KAN_M_SURPRISE_00222,Kannada,0,KAN_M
KAN_M_SURPRISE_00199,Kannada,1,KAN_M
KAN_M_SURPRISE_00437,Kannada,0,KAN_M
KAN_M_SURPRISE_00028,Kannada,1,KAN_M
KAN_M_SURPRISE_00132,Kannada,1,KAN_M
KAN_M_SURPRISE_00046,Kannada,0,KAN_M
KAN_M_SURPRISE_00291,Kannada,1,KAN_M
KAN_M_SURPRISE_00205,Kannada,0,KAN_M
KAN_M_SURPRISE_00143,Kannada,0,KAN_M
KAN_M_SURPRISE_00073,Kannada,0,KAN_M
KAN_M_SURPRISE_00022,Kannada,0,KAN_M
KAN_M_SURPRISE_00200,Kannada,0,KAN_M
KAN_M_SURPRISE_00238,Kannada,1,KAN_M
KAN_M_SURPRISE_00345,Kannada,1,KAN_M
KAN_M_SURPRISE_00359,Kannada,1,KAN_M
KAN_M_SURPRISE_00030,Kannada,0,KAN_M
KAN_M_SURPRISE_00307,Kannada,1,KAN_M
KAN_M_SURPRISE_00133,Kannada,1,KAN_M
KAN_M_SURPRISE_00162,Kannada,1,KAN_M
KAN_M_SURPRISE_00108,Kannada,0,KAN_M
KAN_M_SURPRISE_00064,Kannada,1,KAN_M
KAN_M_SURPRISE_00007,Kannada,0,KAN_M
KAN_M_SURPRISE_00052,Kannada,0,KAN_M
KAN_M_SURPRISE_00332,Kannada,0,KAN_M
KAN_M_SURPRISE_00191,Kannada,1,KAN_M
KAN_M_SURPRISE_00389,Kannada,0,KAN_M
KAN_M_SURPRISE_00305,Kannada,1,KAN_M
MAL_F_INDIC_00501,Malayalam,1,MAL_F
MAL_F_INDIC_00155,Malayalam,0,MAL_F
MAL_F_INDIC_00456,Malayalam,0,MAL_F
MAL_F_INDIC_00162,Malayalam,1,MAL_F
MAL_F_INDIC_00085,Malayalam,0,MAL_F
MAL_F_INDIC_00224,Malayalam,0,MAL_F
MAL_F_INDIC_00012,Malayalam,0,MAL_F
MAL_F_INDIC_00371,Malayalam,1,MAL_F
MAL_F_INDIC_00120,Malayalam,1,MAL_F
MAL_F_INDIC_00007,Malayalam,1,MAL_F
MAL_F_INDIC_00118,Malayalam,0,MAL_F
MAL_F_INDIC_00426,Malayalam,1,MAL_F
MAL_F_INDIC_00284,Malayalam,1,MAL_F
MAL_F_INDIC_00589,Malayalam,1,MAL_F
MAL_F_INDIC_00251,Malayalam,1,MAL_F
MAL_F_INDIC_00326,Malayalam,0,MAL_F
MAL_F_INDIC_00541,Malayalam,1,MAL_F
MAL_F_INDIC_00534,Malayalam,0,MAL_F
MAL_F_INDIC_00441,Malayalam,1,MAL_F
MAL_F_INDIC_00553,Malayalam,0,MAL_F
MAL_F_INDIC_00186,Malayalam,1,MAL_F
MAL_F_INDIC_00493,Malayalam,1,MAL_F
MAL_F_INDIC_00126,Malayalam,1,MAL_F
MAL_F_INDIC_00036,Malayalam,0,MAL_F
MAL_F_INDIC_00529,Malayalam,1,MAL_F
MAL_F_INDIC_00137,Malayalam,1,MAL_F
MAL_F_INDIC_00094,Malayalam,1,MAL_F
MAL_F_INDIC_00173,Malayalam,0,MAL_F
MAL_F_INDIC_00450,Malayalam,0,MAL_F
MAL_F_INDIC_00098,Malayalam,0,MAL_F
MAL_F_INDIC_00003,Malayalam,1,MAL_F
MAL_F_INDIC_00089,Malayalam,0,MAL_F
MAL_F_INDIC_00076,Malayalam,0,MAL_F
MAL_F_INDIC_00459,Malayalam,0,MAL_F
MAL_F_INDIC_00270,Malayalam,0,MAL_F
MAL_F_INDIC_00082,Malayalam,0,MAL_F
MAL_F_INDIC_00574,Malayalam,0,MAL_F
MAL_F_INDIC_00392,Malayalam,0,MAL_F
MAL_F_INDIC_00106,Malayalam,0,MAL_F
MAL_F_INDIC_00250,Malayalam,1,MAL_F
MAL_F_INDIC_00275,Malayalam,1,MAL_F
MAL_F_INDIC_00464,Malayalam,1,MAL_F
MAL_F_INDIC_00269,Malayalam,0,MAL_F
MAL_F_INDIC_00447,Malayalam,1,MAL_F
MAL_F_INDIC_00448,Malayalam,1,MAL_F
MAL_F_INDIC_00402,Malayalam,0,MAL_F
MAL_F_INDIC_00217,Malayalam,0,MAL_F
MAL_F_INDIC_00086,Malayalam,0,MAL_F
MAL_F_INDIC_00515,Malayalam,1,MAL_F
MAL_F_INDIC_00458,Malayalam,1,MAL_F
MAL_F_INDIC_00333,Malayalam,0,MAL_F
MAL_F_INDIC_00063,Malayalam,0,MAL_F
MAL_F_INDIC_00584,Malayalam,0,MAL_F
MAL_F_INDIC_00350,Malayalam,0,MAL_F
MAL_F_INDIC_00415,Malayalam,0,MAL_F
MAL_F_INDIC_00539,Malayalam,1,MAL_F
MAL_F_INDIC_00183,Malayalam,0,MAL_F
MAL_F_INDIC_00330,Malayalam,1,MAL_F
MAL_F_INDIC_00466,Malayalam,0,MAL_F
MAL_F_INDIC_00011,Malayalam,1,MAL_F
MAL_F_INDIC_00412,Malayalam,1,MAL_F
MAL_F_INDIC_00212,Malayalam,0,MAL_F
MAL_F_INDIC_00367,Malayalam,1,MAL_F
MAL_F_INDIC_00360,Malayalam,1,MAL_F
MAL_F_INDIC_00097,Malayalam,0,MAL_F
MAL_F_INDIC_00093,Malayalam,0,MAL_F
MAL_F_INDIC_00200,Malayalam,0,MAL_F
MAL_F_INDIC_00243,Malayalam,0,MAL_F
MAL_F_INDIC_00453,Malayalam,0,MAL_F
MAL_F_INDIC_00092,Malayalam,1,MAL_F
MAL_F_INDIC_00470,Malayalam,1,MAL_F
MAL_F_INDIC_00318,Malayalam,1,MAL_F
MAL_F_INDIC_00169,Malayalam,1,MAL_F
MAL_F_INDIC_00127,Malayalam,1,MAL_F
MAL_F_INDIC_00195,Malayalam,0,MAL_F
MAL_F_INDIC_00088,Malayalam,1,MAL_F
MAL_F_INDIC_00221,Malayalam,1,MAL_F
MAL_F_INDIC_00596,Malayalam,1,MAL_F
MAL_F_INDIC_00079,Malayalam,1,MAL_F
MAL_F_INDIC_00068,Malayalam,0,MAL_F
MAL_F_INDIC_00073,Malayalam,1,MAL_F
MAL_F_INDIC_00261,Malayalam,0,MAL_F
MAL_F_INDIC_00288,Malayalam,0,MAL_F
MAL_F_INDIC_00175,Malayalam,0,MAL_F
MAL_F_INDIC_00103,Malayalam,0,MAL_F
MAL_F_INDIC_00387,Malayalam,1,MAL_F
MAL_F_INDIC_00207,Malayalam,1,MAL_F
MAL_F_INDIC_00040,Malayalam,0,MAL_F
MAL_F_INDIC_00444,Malayalam,1,MAL_F
MAL_F_INDIC_00409,Malayalam,1,MAL_F
MAL_F_INDIC_00001,Malayalam,1,MAL_F
MAL_F_INDIC_00013,Malayalam,1,MAL_F
MAL_F_INDIC_00339,Malayalam,0,MAL_F
MAL_F_INDIC_00028,Malayalam,1,MAL_F
MAL_F_INDIC_00457,Malayalam,1,MAL_F
MAL_F_INDIC_00535,Malayalam,1,MAL_F
MAL_F_INDIC_00301,Malayalam,0,MAL_F
MAL_F_INDIC_00104,Malayalam,0,MAL_F
MAL_F_INDIC_00512,Malayalam,0,MAL_F
MAL_F_INDIC_00180,Malayalam,0,MAL_F
MAL_F_INDIC_00208,Malayalam,0,MAL_F
MAL_F_INDIC_00595,Malayalam,1,MAL_F
MAL_F_INDIC_00298,Malayalam,1,MAL_F
MAL_F_INDIC_00130,Malayalam,0,MAL_F
MAL_F_INDIC_00021,Malayalam,1,MAL_F
MAL_F_INDIC_00393,Malayalam,0,MAL_F
MAL_F_INDIC_00594,Malayalam,0,MAL_F
MAL_F_INDIC_00442,Malayalam,0,MAL_F
MAL_F_INDIC_00576,Malayalam,0,MAL_F
MAL_F_INDIC_00018,Malayalam,1,MAL_F
MAL_F_INDIC_00449,Malayalam,0,MAL_F
MAL_F_INDIC_00046,Malayalam,1,MAL_F
MAL_F_INDIC_00062,Malayalam,0,MAL_F
MAL_F_INDIC_00168,Malayalam,0,MAL_F
MAL_F_INDIC_00052,Malayalam,1,MAL_F
MAL_F_INDIC_00109,Malayalam,0,MAL_F
MAL_F_INDIC_00233,Malayalam,1,MAL_F
MAL_F_INDIC_00549,Malayalam,1,MAL_F
MAL_F_INDIC_00378,Malayalam,0,MAL_F
MAL_F_INDIC_00492,Malayalam,1,MAL_F
MAL_F_INDIC_00591,Malayalam,1,MAL_F
MAL_F_INDIC_00500,Malayalam,0,MAL_F
MAL_F_INDIC_00452,Malayalam,1,MAL_F
MAL_F_INDIC_00585,Malayalam,1,MAL_F
MAL_F_INDIC_00390,Malayalam,0,MAL_F
MAL_F_INDIC_00182,Malayalam,0,MAL_F
MAL_F_INDIC_00404,Malayalam,0,MAL_F
MAL_F_INDIC_00396,Malayalam,1,MAL_F
MAL_F_INDIC_00491,Malayalam,0,MAL_F
MAL_F_INDIC_00081,Malayalam,0,MAL_F
MAL_F_INDIC_00507,Malayalam,1,MAL_F
MAL_F_INDIC_00474,Malayalam,0,MAL_F
MAL_F_INDIC_00191,Malayalam,1,MAL_F
MAL_F_INDIC_00482,Malayalam,0,MAL_F
MAL_F_BOOK_00505,Malayalam,0,MAL_F
MAL_F_BOOK_01419,Malayalam,0,MAL_F
MAL_F_BOOK_00046,Malayalam,0,MAL_F
MAL_F_BOOK_01353,Malayalam,1,MAL_F
MAL_F_BOOK_00469,Malayalam,0,MAL_F
MAL_F_BOOK_00111,Malayalam,0,MAL_F
MAL_F_BOOK_00365,Malayalam,1,MAL_F
MAL_F_BOOK_00304,Malayalam,0,MAL_F
MAL_F_BOOK_00936,Malayalam,1,MAL_F
MAL_F_BOOK_00066,Malayalam,1,MAL_F
MAL_F_BOOK_00118,Malayalam,1,MAL_F
MAL_F_BOOK_00883,Malayalam,1,MAL_F
MAL_F_BOOK_00555,Malayalam,0,MAL_F
MAL_F_BOOK_00697,Malayalam,1,MAL_F
MAL_F_BOOK_00359,Malayalam,1,MAL_F
MAL_F_BOOK_00396,Malayalam,0,MAL_F
MAL_F_BOOK_00629,Malayalam,1,MAL_F
MAL_F_BOOK_00061,Malayalam,0,MAL_F
MAL_F_BOOK_01055,Malayalam,1,MAL_F
MAL_F_BOOK_00285,Malayalam,1,MAL_F
MAL_F_BOOK_01075,Malayalam,0,MAL_F
MAL_F_BOOK_00491,Malayalam,0,MAL_F
MAL_F_BOOK_01396,Malayalam,0,MAL_F
MAL_F_BOOK_00545,Malayalam,0,MAL_F
MAL_F_BOOK_00536,Malayalam,1,MAL_F
MAL_F_BOOK_00422,Malayalam,1,MAL_F
MAL_F_BOOK_00566,Malayalam,0,MAL_F
MAL_F_BOOK_00923,Malayalam,0,MAL_F
MAL_F_BOOK_01402,Malayalam,0,MAL_F
MAL_F_BOOK_01427,Malayalam,0,MAL_F
MAL_F_BOOK_01063,Malayalam,1,MAL_F
MAL_F_BOOK_00501,Malayalam,0,MAL_F
MAL_F_BOOK_00195,Malayalam,1,MAL_F
MAL_F_BOOK_00904,Malayalam,1,MAL_F
MAL_F_BOOK_01092,Malayalam,0,MAL_F
MAL_F_BOOK_00682,Malayalam,1,MAL_F
MAL_F_BOOK_00252,Malayalam,0,MAL_F
MAL_F_BOOK_00443,Malayalam,0,MAL_F
MAL_F_BOOK_01394,Malayalam,0,MAL_F
MAL_F_BOOK_00255,Malayalam,1,MAL_F
MAL_F_BOOK_01230,Malayalam,1,MAL_F
MAL_F_BOOK_00989,Malayalam,1,MAL_F
MAL_F_BOOK_00718,Malayalam,1,MAL_F
MAL_F_BOOK_00494,Malayalam,0,MAL_F
MAL_F_BOOK_00849,Malayalam,1,MAL_F
MAL_F_BOOK_00784,Malayalam,1,MAL_F
MAL_F_BOOK_00130,Malayalam,0,MAL_F
MAL_F_BOOK_01074,Malayalam,1,MAL_F
MAL_F_BOOK_00032,Malayalam,0,MAL_F
MAL_F_BOOK_00700,Malayalam,0,MAL_F
MAL_F_BOOK_00189,Malayalam,1,MAL_F
MAL_F_BOOK_00427,Malayalam,1,MAL_F
MAL_F_BOOK_01105,Malayalam,1,MAL_F
MAL_F_BOOK_01167,Malayalam,0,MAL_F
MAL_F_BOOK_00451,Malayalam,1,MAL_F
MAL_F_BOOK_00897,Malayalam,1,MAL_F
MAL_F_BOOK_01121,Malayalam,0,MAL_F
MAL_F_BOOK_01232,Malayalam,1,MAL_F
MAL_F_BOOK_00877,Malayalam,0,MAL_F
MAL_F_BOOK_00362,Malayalam,1,MAL_F
MAL_F_BOOK_00210,Malayalam,0,MAL_F
MAL_F_BOOK_01302,Malayalam,0,MAL_F
MAL_F_BOOK_00474,Malayalam,1,MAL_F
MAL_F_BOOK_00789,Malayalam,1,MAL_F
MAL_F_BOOK_00125,Malayalam,1,MAL_F
MAL_F_BOOK_00975,Malayalam,0,MAL_F
MAL_F_BOOK_00792,Malayalam,0,MAL_F
MAL_F_BOOK_01126,Malayalam,0,MAL_F
MAL_F_BOOK_01158,Malayalam,1,MAL_F
MAL_F_BOOK_00358,Malayalam,0,MAL_F
MAL_F_BOOK_00340,Malayalam,1,MAL_F
MAL_F_BOOK_00747,Malayalam,1,MAL_F
MAL_F_BOOK_00071,Malayalam,0,MAL_F
MAL_F_BOOK_00980,Malayalam,1,MAL_F
MAL_F_BOOK_00441,Malayalam,0,MAL_F
MAL_F_BOOK_00410,Malayalam,0,MAL_F
MAL_F_BOOK_01222,Malayalam,1,MAL_F
MAL_F_BOOK_00510,Malayalam,1,MAL_F
MAL_F_BOOK_01108,Malayalam,0,MAL_F
MAL_F_BOOK_01243,Malayalam,0,MAL_F
MAL_F_BOOK_00150,Malayalam,1,MAL_F
MAL_F_BOOK_01010,Malayalam,0,MAL_F
MAL_F_BOOK_01155,Malayalam,0,MAL_F
MAL_F_BOOK_01183,Malayalam,1,MAL_F
MAL_F_BOOK_00251,Malayalam,0,MAL_F
MAL_F_BOOK_00821,Malayalam,0,MAL_F
MAL_F_BOOK_01426,Malayalam,0,MAL_F
MAL_F_BOOK_00464,Malayalam,1,MAL_F
MAL_F_BOOK_01005,Malayalam,1,MAL_F
MAL_F_BOOK_00106,Malayalam,0,MAL_F
MAL_F_BOOK_01283,Malayalam,0,MAL_F
MAL_F_BOOK_01097,Malayalam,0,MAL_F
MAL_F_BOOK_00602,Malayalam,0,MAL_F
MAL_F_BOOK_00380,Malayalam,1,MAL_F
MAL_F_BOOK_00169,Malayalam,1,MAL_F
MAL_F_BOOK_00577,Malayalam,1,MAL_F
MAL_F_BOOK_00116,Malayalam,0,MAL_F
MAL_F_BOOK_00529,Malayalam,1,MAL_F
MAL_F_BOOK_01400,Malayalam,1,MAL_F
MAL_F_BOOK_01030,Malayalam,1,MAL_F
MAL_F_BOOK_00880,Malayalam,0,MAL_F
MAL_F_BOOK_00746,Malayalam,1,MAL_F
MAL_F_BOOK_00402,Malayalam,1,MAL_F
MAL_F_BOOK_01082,Malayalam,0,MAL_F
MAL_F_BOOK_01166,Malayalam,1,MAL_F
MAL_F_BOOK_01332,Malayalam,0,MAL_F
MAL_F_BOOK_00514,Malayalam,0,MAL_F
MAL_F_BOOK_00313,Malayalam,0,MAL_F
MAL_F_BOOK_00428,Malayalam,0,MAL_F
MAL_F_BOOK_00625,Malayalam,0,MAL_F
MAL_F_BOOK_01274,Malayalam,0,MAL_F
MAL_F_BOOK_00136,Malayalam,0,MAL_F
MAL_F_BOOK_00673,Malayalam,1,MAL_F
MAL_F_BOOK_00615,Malayalam,0,MAL_F
MAL_F_BOOK_01301,Malayalam,1,MAL_F
MAL_F_BOOK_01436,Malayalam,0,MAL_F
MAL_F_BOOK_00733,Malayalam,1,MAL_F
MAL_F_BOOK_01114,Malayalam,0,MAL_F
MAL_F_BOOK_00584,Malayalam,0,MAL_F
MAL_F_BOOK_00788,Malayalam,1,MAL_F
MAL_F_BOOK_00676,Malayalam,1,MAL_F
MAL_F_BOOK_00978,Malayalam,1,MAL_F
MAL_F_BOOK_00736,Malayalam,0,MAL_F
MAL_F_BOOK_00831,Malayalam,1,MAL_F
MAL_F_BOOK_00913,Malayalam,0,MAL_F
MAL_F_BOOK_00483,Malayalam,1,MAL_F
MAL_F_BOOK_00473,Malayalam,1,MAL_F
MAL_F_BOOK_01132,Malayalam,1,MAL_F
MAL_F_BOOK_00296,Malayalam,0,MAL_F
MAL_F_BOOK_01044,Malayalam,0,MAL_F
MAL_F_BOOK_00420,Malayalam,1,MAL_F
MAL_F_BOOK_01029,Malayalam,0,MAL_F
MAL_F_BOOK_01291,Malayalam,1,MAL_F
MAL_F_BOOK_00468,Malayalam,1,MAL_F
MAL_F_BOOK_00138,Malayalam,1,MAL_F
MAL_F_BOOK_00558,Malayalam,0,MAL_F
MAL_F_BOOK_00369,Malayalam,0,MAL_F
MAL_F_BOOK_00388,Malayalam,1,MAL_F
MAL_F_BOOK_01064,Malayalam,1,MAL_F
MAL_F_BOOK_01009,Malayalam,0,MAL_F
MAL_F_BOOK_00853,Malayalam,1,MAL_F
MAL_F_BOOK_01053,Malayalam,1,MAL_F
MAL_F_BOOK_00113,Malayalam,1,MAL_F
MAL_F_WIKI_01184,Malayalam,1,MAL_F
MAL_F_WIKI_00905,Malayalam,0,MAL_F
MAL_F_WIKI_03130,Malayalam,0,MAL_F
MAL_F_WIKI_02532,Malayalam,0,MAL_F
MAL_F_WIKI_02315,Malayalam,1,MAL_F
MAL_F_WIKI_00545,Malayalam,0,MAL_F
MAL_F_WIKI_01867,Malayalam,0,MAL_F
MAL_F_WIKI_00740,Malayalam,1,MAL_F
MAL_F_WIKI_00961,Malayalam,0,MAL_F
MAL_F_WIKI_01549,Malayalam,1,MAL_F
MAL_F_WIKI_01193,Malayalam,1,MAL_F
MAL_F_WIKI_01719,Malayalam,0,MAL_F
MAL_F_WIKI_00690,Malayalam,0,MAL_F
MAL_F_WIKI_02263,Malayalam,0,MAL_F
MAL_F_WIKI_01414,Malayalam,1,MAL_F
MAL_F_WIKI_02769,Malayalam,0,MAL_F
MAL_F_WIKI_02029,Malayalam,1,MAL_F
MAL_F_WIKI_01498,Malayalam,1,MAL_F
MAL_F_WIKI_00263,Malayalam,1,MAL_F
MAL_F_WIKI_02575,Malayalam,0,MAL_F
MAL_F_WIKI_02122,Malayalam,0,MAL_F
MAL_F_WIKI_00484,Malayalam,0,MAL_F
MAL_F_WIKI_01727,Malayalam,1,MAL_F
MAL_F_WIKI_01032,Malayalam,0,MAL_F
MAL_F_WIKI_00442,Malayalam,0,MAL_F
MAL_F_WIKI_00822,Malayalam,1,MAL_F
MAL_F_WIKI_03142,Malayalam,0,MAL_F
MAL_F_WIKI_02936,Malayalam,0,MAL_F
MAL_F_WIKI_01739,Malayalam,1,MAL_F
MAL_F_WIKI_00056,Malayalam,0,MAL_F
MAL_F_WIKI_01347,Malayalam,0,MAL_F
MAL_F_WIKI_00453,Malayalam,0,MAL_F
MAL_F_WIKI_02909,Malayalam,1,MAL_F
MAL_F_WIKI_03004,Malayalam,1,MAL_F
MAL_F_WIKI_00776,Malayalam,0,MAL_F
MAL_F_WIKI_02811,Malayalam,1,MAL_F
MAL_F_WIKI_01963,Malayalam,0,MAL_F
MAL_F_WIKI_03136,Malayalam,0,MAL_F
MAL_F_WIKI_02147,Malayalam,1,MAL_F
MAL_F_WIKI_00363,Malayalam,0,MAL_F
MAL_F_WIKI_02930,Malayalam,0,MAL_F
MAL_F_WIKI_03144,Malayalam,0,MAL_F
MAL_F_WIKI_00984,Malayalam,0,MAL_F
MAL_F_WIKI_00175,Malayalam,0,MAL_F
MAL_F_WIKI_02209,Malayalam,1,MAL_F
MAL_F_WIKI_01985,Malayalam,0,MAL_F
MAL_F_WIKI_01408,Malayalam,1,MAL_F
MAL_F_WIKI_02371,Malayalam,1,MAL_F
MAL_F_WIKI_03098,Malayalam,0,MAL_F
MAL_F_WIKI_02729,Malayalam,1,MAL_F
MAL_F_WIKI_01403,Malayalam,0,MAL_F
MAL_F_WIKI_02405,Malayalam,1,MAL_F
MAL_F_WIKI_01065,Malayalam,0,MAL_F
MAL_F_WIKI_02331,Malayalam,0,MAL_F
MAL_F_WIKI_03054,Malayalam,0,MAL_F
MAL_F_WIKI_01358,Malayalam,1,MAL_F
MAL_F_WIKI_02434,Malayalam,0,MAL_F
MAL_F_WIKI_00593,Malayalam,0,MAL_F
MAL_F_WIKI_01844,Malayalam,0,MAL_F
MAL_F_WIKI_01374,Malayalam,1,MAL_F
MAL_F_WIKI_01279,Malayalam,1,MAL_F
MAL_F_WIKI_02339,Malayalam,0,MAL_F
MAL_F_WIKI_02400,Malayalam,1,MAL_F
MAL_F_WIKI_00213,Malayalam,1,MAL_F
MAL_F_WIKI_00276,Malayalam,0,MAL_F
MAL_F_WIKI_00146,Malayalam,0,MAL_F
MAL_F_WIKI_00546,Malayalam,1,MAL_F
MAL_F_WIKI_00689,Malayalam,1,MAL_F
MAL_F_WIKI_02503,Malayalam,1,MAL_F
MAL_F_WIKI_02738,Malayalam,0,MAL_F
MAL_F_WIKI_02839,Malayalam,1,MAL_F
MAL_F_WIKI_02963,Malayalam,0,MAL_F
MAL_F_WIKI_00667,Malayalam,1,MAL_F
MAL_F_WIKI_00854,Malayalam,0,MAL_F
MAL_F_WIKI_01970,Malayalam,0,MAL_F
MAL_F_WIKI_01316,Malayalam,1,MAL_F
MAL_F_WIKI_01808,Malayalam,1,MAL_F
MAL_F_WIKI_01984,Malayalam,0,MAL_F
MAL_F_WIKI_00300,Malayalam,1,MAL_F
MAL_F_WIKI_02305,Malayalam,1,MAL_F
MAL_F_WIKI_02237,Malayalam,1,MAL_F
MAL_F_WIKI_02752,Malayalam,0,MAL_F
MAL_F_WIKI_00826,Malayalam,1,MAL_F
MAL_F_WIKI_00112,Malayalam,0,MAL_F
MAL_F_WIKI_00366,Malayalam,1,MAL_F
MAL_F_WIKI_01785,Malayalam,0,MAL_F
MAL_F_WIKI_02596,Malayalam,1,MAL_F
MAL_F_WIKI_02782,Malayalam,1,MAL_F
MAL_F_WIKI_02185,Malayalam,0,MAL_F
MAL_F_WIKI_01505,Malayalam,1,MAL_F
MAL_F_WIKI_02614,Malayalam,1,MAL_F
MAL_F_WIKI_01940,Malayalam,1,MAL_F
MAL_F_WIKI_02566,Malayalam,0,MAL_F
MAL_F_WIKI_00677,Malayalam,1,MAL_F
MAL_F_WIKI_00565,Malayalam,1,MAL_F
MAL_F_WIKI_00802,Malayalam,0,MAL_F
MAL_F_WIKI_00156,Malayalam,1,MAL_F
MAL_F_WIKI_01683,Malayalam,0,MAL_F
MAL_F_WIKI_01687,Malayalam,0,MAL_F
MAL_F_WIKI_03151,Malayalam,1,MAL_F
MAL_F_WIKI_01657,Malayalam,1,MAL_F
MAL_F_WIKI_00576,Malayalam,1,MAL_F
MAL_F_WIKI_02177,Malayalam,0,MAL_F
MAL_F_WIKI_00109,Malayalam,1,MAL_F
MAL_F_WIKI_00972,Malayalam,1,MAL_F
MAL_F_WIKI_02366,Malayalam,1,MAL_F
MAL_F_WIKI_02680,Malayalam,0,MAL_F
MAL_F_WIKI_02774,Malayalam,1,MAL_F
MAL_F_WIKI_02069,Malayalam,0,MAL_F
MAL_F_WIKI_02365,Malayalam,1,MAL_F
MAL_F_WIKI_00377,Malayalam,1,MAL_F
MAL_F_WIKI_03192,Malayalam,1,MAL_F
MAL_F_WIKI_01394,Malayalam,0,MAL_F
MAL_F_WIKI_00592,Malayalam,1,MAL_F
MAL_F_WIKI_00401,Malayalam,0,MAL_F
MAL_F_WIKI_01512,Malayalam,0,MAL_F
MAL_F_WIKI_02707,Malayalam,1,MAL_F
MAL_F_WIKI_02338,Malayalam,0,MAL_F
MAL_F_WIKI_00168,Malayalam,0,MAL_F
MAL_F_WIKI_02842,Malayalam,0,MAL_F
MAL_F_WIKI_01084,Malayalam,1,MAL_F
MAL_F_WIKI_00104,Malayalam,0,MAL_F
MAL_F_WIKI_00760,Malayalam,1,MAL_F
MAL_F_WIKI_01131,Malayalam,1,MAL_F
MAL_F_WIKI_01973,Malayalam,1,MAL_F
MAL_F_WIKI_00566,Malayalam,0,MAL_F
MAL_F_WIKI_00454,Malayalam,1,MAL_F
MAL_F_WIKI_02193,Malayalam,0,MAL_F
MAL_F_WIKI_02214,Malayalam,1,MAL_F
MAL_F_WIKI_01617,Malayalam,1,MAL_F
MAL_F_WIKI_01626,Malayalam,1,MAL_F
MAL_F_WIKI_01552,Malayalam,1,MAL_F
MAL_F_WIKI_03024,Malayalam,0,MAL_F
MAL_F_WIKI_02625,Malayalam,0,MAL_F
MAL_F_WIKI_00284,Malayalam,0,MAL_F
MAL_F_WIKI_01903,Malayalam,0,MAL_F
MAL_F_WIKI_01749,Malayalam,1,MAL_F
MAL_F_WIKI_00642,Malayalam,0,MAL_F
MAL_F_WIKI_01980,Malayalam,0,MAL_F
MAL_F_WIKI_00978,Malayalam,1,MAL_F
MAL_F_WIKI_00653,Malayalam,1,MAL_F
MAL_F_WIKI_00397,Malayalam,1,MAL_F
MAL_F_WIKI_02583,Malayalam,0,MAL_F
MAL_F_NEWS_00809,Malayalam,1,MAL_F
MAL_F_NEWS_00790,Malayalam,0,MAL_F
MAL_F_NEWS_00095,Malayalam,0,MAL_F
MAL_F_NEWS_01221,Malayalam,1,MAL_F
MAL_F_NEWS_00992,Malayalam,0,MAL_F
MAL_F_NEWS_00888,Malayalam,0,MAL_F
MAL_F_NEWS_00389,Malayalam,1,MAL_F
MAL_F_NEWS_01269,Malayalam,0,MAL_F
MAL_F_NEWS_00423,Malayalam,0,MAL_F
MAL_F_NEWS_00405,Malayalam,1,MAL_F
MAL_F_NEWS_00141,Malayalam,1,MAL_F
MAL_F_NEWS_00179,Malayalam,1,MAL_F
MAL_F_NEWS_00715,Malayalam,1,MAL_F
MAL_F_NEWS_01260,Malayalam,1,MAL_F
MAL_F_NEWS_00270,Malayalam,1,MAL_F
MAL_F_NEWS_00310,Malayalam,0,MAL_F
MAL_F_NEWS_00689,Malayalam,1,MAL_F
MAL_F_NEWS_00134,Malayalam,1,MAL_F
MAL_F_NEWS_00929,Malayalam,0,MAL_F
MAL_F_NEWS_00365,Malayalam,1,MAL_F
MAL_F_NEWS_00403,Malayalam,0,MAL_F
MAL_F_NEWS_00584,Malayalam,0,MAL_F
MAL_F_NEWS_00072,Malayalam,1,MAL_F
MAL_F_NEWS_00570,Malayalam,0,MAL_F
MAL_F_NEWS_01079,Malayalam,1,MAL_F
MAL_F_NEWS_00672,Malayalam,1,MAL_F
MAL_F_NEWS_00042,Malayalam,1,MAL_F
MAL_F_NEWS_01130,Malayalam,1,MAL_F
MAL_F_NEWS_00711,Malayalam,1,MAL_F
MAL_F_NEWS_00683,Malayalam,0,MAL_F
MAL_F_NEWS_00921,Malayalam,1,MAL_F
MAL_F_NEWS_00609,Malayalam,1,MAL_F
MAL_F_NEWS_00144,Malayalam,0,MAL_F
MAL_F_NEWS_01158,Malayalam,1,MAL_F
MAL_F_NEWS_00825,Malayalam,0,MAL_F
MAL_F_NEWS_00754,Malayalam,0,MAL_F
MAL_F_NEWS_00830,Malayalam,1,MAL_F
MAL_F_NEWS_00045,Malayalam,1,MAL_F
MAL_F_NEWS_00980,Malayalam,1,MAL_F
MAL_F_NEWS_01111,Malayalam,1,MAL_F
MAL_F_NEWS_00642,Malayalam,0,MAL_F
MAL_F_NEWS_00600,Malayalam,0,MAL_F
MAL_F_NEWS_00872,Malayalam,0,MAL_F
MAL_F_NEWS_00755,Malayalam,1,MAL_F
MAL_F_NEWS_00596,Malayalam,0,MAL_F
MAL_F_NEWS_00995,Malayalam,0,MAL_F
MAL_F_NEWS_00640,Malayalam,1,MAL_F
MAL_F_NEWS_00227,Malayalam,0,MAL_F
MAL_F_NEWS_01220,Malayalam,0,MAL_F
MAL_F_NEWS_00686,Malayalam,1,MAL_F
MAL_F_NEWS_01026,Malayalam,0,MAL_F
MAL_F_NEWS_00411,Malayalam,0,MAL_F
MAL_F_NEWS_00002,Malayalam,0,MAL_F
MAL_F_NEWS_01242,Malayalam,0,MAL_F
MAL_F_NEWS_00948,Malayalam,1,MAL_F
MAL_F_NEWS_00278,Malayalam,0,MAL_F
MAL_F_NEWS_00421,Malayalam,0,MAL_F
MAL_F_NEWS_00534,Malayalam,0,MAL_F
MAL_F_NEWS_00838,Malayalam,0,MAL_F
MAL_F_NEWS_00463,Malayalam,0,MAL_F
MAL_F_NEWS_00369,Malayalam,1,MAL_F
MAL_F_NEWS_01007,Malayalam,1,MAL_F
MAL_F_NEWS_00582,Malayalam,0,MAL_F
MAL_F_NEWS_00116,Malayalam,1,MAL_F
MAL_F_NEWS_00940,Malayalam,0,MAL_F
MAL_F_NEWS_00357,Malayalam,1,MAL_F
MAL_F_NEWS_00119,Malayalam,1,MAL_F
MAL_F_NEWS_00480,Malayalam,0,MAL_F
MAL_F_NEWS_00850,Malayalam,0,MAL_F
MAL_F_NEWS_00562,Malayalam,0,MAL_F
MAL_F_NEWS_01110,Malayalam,1,MAL_F
MAL_F_NEWS_00548,Malayalam,1,MAL_F
MAL_F_NEWS_00082,Malayalam,1,MAL_F
MAL_F_NEWS_01229,Malayalam,1,MAL_F
MAL_F_NEWS_00349,Malayalam,0,MAL_F
MAL_F_NEWS_00680,Malayalam,0,MAL_F
MAL_F_NEWS_01087,Malayalam,1,MAL_F
MAL_F_NEWS_00415,Malayalam,0,MAL_F
MAL_F_NEWS_00033,Malayalam,0,MAL_F
MAL_F_NEWS_01293,Malayalam,0,MAL_F
MAL_F_NEWS_00985,Malayalam,0,MAL_F
MAL_F_NEWS_00601,Malayalam,1,MAL_F
MAL_F_NEWS_00558,Malayalam,0,MAL_F
MAL_F_NEWS_00598,Malayalam,0,MAL_F
MAL_F_NEWS_00281,Malayalam,1,MAL_F
MAL_F_NEWS_00434,Malayalam,0,MAL_F
MAL_F_NEWS_00148,Malayalam,1,MAL_F
MAL_F_NEWS_00795,Malayalam,1,MAL_F
MAL_F_NEWS_01225,Malayalam,0,MAL_F
MAL_F_NEWS_01170,Malayalam,1,MAL_F
MAL_F_NEWS_01088,Malayalam,0,MAL_F
MAL_F_NEWS_00789,Malayalam,1,MAL_F
MAL_F_NEWS_00664,Malayalam,1,MAL_F
MAL_F_NEWS_01120,Malayalam,1,MAL_F
MAL_F_NEWS_00238,Malayalam,1,MAL_F
MAL_F_NEWS_00445,Malayalam,1,MAL_F
MAL_F_NEWS_00070,Malayalam,0,MAL_F
MAL_F_NEWS_00182,Malayalam,0,MAL_F
MAL_F_NEWS_00257,Malayalam,1,MAL_F
MAL_F_NEWS_00249,Malayalam,1,MAL_F
MAL_F_NEWS_00102,Malayalam,1,MAL_F
MAL_F_NEWS_01123,Malayalam,0,MAL_F
MAL_F_NEWS_00016,Malayalam,0,MAL_F
MAL_F_NEWS_00662,Malayalam,1,MAL_F
MAL_F_NEWS_01245,Malayalam,0,MAL_F
MAL_F_NEWS_00867,Malayalam,0,MAL_F
MAL_F_NEWS_01059,Malayalam,0,MAL_F
MAL_F_NEWS_00691,Malayalam,0,MAL_F
MAL_F_NEWS_00511,Malayalam,1,MAL_F
MAL_F_NEWS_00951,Malayalam,1,MAL_F
MAL_F_NEWS_00381,Malayalam,0,MAL_F
MAL_F_NEWS_00500,Malayalam,0,MAL_F
MAL_F_NEWS_00129,Malayalam,0,MAL_F
MAL_F_NEWS_00112,Malayalam,0,MAL_F
MAL_F_NEWS_00553,Malayalam,0,MAL_F
MAL_F_NEWS_00594,Malayalam,0,MAL_F
MAL_F_NEWS_01238,Malayalam,1,MAL_F
MAL_F_NEWS_00538,Malayalam,0,MAL_F
MAL_F_NEWS_00579,Malayalam,1,MAL_F
MAL_F_NEWS_00231,Malayalam,1,MAL_F
MAL_F_NEWS_01017,Malayalam,0,MAL_F
MAL_F_NEWS_00388,Malayalam,1,MAL_F
MAL_F_NEWS_00204,Malayalam,1,MAL_F
MAL_F_NEWS_00842,Malayalam,1,MAL_F
MAL_F_NEWS_01200,Malayalam,0,MAL_F
MAL_F_NEWS_00302,Malayalam,1,MAL_F
MAL_F_NEWS_01043,Malayalam,0,MAL_F
MAL_F_NEWS_00624,Malayalam,1,MAL_F
MAL_F_NEWS_00309,Malayalam,0,MAL_F
MAL_F_NEWS_00295,Malayalam,0,MAL_F
MAL_F_NEWS_01095,Malayalam,1,MAL_F
MAL_F_NEWS_01186,Malayalam,1,MAL_F
MAL_F_NEWS_00105,Malayalam,1,MAL_F
MAL_F_NEWS_01153,Malayalam,1,MAL_F
MAL_F_NEWS_00793,Malayalam,0,MAL_F
MAL_F_NEWS_00372,Malayalam,1,MAL_F
MAL_F_NEWS_00731,Malayalam,1,MAL_F
MAL_F_NEWS_00613,Malayalam,0,MAL_F
MAL_F_NEWS_00058,Malayalam,1,MAL_F
MAL_F_NEWS_00044,Malayalam,1,MAL_F
MAL_F_NEWS_00950,Malayalam,0,MAL_F
MAL_F_NEWS_00173,Malayalam,0,MAL_F
MAL_F_NEWS_00077,Malayalam,0,MAL_F
MAL_F_NAMES_01826,Malayalam,1,MAL_F
MAL_F_NAMES_02146,Malayalam,0,MAL_F
MAL_F_NAMES_00373,Malayalam,0,MAL_F
MAL_F_NAMES_02141,Malayalam,1,MAL_F
MAL_F_NAMES_01215,Malayalam,1,MAL_F
MAL_F_NAMES_01830,Malayalam,1,MAL_F
MAL_F_NAMES_00605,Malayalam,0,MAL_F
MAL_F_NAMES_02328,Malayalam,1,MAL_F
MAL_F_NAMES_00643,Malayalam,1,MAL_F
MAL_F_NAMES_02355,Malayalam,1,MAL_F
MAL_F_NAMES_02491,Malayalam,0,MAL_F
MAL_F_NAMES_00330,Malayalam,1,MAL_F
MAL_F_NAMES_01239,Malayalam,0,MAL_F
MAL_F_NAMES_00775,Malayalam,1,MAL_F
MAL_F_NAMES_02166,Malayalam,1,MAL_F
MAL_F_NAMES_02156,Malayalam,0,MAL_F
MAL_F_NAMES_01610,Malayalam,0,MAL_F
MAL_F_NAMES_00594,Malayalam,0,MAL_F
MAL_F_NAMES_02772,Malayalam,0,MAL_F
MAL_F_NAMES_00760,Malayalam,0,MAL_F
MAL_F_NAMES_01234,Malayalam,0,MAL_F
MAL_F_NAMES_00835,Malayalam,1,MAL_F
MAL_F_NAMES_00094,Malayalam,0,MAL_F
MAL_F_NAMES_02550,Malayalam,1,MAL_F
MAL_F_NAMES_01773,Malayalam,0,MAL_F
MAL_F_NAMES_00303,Malayalam,0,MAL_F
MAL_F_NAMES_00271,Malayalam,0,MAL_F
MAL_F_NAMES_02790,Malayalam,1,MAL_F
MAL_F_NAMES_01809,Malayalam,1,MAL_F
MAL_F_NAMES_00196,Malayalam,1,MAL_F
MAL_F_NAMES_00683,Malayalam,1,MAL_F
MAL_F_NAMES_02170,Malayalam,1,MAL_F
MAL_F_NAMES_00361,Malayalam,1,MAL_F
MAL_F_NAMES_00980,Malayalam,0,MAL_F
MAL_F_NAMES_00358,Malayalam,1,MAL_F
MAL_F_NAMES_01715,Malayalam,0,MAL_F
MAL_F_NAMES_01202,Malayalam,1,MAL_F
MAL_F_NAMES_00963,Malayalam,0,MAL_F
MAL_F_NAMES_02244,Malayalam,1,MAL_F
MAL_F_NAMES_02526,Malayalam,1,MAL_F
MAL_F_NAMES_01850,Malayalam,1,MAL_F
MAL_F_NAMES_00834,Malayalam,1,MAL_F
MAL_F_NAMES_00753,Malayalam,0,MAL_F
MAL_F_NAMES_00115,Malayalam,0,MAL_F
MAL_F_NAMES_02173,Malayalam,0,MAL_F
MAL_F_NAMES_00852,Malayalam,0,MAL_F
MAL_F_NAMES_00107,Malayalam,0,MAL_F
MAL_F_NAMES_02326,Malayalam,0,MAL_F
MAL_F_NAMES_02349,Malayalam,1,MAL_F
MAL_F_NAMES_01015,Malayalam,0,MAL_F
MAL_F_NAMES_00520,Malayalam,0,MAL_F
MAL_F_NAMES_00711,Malayalam,0,MAL_F
MAL_F_NAMES_00332,Malayalam,1,MAL_F
MAL_F_NAMES_00754,Malayalam,0,MAL_F
MAL_F_NAMES_00803,Malayalam,0,MAL_F
MAL_F_NAMES_00906,Malayalam,1,MAL_F
MAL_F_NAMES_02525,Malayalam,1,MAL_F
MAL_F_NAMES_02210,Malayalam,0,MAL_F
MAL_F_NAMES_02332,Malayalam,1,MAL_F
MAL_F_NAMES_02194,Malayalam,0,MAL_F
MAL_F_NAMES_00346,Malayalam,1,MAL_F
MAL_F_NAMES_01617,Malayalam,1,MAL_F
MAL_F_NAMES_01210,Malayalam,0,MAL_F
MAL_F_NAMES_00203,Malayalam,1,MAL_F
MAL_F_NAMES_00336,Malayalam,1,MAL_F
MAL_F_NAMES_01751,Malayalam,0,MAL_F
MAL_F_NAMES_00983,Malayalam,1,MAL_F
MAL_F_NAMES_02364,Malayalam,0,MAL_F
MAL_F_NAMES_02126,Malayalam,0,MAL_F
MAL_F_NAMES_00223,Malayalam,0,MAL_F
MAL_F_NAMES_00666,Malayalam,0,MAL_F
MAL_F_NAMES_02469,Malayalam,0,MAL_F
MAL_F_NAMES_00686,Malayalam,0,MAL_F
MAL_F_NAMES_00357,Malayalam,1,MAL_F
MAL_F_NAMES_01869,Malayalam,1,MAL_F
MAL_F_NAMES_01833,Malayalam,1,MAL_F
MAL_F_NAMES_00296,Malayalam,1,MAL_F
MAL_F_NAMES_00354,Malayalam,1,MAL_F
MAL_F_NAMES_00827,Malayalam,0,MAL_F
MAL_F_NAMES_01224,Malayalam,1,MAL_F
MAL_F_NAMES_02407,Malayalam,1,MAL_F
MAL_F_NAMES_00116,Malayalam,1,MAL_F
MAL_F_NAMES_00366,Malayalam,1,MAL_F
MAL_F_NAMES_02228,Malayalam,1,MAL_F
MAL_F_NAMES_01822,Malayalam,1,MAL_F
MAL_F_NAMES_00355,Malayalam,1,MAL_F
MAL_F_NAMES_00940,Malayalam,0,MAL_F
MAL_F_NAMES_00933,Malayalam,0,MAL_F
MAL_F_NAMES_02515,Malayalam,1,MAL_F
MAL_F_NAMES_01228,Malayalam,1,MAL_F
MAL_F_NAMES_00655,Malayalam,1,MAL_F
MAL_F_NAMES_02441,Malayalam,1,MAL_F
MAL_F_NAMES_00679,Malayalam,0,MAL_F
MAL_F_NAMES_00809,Malayalam,0,MAL_F
MAL_F_NAMES_02134,Malayalam,1,MAL_F
MAL_F_NAMES_02458,Malayalam,1,MAL_F
MAL_F_NAMES_01615,Malayalam,1,MAL_F
MAL_F_NAMES_00113,Malayalam,0,MAL_F
MAL_F_NAMES_02316,Malayalam,1,MAL_F
MAL_F_NAMES_02443,Malayalam,0,MAL_F
MAL_F_NAMES_01251,Malayalam,0,MAL_F
MAL_F_NAMES_02769,Malayalam,1,MAL_F
MAL_F_NAMES_02211,Malayalam,1,MAL_F
MAL_F_NAMES_00362,Malayalam,0,MAL_F
MAL_F_NAMES_02363,Malayalam,1,MAL_F
MAL_F_NAMES_02795,Malayalam,0,MAL_F
MAL_F_NAMES_00974,Malayalam,0,MAL_F
MAL_F_NAMES_01231,Malayalam,0,MAL_F
MAL_F_NAMES_00651,Malayalam,0,MAL_F
MAL_F_NAMES_00763,Malayalam,1,MAL_F
MAL_F_NAMES_00670,Malayalam,0,MAL_F
MAL_F_NAMES_00604,Malayalam,0,MAL_F
MAL_F_NAMES_02417,Malayalam,1,MAL_F
MAL_F_NAMES_01621,Malayalam,0,MAL_F
MAL_F_NAMES_00714,Malayalam,1,MAL_F
MAL_F_NAMES_01665,Malayalam,0,MAL_F
MAL_F_NAMES_01747,Malayalam,0,MAL_F
MAL_F_NAMES_00353,Malayalam,0,MAL_F
MAL_F_NAMES_02797,Malayalam,0,MAL_F
MAL_F_NAMES_00842,Malayalam,1,MAL_F
MAL_F_NAMES_00794,Malayalam,1,MAL_F
MAL_F_NAMES_02242,Malayalam,0,MAL_F
MAL_F_NAMES_01584,Malayalam,1,MAL_F
MAL_F_NAMES_00642,Malayalam,1,MAL_F
MAL_F_NAMES_00877,Malayalam,0,MAL_F
MAL_F_NAMES_00345,Malayalam,0,MAL_F
MAL_F_NAMES_02489,Malayalam,0,MAL_F
MAL_F_NAMES_00621,Malayalam,0,MAL_F
MAL_F_NAMES_00378,Malayalam,1,MAL_F
MAL_F_NAMES_02162,Malayalam,1,MAL_F
MAL_F_NAMES_00321,Malayalam,0,MAL_F
MAL_F_NAMES_00124,Malayalam,0,MAL_F
MAL_F_NAMES_00702,Malayalam,0,MAL_F
MAL_F_NAMES_00786,Malayalam,0,MAL_F
MAL_F_NAMES_00368,Malayalam,1,MAL_F
MAL_F_NAMES_02313,Malayalam,0,MAL_F
MAL_F_NAMES_00619,Malayalam,1,MAL_F
MAL_F_NAMES_01867,Malayalam,0,MAL_F
MAL_F_NAMES_02448,Malayalam,0,MAL_F
MAL_F_NAMES_00208,Malayalam,0,MAL_F
MAL_F_NAMES_00083,Malayalam,1,MAL_F
MAL_F_NAMES_02785,Malayalam,1,MAL_F
MAL_F_NAMES_01738,Malayalam,1,MAL_F
MAL_F_SAD_00484,Malayalam,0,MAL_F
MAL_F_SAD_00385,Malayalam,1,MAL_F
MAL_F_SAD_00214,Malayalam,0,MAL_F
MAL_F_SAD_00004,Malayalam,0,MAL_F
MAL_F_SAD_00469,Malayalam,1,MAL_F
MAL_F_SAD_00177,Malayalam,1,MAL_F
MAL_F_SAD_00444,Malayalam,0,MAL_F
MAL_F_SAD_00392,Malayalam,0,MAL_F
MAL_F_SAD_00472,Malayalam,0,MAL_F
MAL_F_SAD_00268,Malayalam,0,MAL_F
MAL_F_SAD_00013,Malayalam,1,MAL_F
MAL_F_SAD_00206,Malayalam,1,MAL_F
MAL_F_SAD_00429,Malayalam,1,MAL_F
MAL_F_SAD_00377,Malayalam,0,MAL_F
MAL_F_SAD_00251,Malayalam,1,MAL_F
MAL_F_SAD_00496,Malayalam,1,MAL_F
MAL_F_SAD_00103,Malayalam,1,MAL_F
MAL_F_SAD_00036,Malayalam,0,MAL_F
MAL_F_SAD_00192,Malayalam,1,MAL_F
MAL_F_SAD_00109,Malayalam,1,MAL_F
MAL_F_SAD_00294,Malayalam,1,MAL_F
MAL_F_SAD_00427,Malayalam,0,MAL_F
MAL_F_SAD_00352,Malayalam,1,MAL_F
MAL_F_SAD_00213,Malayalam,0,MAL_F
MAL_F_SAD_00039,Malayalam,1,MAL_F
MAL_F_SAD_00182,Malayalam,0,MAL_F
MAL_F_SAD_00398,Malayalam,1,MAL_F
MAL_F_SAD_00277,Malayalam,1,MAL_F
MAL_F_SAD_00094,Malayalam,0,MAL_F
MAL_F_SAD_00084,Malayalam,0,MAL_F
MAL_F_SAD_00088,Malayalam,0,MAL_F
MAL_F_SAD_00346,Malayalam,0,MAL_F
MAL_F_SAD_00507,Malayalam,0,MAL_F
MAL_F_SAD_00095,Malayalam,1,MAL_F
MAL_F_SAD_00001,Malayalam,1,MAL_F
MAL_F_SAD_00015,Malayalam,0,MAL_F
MAL_F_SAD_00127,Malayalam,1,MAL_F
MAL_F_SAD_00141,Malayalam,1,MAL_F
MAL_F_SAD_00419,Malayalam,1,MAL_F
MAL_F_SAD_00344,Malayalam,1,MAL_F
MAL_F_SAD_00159,Malayalam,0,MAL_F
MAL_F_SAD_00498,Malayalam,1,MAL_F
MAL_F_SAD_00062,Malayalam,0,MAL_F
MAL_F_SAD_00468,Malayalam,1,MAL_F
MAL_F_SAD_00023,Malayalam,0,MAL_F
MAL_F_SAD_00072,Malayalam,1,MAL_F
MAL_F_SAD_00081,Malayalam,1,MAL_F
MAL_F_SAD_00148,Malayalam,0,MAL_F
MAL_F_SAD_00101,Malayalam,0,MAL_F
MAL_F_SAD_00046,Malayalam,0,MAL_F
MAL_F_SAD_00499,Malayalam,0,MAL_F
MAL_F_SAD_00462,Malayalam,0,MAL_F
MAL_F_SAD_00219,Malayalam,1,MAL_F
MAL_F_SAD_00445,Malayalam,0,MAL_F
MAL_F_SAD_00328,Malayalam,1,MAL_F
MAL_F_SAD_00261,Malayalam,0,MAL_F
MAL_F_SAD_00248,Malayalam,1,MAL_F
MAL_F_SAD_00309,Malayalam,0,MAL_F
MAL_F_SAD_00124,Malayalam,1,MAL_F
MAL_F_SAD_00396,Malayalam,1,MAL_F
MAL_F_SAD_00228,Malayalam,0,MAL_F
MAL_F_SAD_00208,Malayalam,0,MAL_F
MAL_F_SAD_00212,Malayalam,1,MAL_F
MAL_F_SAD_00461,Malayalam,0,MAL_F
MAL_F_SAD_00106,Malayalam,0,MAL_F
MAL_F_SAD_00114,Malayalam,0,MAL_F
MAL_F_SAD_00166,Malayalam,0,MAL_F
MAL_F_SAD_00099,Malayalam,0,MAL_F
MAL_F_SAD_00273,Malayalam,0,MAL_F
MAL_F_SAD_00282,Malayalam,0,MAL_F
MAL_F_SAD_00332,Malayalam,1,MAL_F
MAL_F_SAD_00087,Malayalam,0,MAL_F
MAL_F_SAD_00092,Malayalam,1,MAL_F
MAL_F_SAD_00463,Malayalam,1,MAL_F
MAL_F_SAD_00077,Malayalam,0,MAL_F
MAL_F_SAD_00096,Malayalam,1,MAL_F
MAL_F_SAD_00308,Malayalam,1,MAL_F
MAL_F_SAD_00232,Malayalam,0,MAL_F
MAL_F_SAD_00207,Malayalam,0,MAL_F
MAL_F_SAD_00388,Malayalam,1,MAL_F
MAL_F_SAD_00169,Malayalam,1,MAL_F
MAL_F_SAD_00227,Malayalam,1,MAL_F
MAL_F_SAD_00476,Malayalam,1,MAL_F
MAL_F_SAD_00090,Malayalam,1,MAL_F
MAL_F_SAD_00494,Malayalam,1,MAL_F
MAL_F_SAD_00020,Malayalam,0,MAL_F
MAL_F_SAD_00440,Malayalam,1,MAL_F
MAL_F_SAD_00437,Malayalam,1,MAL_F
MAL_F_SAD_00024,Malayalam,0,MAL_F
MAL_F_SAD_00366,Malayalam,0,MAL_F
MAL_F_SAD_00376,Malayalam,0,MAL_F
MAL_F_SAD_00063,Malayalam,1,MAL_F
MAL_F_SAD_00258,Malayalam,1,MAL_F
MAL_F_SAD_00457,Malayalam,1,MAL_F
MAL_F_SAD_00375,Malayalam,1,MAL_F
MAL_F_SAD_00389,Malayalam,0,MAL_F
MAL_F_SAD_00152,Malayalam,1,MAL_F
MAL_F_SAD_00157,Malayalam,0,MAL_F
MAL_F_SAD_00031,Malayalam,0,MAL_F
MAL_F_SAD_00260,Malayalam,0,MAL_F
MAL_F_SAD_00279,Malayalam,1,MAL_F
MAL_F_SAD_00414,Malayalam,1,MAL_F
MAL_F_SAD_00378,Malayalam,0,MAL_F
MAL_F_SAD_00049,Malayalam,0,MAL_F
MAL_F_SAD_00480,Malayalam,1,MAL_F
MAL_F_SAD_00454,Malayalam,0,MAL_F
MAL_F_SAD_00350,Malayalam,0,MAL_F
MAL_F_SAD_00435,Malayalam,1,MAL_F
MAL_F_SAD_00265,Malayalam,0,MAL_F
MAL_F_SAD_00453,Malayalam,0,MAL_F
MAL_F_SAD_00319,Malayalam,1,MAL_F
MAL_F_SAD_00183,Malayalam,1,MAL_F
MAL_F_SAD_00368,Malayalam,0,MAL_F
MAL_F_SAD_00028,Malayalam,0,MAL_F
MAL_F_SAD_00370,Malayalam,1,MAL_F
MAL_F_SAD_00053,Malayalam,1,MAL_F
MAL_F_SAD_00037,Malayalam,0,MAL_F
MAL_F_SAD_00136,Malayalam,1,MAL_F
MAL_F_SAD_00320,Malayalam,1,MAL_F
MAL_F_SAD_00362,Malayalam,0,MAL_F
MAL_F_SAD_00354,Malayalam,0,MAL_F
MAL_F_SAD_00458,Malayalam,0,MAL_F
MAL_F_SAD_00066,Malayalam,1,MAL_F
MAL_F_SAD_00334,Malayalam,1,MAL_F
MAL_F_SAD_00158,Malayalam,1,MAL_F
MAL_F_SAD_00471,Malayalam,0,MAL_F
MAL_F_SAD_00030,Malayalam,0,MAL_F
MAL_F_SAD_00022,Malayalam,1,MAL_F
MAL_F_SAD_00467,Malayalam,0,MAL_F
MAL_F_SAD_00078,Malayalam,1,MAL_F
MAL_F_SAD_00505,Malayalam,0,MAL_F
MAL_F_SAD_00428,Malayalam,0,MAL_F
MAL_F_SAD_00116,Malayalam,1,MAL_F
MAL_F_SAD_00204,Malayalam,1,MAL_F
MAL_F_SAD_00401,Malayalam,1,MAL_F
MAL_F_SAD_00029,Malayalam,0,MAL_F
MAL_F_SAD_00296,Malayalam,0,MAL_F
MAL_F_SAD_00299,Malayalam,1,MAL_F
MAL_F_SAD_00491,Malayalam,1,MAL_F
MAL_F_SAD_00009,Malayalam,0,MAL_F
MAL_F_SAD_00140,Malayalam,0,MAL_F
MAL_F_SAD_00052,Malayalam,0,MAL_F
MAL_F_SAD_00021,Malayalam,1,MAL_F
MAL_F_SURPRISE_00174,Malayalam,1,MAL_F
MAL_F_SURPRISE_00362,Malayalam,1,MAL_F
MAL_F_SURPRISE_00210,Malayalam,0,MAL_F
MAL_F_SURPRISE_00309,Malayalam,0,MAL_F
MAL_F_SURPRISE_00436,Malayalam,1,MAL_F
MAL_F_SURPRISE_00086,Malayalam,0,MAL_F
MAL_F_SURPRISE_00157,Malayalam,0,MAL_F
MAL_F_SURPRISE_00164,Malayalam,0,MAL_F
MAL_F_SURPRISE_00039,Malayalam,1,MAL_F
MAL_F_SURPRISE_00085,Malayalam,1,MAL_F
MAL_F_SURPRISE_00083,Malayalam,0,MAL_F
MAL_F_SURPRISE_00111,Malayalam,0,MAL_F
MAL_F_SURPRISE_00401,Malayalam,0,MAL_F
MAL_F_SURPRISE_00106,Malayalam,1,MAL_F
MAL_F_SURPRISE_00477,Malayalam,1,MAL_F
MAL_F_SURPRISE_00350,Malayalam,0,MAL_F
MAL_F_SURPRISE_00011,Malayalam,1,MAL_F
MAL_F_SURPRISE_00321,Malayalam,0,MAL_F
MAL_F_SURPRISE_00231,Malayalam,0,MAL_F
MAL_F_SURPRISE_00302,Malayalam,1,MAL_F
MAL_F_SURPRISE_00227,Malayalam,1,MAL_F
MAL_F_SURPRISE_00313,Malayalam,1,MAL_F
MAL_F_SURPRISE_00447,Malayalam,0,MAL_F
MAL_F_SURPRISE_00298,Malayalam,0,MAL_F
MAL_F_SURPRISE_00065,Malayalam,0,MAL_F
MAL_F_SURPRISE_00453,Malayalam,1,MAL_F
MAL_F_SURPRISE_00066,Malayalam,0,MAL_F
MAL_F_SURPRISE_00380,Malayalam,1,MAL_F
MAL_F_SURPRISE_00354,Malayalam,0,MAL_F
MAL_F_SURPRISE_00092,Malayalam,1,MAL_F
MAL_F_SURPRISE_00420,Malayalam,0,MAL_F
MAL_F_SURPRISE_00140,Malayalam,1,MAL_F
MAL_F_SURPRISE_00272,Malayalam,1,MAL_F
MAL_F_SURPRISE_00229,Malayalam,1,MAL_F
MAL_F_SURPRISE_00433,Malayalam,1,MAL_F
MAL_F_SURPRISE_00219,Malayalam,1,MAL_F
MAL_F_SURPRISE_00285,Malayalam,0,MAL_F
MAL_F_SURPRISE_00048,Malayalam,1,MAL_F
MAL_F_SURPRISE_00202,Malayalam,0,MAL_F
MAL_F_SURPRISE_00488,Malayalam,1,MAL_F
MAL_F_SURPRISE_00088,Malayalam,1,MAL_F
MAL_F_SURPRISE_00089,Malayalam,1,MAL_F
MAL_F_SURPRISE_00423,Malayalam,1,MAL_F
MAL_F_SURPRISE_00042,Malayalam,1,MAL_F
MAL_F_SURPRISE_00135,Malayalam,0,MAL_F
MAL_F_SURPRISE_00170,Malayalam,0,MAL_F
MAL_F_SURPRISE_00177,Malayalam,1,MAL_F
MAL_F_SURPRISE_00365,Malayalam,0,MAL_F
MAL_F_SURPRISE_00469,Malayalam,0,MAL_F
MAL_F_SURPRISE_00018,Malayalam,1,MAL_F
MAL_F_SURPRISE_00090,Malayalam,0,MAL_F
MAL_F_SURPRISE_00339,Malayalam,1,MAL_F
MAL_F_SURPRISE_00001,Malayalam,1,MAL_F
MAL_F_SURPRISE_00021,Malayalam,0,MAL_F
MAL_F_SURPRISE_00353,Malayalam,1,MAL_F
MAL_F_SURPRISE_00428,Malayalam,0,MAL_F
MAL_F_SURPRISE_00363,Malayalam,0,MAL_F
MAL_F_SURPRISE_00360,Malayalam,1,MAL_F
MAL_F_SURPRISE_00091,Malayalam,0,MAL_F
MAL_F_SURPRISE_00095,Malayalam,0,MAL_F
MAL_F_SURPRISE_00301,Malayalam,0,MAL_F
MAL_F_SURPRISE_00123,Malayalam,1,MAL_F
MAL_F_SURPRISE_00028,Malayalam,1,MAL_F
MAL_F_SURPRISE_00487,Malayalam,1,MAL_F
MAL_F_SURPRISE_00205,Malayalam,1,MAL_F
MAL_F_SURPRISE_00468,Malayalam,0,MAL_F
MAL_F_SURPRISE_00395,Malayalam,1,MAL_F
MAL_F_SURPRISE_00051,Malayalam,1,MAL_F
MAL_F_SURPRISE_00207,Malayalam,1,MAL_F
MAL_F_SURPRISE_00356,Malayalam,0,MAL_F
MAL_F_SURPRISE_00150,Malayalam,1,MAL_F
MAL_F_SURPRISE_00378,Malayalam,0,MAL_F
MAL_F_SURPRISE_00379,Malayalam,1,MAL_F
MAL_F_SURPRISE_00474,Malayalam,0,MAL_F
MAL_F_SURPRISE_00023,Malayalam,0,MAL_F
MAL_F_SURPRISE_00055,Malayalam,1,MAL_F
MAL_F_SURPRISE_00367,Malayalam,0,MAL_F
MAL_F_SURPRISE_00109,Malayalam,1,MAL_F
MAL_F_SURPRISE_00306,Malayalam,1,MAL_F
MAL_F_SURPRISE_00311,Malayalam,1,MAL_F
MAL_F_SURPRISE_00067,Malayalam,0,MAL_F
MAL_F_SURPRISE_00344,Malayalam,1,MAL_F
MAL_F_SURPRISE_00029,Malayalam,0,MAL_F
MAL_F_SURPRISE_00020,Malayalam,0,MAL_F
MAL_F_SURPRISE_00077,Malayalam,0,MAL_F
MAL_F_SURPRISE_00156,Malayalam,0,MAL_F
MAL_F_SURPRISE_00040,Malayalam,1,MAL_F
MAL_F_SURPRISE_00098,Malayalam,1,MAL_F
MAL_F_SURPRISE_00372,Malayalam,1,MAL_F
MAL_F_SURPRISE_00476,Malayalam,0,MAL_F
MAL_F_SURPRISE_00427,Malayalam,1,MAL_F
MAL_F_SURPRISE_00183,Malayalam,0,MAL_F
MAL_F_SURPRISE_00320,Malayalam,0,MAL_F
MAL_F_SURPRISE_00249,Malayalam,1,MAL_F
MAL_F_SURPRISE_00273,Malayalam,0,MAL_F
MAL_F_SURPRISE_00007,Malayalam,1,MAL_F
MAL_F_SURPRISE_00054,Malayalam,0,MAL_F
MAL_F_SURPRISE_00435,Malayalam,0,MAL_F
MAL_F_SURPRISE_00283,Malayalam,1,MAL_F
MAL_F_SURPRISE_00463,Malayalam,1,MAL_F
MAL_F_SURPRISE_00346,Malayalam,1,MAL_F
MAL_F_SURPRISE_00017,Malayalam,0,MAL_F
MAL_F_SURPRISE_00038,Malayalam,0,MAL_F
MAL_F_SURPRISE_00322,Malayalam,1,MAL_F
MAL_F_SURPRISE_00442,Malayalam,1,MAL_F
MAL_F_SURPRISE_00005,Malayalam,1,MAL_F
MAL_F_SURPRISE_00019,Malayalam,0,MAL_F
MAL_F_SURPRISE_00398,Malayalam,0,MAL_F
MAL_F_SURPRISE_00071,Malayalam,1,MAL_F
MAL_F_SURPRISE_00245,Malayalam,0,MAL_F
MAL_F_SURPRISE_00184,Malayalam,0,MAL_F
MAL_F_SURPRISE_00074,Malayalam,0,MAL_F
MAL_F_SURPRISE_00130,Malayalam,0,MAL_F
MAL_F_SURPRISE_00348,Malayalam,0,MAL_F
MAL_F_SURPRISE_00112,Malayalam,1,MAL_F
MAL_F_SURPRISE_00151,Malayalam,1,MAL_F
MAL_F_SURPRISE_00410,Malayalam,1,MAL_F
MAL_F_SURPRISE_00445,Malayalam,0,MAL_F
MAL_F_SURPRISE_00146,Malayalam,1,MAL_F
MAL_F_SURPRISE_00031,Malayalam,0,MAL_F
MAL_F_SURPRISE_00009,Malayalam,0,MAL_F
MAL_F_SURPRISE_00236,Malayalam,1,MAL_F
MAL_F_SURPRISE_00081,Malayalam,1,MAL_F
MAL_F_SURPRISE_00128,Malayalam,0,MAL_F
MAL_F_SURPRISE_00120,Malayalam,0,MAL_F
MAL_F_SURPRISE_00460,Malayalam,0,MAL_F
MAL_F_SURPRISE_00034,Malayalam,0,MAL_F
MAL_F_SURPRISE_00168,Malayalam,0,MAL_F
MAL_F_SURPRISE_00104,Malayalam,0,MAL_F
MAL_F_SURPRISE_00142,Malayalam,1,MAL_F
MAL_F_SURPRISE_00138,Malayalam,1,MAL_F
MAL_F_SURPRISE_00381,Malayalam,1,MAL_F
MAL_F_SURPRISE_00457,Malayalam,0,MAL_F
MAL_F_SURPRISE_00169,Malayalam,1,MAL_F
MAL_F_SURPRISE_00185,Malayalam,0,MAL_F
MAL_F_SURPRISE_00478,Malayalam,0,MAL_F
MAL_F_SURPRISE_00394,Malayalam,0,MAL_F
MAL_F_SURPRISE_00275,Malayalam,1,MAL_F
MAL_F_SURPRISE_00182,Malayalam,0,MAL_F
MAL_F_SURPRISE_00373,Malayalam,0,MAL_F
MAL_F_SURPRISE_00129,Malayalam,1,MAL_F
MAL_F_SURPRISE_00215,Malayalam,1,MAL_F
MAR_F_ANGER_00406,Marathi,0,MAR_F
MAR_F_ANGER_00103,Marathi,0,MAR_F
MAR_F_ANGER_00263,Marathi,0,MAR_F
MAR_F_ANGER_00047,Marathi,1,MAR_F
MAR_F_ANGER_00520,Marathi,0,MAR_F
MAR_F_ANGER_00402,Marathi,0,MAR_F
MAR_F_ANGER_00227,Marathi,0,MAR_F
MAR_F_ANGER_00224,Marathi,0,MAR_F
MAR_F_ANGER_00240,Marathi,1,MAR_F
MAR_F_ANGER_00259,Marathi,1,MAR_F
MAR_F_ANGER_00193,Marathi,1,MAR_F
MAR_F_ANGER_00099,Marathi,0,MAR_F
MAR_F_ANGER_00287,Marathi,0,MAR_F
MAR_F_ANGER_00485,Marathi,0,MAR_F
MAR_F_ANGER_00060,Marathi,1,MAR_F
MAR_F_ANGER_00205,Marathi,1,MAR_F
MAR_F_ANGER_00508,Marathi,0,MAR_F
MAR_F_ANGER_00101,Marathi,1,MAR_F
MAR_F_ANGER_00015,Marathi,1,MAR_F
MAR_F_ANGER_00413,Marathi,0,MAR_F
MAR_F_ANGER_00419,Marathi,1,MAR_F
MAR_F_ANGER_00473,Marathi,0,MAR_F
MAR_F_ANGER_00414,Marathi,1,MAR_F
MAR_F_ANGER_00082,Marathi,1,MAR_F
MAR_F_ANGER_00204,Marathi,0,MAR_F
MAR_F_ANGER_00285,Marathi,1,MAR_F
MAR_F_ANGER_00217,Marathi,0,MAR_F
MAR_F_ANGER_00559,Marathi,1,MAR_F
MAR_F_ANGER_00360,Marathi,1,MAR_F
MAR_F_ANGER_00544,Marathi,1,MAR_F
MAR_F_ANGER_00180,Marathi,1,MAR_F
MAR_F_ANGER_00107,Marathi,1,MAR_F
MAR_F_ANGER_00450,Marathi,1,MAR_F
MAR_F_ANGER_00134,Marathi,0,MAR_F
MAR_F_ANGER_00427,Marathi,1,MAR_F
MAR_F_ANGER_00106,Marathi,0,MAR_F
MAR_F_ANGER_00306,Marathi,0,MAR_F
MAR_F_ANGER_00515,Marathi,0,MAR_F
MAR_F_ANGER_00557,Marathi,1,MAR_F
MAR_F_ANGER_00507,Marathi,1,MAR_F
MAR_F_ANGER_00320,Marathi,0,MAR_F
MAR_F_ANGER_00220,Marathi,0,MAR_F
MAR_F_ANGER_00112,Marathi,1,MAR_F
MAR_F_ANGER_00102,Marathi,1,MAR_F
MAR_F_ANGER_00050,Marathi,0,MAR_F
MAR_F_ANGER_00169,Marathi,1,MAR_F
MAR_F_ANGER_00443,Marathi,0,MAR_F
MAR_F_ANGER_00108,Marathi,1,MAR_F
MAR_F_ANGER_00558,Marathi,1,MAR_F
MAR_F_ANGER_00546,Marathi,0,MAR_F
MAR_F_ANGER_00022,Marathi,0,MAR_F
MAR_F_ANGER_00363,Marathi,1,MAR_F
MAR_F_ANGER_00290,Marathi,1,MAR_F
MAR_F_ANGER_00001,Marathi,0,MAR_F
MAR_F_ANGER_00029,Marathi,0,MAR_F
MAR_F_ANGER_00405,Marathi,1,MAR_F
MAR_F_ANGER_00445,Marathi,1,MAR_F
MAR_F_ANGER_00083,Marathi,0,MAR_F
MAR_F_ANGER_00254,Marathi,0,MAR_F
MAR_F_ANGER_00118,Marathi,1,MAR_F
MAR_F_ANGER_00283,Marathi,0,MAR_F
MAR_F_ANGER_00416,Marathi,1,MAR_F
MAR_F_ANGER_00110,Marathi,0,MAR_F
MAR_F_ANGER_00129,Marathi,1,MAR_F
MAR_F_ANGER_00526,Marathi,0,MAR_F
MAR_F_ANGER_00040,Marathi,0,MAR_F
MAR_F_ANGER_00568,Marathi,0,MAR_F
MAR_F_ANGER_00269,Marathi,0,MAR_F
MAR_F_ANGER_00262,Marathi,1,MAR_F
MAR_F_ANGER_00065,Marathi,1,MAR_F
MAR_F_ANGER_00272,Marathi,1,MAR_F
MAR_F_ANGER_00281,Marathi,0,MAR_F
MAR_F_ANGER_00151,Marathi,1,MAR_F
MAR_F_ANGER_00550,Marathi,1,MAR_F
MAR_F_ANGER_00370,Marathi,0,MAR_F
MAR_F_ANGER_00135,Marathi,0,MAR_F
MAR_F_ANGER_00031,Marathi,0,MAR_F
MAR_F_ALEXA_00110,Marathi,1,MAR_F
MAR_F_ALEXA_00234,Marathi,0,MAR_F
MAR_F_BB_00006,Marathi,0,MAR_F
MAR_F_DIGI_00030,Marathi,0,MAR_F
MAR_F_ALEXA_00297,Marathi,0,MAR_F
MAR_F_UMANG_00115,Marathi,1,MAR_F
MAR_F_UMANG_00093,Marathi,0,MAR_F
MAR_F_BB_00150,Marathi,0,MAR_F
MAR_F_DIGI_00057,Marathi,0,MAR_F
MAR_F_DIGI_00032,Marathi,1,MAR_F
MAR_F_BB_00008,Marathi,0,MAR_F
MAR_F_ALEXA_00063,Marathi,1,MAR_F
MAR_F_BB_00140,Marathi,0,MAR_F
MAR_F_BB_00077,Marathi,0,MAR_F
MAR_F_UMANG_00059,Marathi,1,MAR_F
MAR_F_BB_00083,Marathi,0,MAR_F
MAR_F_BB_00063,Marathi,1,MAR_F
MAR_F_BB_00100,Marathi,0,MAR_F
MAR_F_BB_00010,Marathi,1,MAR_F
MAR_F_UMANG_00077,Marathi,0,MAR_F
MAR_F_BB_00058,Marathi,0,MAR_F
MAR_F_BB_00089,Marathi,0,MAR_F
MAR_F_BB_00107,Marathi,0,MAR_F
MAR_F_DIGI_00036,Marathi,0,MAR_F
MAR_F_ALEXA_00051,Marathi,1,MAR_F
MAR_F_BB_00059,Marathi,1,MAR_F
MAR_F_UMANG_00044,Marathi,0,MAR_F
MAR_F_DIGI_00026,Marathi,0,MAR_F
MAR_F_BB_00124,Marathi,1,MAR_F
MAR_F_DIGI_00011,Marathi,1,MAR_F
MAR_F_BB_00130,Marathi,1,MAR_F
MAR_F_UMANG_00120,Marathi,1,MAR_F
MAR_F_ALEXA_00319,Marathi,0,MAR_F
MAR_F_BB_00018,Marathi,0,MAR_F
MAR_F_UMANG_00089,Marathi,0,MAR_F
MAR_F_UMANG_00099,Marathi,1,MAR_F
MAR_F_DIGI_00004,Marathi,1,MAR_F
MAR_F_UMANG_00034,Marathi,1,MAR_F
MAR_F_ALEXA_00262,Marathi,0,MAR_F
MAR_F_BB_00068,Marathi,0,MAR_F
MAR_F_ALEXA_00184,Marathi,1,MAR_F
MAR_F_ALEXA_00249,Marathi,1,MAR_F
MAR_F_BB_00138,Marathi,0,MAR_F
MAR_F_DIGI_00002,Marathi,1,MAR_F
MAR_F_BB_00061,Marathi,1,MAR_F
MAR_F_BB_00007,Marathi,0,MAR_F
MAR_F_UMANG_00075,Marathi,1,MAR_F
MAR_F_ALEXA_00260,Marathi,1,MAR_F
MAR_F_BB_00044,Marathi,0,MAR_F
MAR_F_BB_00023,Marathi,1,MAR_F
MAR_F_BB_00032,Marathi,1,MAR_F
MAR_F_DIGI_00094,Marathi,1,MAR_F
MAR_F_DIGI_00074,Marathi,1,MAR_F
MAR_F_ALEXA_00083,Marathi,1,MAR_F
MAR_F_BB_00056,Marathi,0,MAR_F
MAR_F_UMANG_00026,Marathi,1,MAR_F
MAR_F_ALEXA_00057,Marathi,1,MAR_F
MAR_F_ALEXA_00286,Marathi,1,MAR_F
MAR_F_BB_00099,Marathi,0,MAR_F
MAR_F_BB_00149,Marathi,1,MAR_F
MAR_F_UMANG_00116,Marathi,0,MAR_F
MAR_F_BB_00132,Marathi,0,MAR_F
MAR_F_UMANG_00091,Marathi,1,MAR_F
MAR_F_ALEXA_00016,Marathi,1,MAR_F
MAR_F_BB_00011,Marathi,1,MAR_F
MAR_F_ALEXA_00325,Marathi,0,MAR_F
MAR_F_ALEXA_00301,Marathi,1,MAR_F
MAR_F_DIGI_00083,Marathi,0,MAR_F
MAR_F_BB_00012,Marathi,1,MAR_F
MAR_F_UMANG_00113,Marathi,0,MAR_F
MAR_F_ALEXA_00086,Marathi,1,MAR_F
MAR_F_ALEXA_00109,Marathi,1,MAR_F
MAR_F_UMANG_00030,Marathi,0,MAR_F
MAR_F_DIGI_00097,Marathi,0,MAR_F
MAR_F_UMANG_00011,Marathi,0,MAR_F
MAR_F_BB_00146,Marathi,0,MAR_F
MAR_F_BB_00016,Marathi,1,MAR_F
MAR_F_CONV_02364,Marathi,0,MAR_F
MAR_F_CONV_01866,Marathi,0,MAR_F
MAR_F_CONV_00110,Marathi,0,MAR_F
MAR_F_CONV_01273,Marathi,0,MAR_F
MAR_F_CONV_01578,Marathi,1,MAR_F
MAR_F_CONV_01764,Marathi,1,MAR_F
MAR_F_CONV_02715,Marathi,0,MAR_F
MAR_F_CONV_01136,Marathi,1,MAR_F
MAR_F_CONV_00827,Marathi,1,MAR_F
MAR_F_CONV_02701,Marathi,1,MAR_F
MAR_F_CONV_01442,Marathi,1,MAR_F
MAR_F_CONV_00643,Marathi,0,MAR_F
MAR_F_CONV_01422,Marathi,1,MAR_F
MAR_F_CONV_01067,Marathi,1,MAR_F
MAR_F_CONV_00880,Marathi,1,MAR_F
MAR_F_CONV_01479,Marathi,1,MAR_F
MAR_F_CONV_02094,Marathi,1,MAR_F
MAR_F_CONV_02208,Marathi,0,MAR_F
MAR_F_CONV_00834,Marathi,0,MAR_F
MAR_F_CONV_01941,Marathi,0,MAR_F
MAR_F_CONV_01639,Marathi,1,MAR_F
MAR_F_CONV_00303,Marathi,0,MAR_F
MAR_F_CONV_00432,Marathi,0,MAR_F
MAR_F_CONV_02286,Marathi,0,MAR_F
MAR_F_CONV_00108,Marathi,1,MAR_F
MAR_F_CONV_00645,Marathi,1,MAR_F
MAR_F_CONV_01873,Marathi,0,MAR_F
MAR_F_CONV_01617,Marathi,1,MAR_F
MAR_F_CONV_00193,Marathi,1,MAR_F
MAR_F_CONV_02487,Marathi,1,MAR_F
MAR_F_CONV_02422,Marathi,1,MAR_F
MAR_F_CONV_00926,Marathi,1,MAR_F
MAR_F_CONV_01368,Marathi,0,MAR_F
MAR_F_CONV_01543,Marathi,0,MAR_F
MAR_F_CONV_02013,Marathi,0,MAR_F
MAR_F_CONV_01453,Marathi,1,MAR_F
MAR_F_CONV_00344,Marathi,1,MAR_F
MAR_F_CONV_02255,Marathi,0,MAR_F
MAR_F_CONV_02154,Marathi,0,MAR_F
MAR_F_CONV_01693,Marathi,0,MAR_F
MAR_F_CONV_01962,Marathi,0,MAR_F
MAR_F_CONV_00097,Marathi,0,MAR_F
MAR_F_CONV_02093,Marathi,1,MAR_F
MAR_F_CONV_00278,Marathi,1,MAR_F
MAR_F_CONV_00738,Marathi,0,MAR_F
MAR_F_CONV_01269,Marathi,0,MAR_F
MAR_F_CONV_02180,Marathi,0,MAR_F
MAR_F_CONV_01612,Marathi,1,MAR_F
MAR_F_CONV_01027,Marathi,0,MAR_F
MAR_F_CONV_00334,Marathi,1,MAR_F
MAR_F_CONV_02445,Marathi,1,MAR_F
MAR_F_CONV_02185,Marathi,0,MAR_F
MAR_F_CONV_02046,Marathi,1,MAR_F
MAR_F_CONV_00383,Marathi,0,MAR_F
MAR_F_CONV_02624,Marathi,1,MAR_F
MAR_F_CONV_02037,Marathi,0,MAR_F
MAR_F_CONV_00897,Marathi,1,MAR_F
MAR_F_CONV_00554,Marathi,0,MAR_F
MAR_F_CONV_02130,Marathi,1,MAR_F
MAR_F_CONV_00794,Marathi,1,MAR_F
MAR_F_CONV_01347,Marathi,0,MAR_F
MAR_F_CONV_02394,Marathi,1,MAR_F
MAR_F_CONV_01179,Marathi,0,MAR_F
MAR_F_CONV_00811,Marathi,0,MAR_F
MAR_F_CONV_01186,Marathi,0,MAR_F
MAR_F_CONV_01837,Marathi,0,MAR_F
MAR_F_CONV_00950,Marathi,0,MAR_F
MAR_F_CONV_00502,Marathi,1,MAR_F
MAR_F_CONV_02370,Marathi,0,MAR_F
MAR_F_CONV_01134,Marathi,1,MAR_F
MAR_F_CONV_01747,Marathi,1,MAR_F
MAR_F_CONV_00483,Marathi,1,MAR_F
MAR_F_CONV_02188,Marathi,0,MAR_F
MAR_F_CONV_02628,Marathi,1,MAR_F
MAR_F_CONV_02056,Marathi,1,MAR_F
MAR_F_CONV_00425,Marathi,0,MAR_F
MAR_F_CONV_01325,Marathi,0,MAR_F
MAR_F_DISGUST_00099,Marathi,0,MAR_F
MAR_F_DISGUST_00346,Marathi,1,MAR_F
MAR_F_DISGUST_00311,Marathi,0,MAR_F
MAR_F_DISGUST_00069,Marathi,0,MAR_F
MAR_F_DISGUST_00424,Marathi,1,MAR_F
MAR_F_DISGUST_00262,Marathi,1,MAR_F
MAR_F_DISGUST_00054,Marathi,1,MAR_F
MAR_F_DISGUST_00296,Marathi,0,MAR_F
MAR_F_DISGUST_00192,Marathi,1,MAR_F
MAR_F_DISGUST_00151,Marathi,0,MAR_F
MAR_F_DISGUST_00013,Marathi,1,MAR_F
MAR_F_DISGUST_00269,Marathi,0,MAR_F
MAR_F_DISGUST_00340,Marathi,1,MAR_F
MAR_F_DISGUST_00208,Marathi,1,MAR_F
MAR_F_DISGUST_00198,Marathi,1,MAR_F
MAR_F_DISGUST_00345,Marathi,1,MAR_F
MAR_F_DISGUST_00164,Marathi,1,MAR_F
MAR_F_DISGUST_00342,Marathi,1,MAR_F
MAR_F_DISGUST_00364,Marathi,0,MAR_F
MAR_F_DISGUST_00415,Marathi,1,MAR_F
MAR_F_DISGUST_00020,Marathi,0,MAR_F
MAR_F_DISGUST_00425,Marathi,0,MAR_F
MAR_F_DISGUST_00441,Marathi,0,MAR_F
MAR_F_DISGUST_00001,Marathi,1,MAR_F
MAR_F_DISGUST_00181,Marathi,1,MAR_F
MAR_F_DISGUST_00147,Marathi,0,MAR_F
MAR_F_DISGUST_00098,Marathi,0,MAR_F
MAR_F_DISGUST_00046,Marathi,1,MAR_F
MAR_F_DISGUST_00133,Marathi,0,MAR_F
MAR_F_DISGUST_00095,Marathi,0,MAR_F
MAR_F_DISGUST_00195,Marathi,0,MAR_F
MAR_F_DISGUST_00130,Marathi,0,MAR_F
MAR_F_DISGUST_00365,Marathi,0,MAR_F
MAR_F_DISGUST_00448,Marathi,1,MAR_F
MAR_F_DISGUST_00118,Marathi,1,MAR_F
MAR_F_DISGUST_00323,Marathi,0,MAR_F
MAR_F_DISGUST_00178,Marathi,1,MAR_F
MAR_F_DISGUST_00071,Marathi,0,MAR_F
MAR_F_DISGUST_00092,Marathi,0,MAR_F
MAR_F_DISGUST_00032,Marathi,0,MAR_F
MAR_F_DISGUST_00091,Marathi,0,MAR_F
MAR_F_DISGUST_00186,Marathi,1,MAR_F
MAR_F_DISGUST_00136,Marathi,1,MAR_F
MAR_F_DISGUST_00182,Marathi,0,MAR_F
MAR_F_DISGUST_00199,Marathi,1,MAR_F
MAR_F_DISGUST_00122,Marathi,1,MAR_F
MAR_F_DISGUST_00059,Marathi,1,MAR_F
MAR_F_DISGUST_00402,Marathi,0,MAR_F
MAR_F_DISGUST_00143,Marathi,0,MAR_F
MAR_F_DISGUST_00251,Marathi,1,MAR_F
MAR_F_DISGUST_00051,Marathi,1,MAR_F
MAR_F_DISGUST_00070,Marathi,0,MAR_F
MAR_F_DISGUST_00040,Marathi,0,MAR_F
MAR_F_DISGUST_00264,Marathi,0,MAR_F
MAR_F_DISGUST_00383,Marathi,0,MAR_F
MAR_F_DISGUST_00173,Marathi,1,MAR_F
MAR_F_DISGUST_00206,Marathi,0,MAR_F
MAR_F_DISGUST_00213,Marathi,0,MAR_F
MAR_F_DISGUST_00030,Marathi,0,MAR_F
MAR_F_DISGUST_00044,Marathi,1,MAR_F
MAR_F_DISGUST_00123,Marathi,0,MAR_F
MAR_F_DISGUST_00245,Marathi,0,MAR_F
MAR_F_DISGUST_00444,Marathi,1,MAR_F
MAR_F_DISGUST_00225,Marathi,1,MAR_F
MAR_F_DISGUST_00401,Marathi,0,MAR_F
MAR_F_DISGUST_00232,Marathi,0,MAR_F
MAR_F_DISGUST_00437,Marathi,1,MAR_F
MAR_F_DISGUST_00221,Marathi,1,MAR_F
MAR_F_DISGUST_00312,Marathi,0,MAR_F
MAR_F_DISGUST_00006,Marathi,1,MAR_F
MAR_F_DISGUST_00060,Marathi,1,MAR_F
MAR_F_DISGUST_00108,Marathi,1,MAR_F
MAR_F_DISGUST_00303,Marathi,1,MAR_F
MAR_F_DISGUST_00145,Marathi,1,MAR_F
MAR_F_DISGUST_00037,Marathi,0,MAR_F
MAR_F_DISGUST_00104,Marathi,1,MAR_F
MAR_F_DISGUST_00149,Marathi,1,MAR_F
MAR_F_FEAR_00106,Marathi,0,MAR_F
MAR_F_FEAR_00073,Marathi,1,MAR_F
MAR_F_FEAR_00339,Marathi,0,MAR_F
MAR_F_FEAR_00079,Marathi,1,MAR_F
MAR_F_FEAR_00431,Marathi,0,MAR_F
MAR_F_FEAR_00305,Marathi,0,MAR_F
MAR_F_FEAR_00060,Marathi,0,MAR_F
MAR_F_FEAR_00323,Marathi,0,MAR_F
MAR_F_FEAR_00424,Marathi,0,MAR_F
MAR_F_FEAR_00161,Marathi,0,MAR_F
MAR_F_FEAR_00012,Marathi,1,MAR_F
MAR_F_FEAR_00286,Marathi,1,MAR_F
MAR_F_FEAR_00432,Marathi,1,MAR_F
MAR_F_FEAR_00450,Marathi,1,MAR_F
MAR_F_FEAR_00351,Marathi,0,MAR_F
MAR_F_FEAR_00209,Marathi,1,MAR_F
MAR_F_FEAR_00171,Marathi,1,MAR_F
MAR_F_FEAR_00367,Marathi,0,MAR_F
MAR_F_FEAR_00433,Marathi,1,MAR_F
MAR_F_FEAR_00443,Marathi,0,MAR_F
MAR_F_FEAR_00021,Marathi,0,MAR_F
MAR_F_FEAR_00386,Marathi,0,MAR_F
MAR_F_FEAR_00223,Marathi,0,MAR_F
MAR_F_FEAR_00001,Marathi,1,MAR_F
MAR_F_FEAR_00191,Marathi,0,MAR_F
MAR_F_FEAR_00155,Marathi,1,MAR_F
MAR_F_FEAR_00105,Marathi,1,MAR_F
MAR_F_FEAR_00044,Marathi,0,MAR_F
MAR_F_FEAR_00140,Marathi,1,MAR_F
MAR_F_FEAR_00104,Marathi,0,MAR_F
MAR_F_FEAR_00413,Marathi,0,MAR_F
MAR_F_FEAR_00113,Marathi,0,MAR_F
MAR_F_FEAR_00389,Marathi,0,MAR_F
MAR_F_FEAR_00467,Marathi,0,MAR_F
MAR_F_FEAR_00127,Marathi,0,MAR_F
MAR_F_FEAR_00207,Marathi,1,MAR_F
MAR_F_FEAR_00186,Marathi,0,MAR_F
MAR_F_FEAR_00082,Marathi,0,MAR_F
MAR_F_FEAR_00101,Marathi,1,MAR_F
MAR_F_FEAR_00033,Marathi,1,MAR_F
MAR_F_FEAR_00100,Marathi,1,MAR_F
MAR_F_FEAR_00197,Marathi,1,MAR_F
MAR_F_FEAR_00437,Marathi,0,MAR_F
MAR_F_FEAR_00192,Marathi,0,MAR_F
MAR_F_FEAR_00214,Marathi,1,MAR_F
MAR_F_FEAR_00130,Marathi,0,MAR_F
MAR_F_FEAR_00065,Marathi,1,MAR_F
MAR_F_FEAR_00407,Marathi,1,MAR_F
MAR_F_FEAR_00150,Marathi,1,MAR_F
MAR_F_FEAR_00264,Marathi,0,MAR_F
MAR_F_FEAR_00053,Marathi,1,MAR_F
MAR_F_FEAR_00081,Marathi,0,MAR_F
MAR_F_FEAR_00039,Marathi,1,MAR_F
MAR_F_FEAR_00149,Marathi,0,MAR_F
MAR_F_FEAR_00231,Marathi,0,MAR_F
MAR_F_FEAR_00182,Marathi,1,MAR_F
MAR_F_FEAR_00382,Marathi,1,MAR_F
MAR_F_FEAR_00224,Marathi,0,MAR_F
MAR_F_FEAR_00029,Marathi,0,MAR_F
MAR_F_FEAR_00041,Marathi,0,MAR_F
MAR_F_FEAR_00132,Marathi,1,MAR_F
MAR_F_FEAR_00262,Marathi,1,MAR_F
MAR_F_FEAR_00210,Marathi,0,MAR_F
MAR_F_FEAR_00238,Marathi,1,MAR_F
MAR_F_FEAR_00072,Marathi,0,MAR_F
MAR_F_FEAR_00247,Marathi,1,MAR_F
MAR_F_FEAR_00348,Marathi,1,MAR_F
MAR_F_FEAR_00470,Marathi,1,MAR_F
MAR_F_FEAR_00425,Marathi,1,MAR_F
MAR_F_FEAR_00007,Marathi,1,MAR_F
MAR_F_FEAR_00064,Marathi,0,MAR_F
MAR_F_FEAR_00119,Marathi,1,MAR_F
MAR_F_FEAR_00388,Marathi,0,MAR_F
MAR_F_FEAR_00153,Marathi,1,MAR_F
MAR_F_FEAR_00482,Marathi,1,MAR_F
MAR_F_FEAR_00112,Marathi,0,MAR_F
MAR_F_FEAR_00158,Marathi,1,MAR_F
MAR_F_HAPPY_00150,Marathi,0,MAR_F
MAR_F_HAPPY_00362,Marathi,0,MAR_F
MAR_F_HAPPY_00304,Marathi,1,MAR_F
MAR_F_HAPPY_00079,Marathi,0,MAR_F
MAR_F_HAPPY_00095,Marathi,0,MAR_F
MAR_F_HAPPY_00482,Marathi,0,MAR_F
MAR_F_HAPPY_00097,Marathi,1,MAR_F
MAR_F_HAPPY_00202,Marathi,1,MAR_F
MAR_F_HAPPY_00194,Marathi,0,MAR_F
MAR_F_HAPPY_00487,Marathi,1,MAR_F
MAR_F_HAPPY_00013,Marathi,0,MAR_F
MAR_F_HAPPY_00329,Marathi,0,MAR_F
MAR_F_HAPPY_00133,Marathi,1,MAR_F
MAR_F_HAPPY_00094,Marathi,1,MAR_F
MAR_F_HAPPY_00052,Marathi,1,MAR_F
MAR_F_HAPPY_00235,Marathi,1,MAR_F
MAR_F_HAPPY_00063,Marathi,0,MAR_F
MAR_F_HAPPY_00356,Marathi,1,MAR_F
MAR_F_HAPPY_00368,Marathi,0,MAR_F
MAR_F_HAPPY_00251,Marathi,0,MAR_F
MAR_F_HAPPY_00021,Marathi,0,MAR_F
MAR_F_HAPPY_00317,Marathi,0,MAR_F
MAR_F_HAPPY_00440,Marathi,0,MAR_F
MAR_F_HAPPY_00001,Marathi,0,MAR_F
MAR_F_HAPPY_00136,Marathi,1,MAR_F
MAR_F_HAPPY_00491,Marathi,0,MAR_F
MAR_F_HAPPY_00102,Marathi,0,MAR_F
MAR_F_HAPPY_00053,Marathi,1,MAR_F
MAR_F_HAPPY_00300,Marathi,1,MAR_F
MAR_F_HAPPY_00389,Marathi,1,MAR_F
MAR_F_HAPPY_00109,Marathi,1,MAR_F
MAR_F_HAPPY_00448,Marathi,1,MAR_F
MAR_F_HAPPY_00454,Marathi,0,MAR_F
MAR_F_HAPPY_00078,Marathi,0,MAR_F
MAR_F_HAPPY_00100,Marathi,1,MAR_F
MAR_F_HAPPY_00436,Marathi,1,MAR_F
MAR_F_HAPPY_00336,Marathi,1,MAR_F
MAR_F_HAPPY_00222,Marathi,1,MAR_F
MAR_F_HAPPY_00423,Marathi,1,MAR_F
MAR_F_HAPPY_00173,Marathi,0,MAR_F
MAR_F_HAPPY_00041,Marathi,1,MAR_F
MAR_F_HAPPY_00413,Marathi,1,MAR_F
MAR_F_HAPPY_00077,Marathi,0,MAR_F
MAR_F_HAPPY_00314,Marathi,0,MAR_F
MAR_F_HAPPY_00190,Marathi,0,MAR_F
MAR_F_HAPPY_00101,Marathi,1,MAR_F
MAR_F_HAPPY_00122,Marathi,1,MAR_F
MAR_F_HAPPY_00067,Marathi,0,MAR_F
MAR_F_HAPPY_00421,Marathi,0,MAR_F
MAR_F_HAPPY_00108,Marathi,0,MAR_F
MAR_F_HAPPY_00315,Marathi,1,MAR_F
MAR_F_HAPPY_00061,Marathi,0,MAR_F
MAR_F_HAPPY_00316,Marathi,1,MAR_F
MAR_F_HAPPY_00118,Marathi,0,MAR_F
MAR_F_HAPPY_00048,Marathi,1,MAR_F
MAR_F_HAPPY_00373,Marathi,0,MAR_F
MAR_F_HAPPY_00233,Marathi,1,MAR_F
MAR_F_HAPPY_00288,Marathi,1,MAR_F
MAR_F_HAPPY_00212,Marathi,1,MAR_F
MAR_F_HAPPY_00203,Marathi,1,MAR_F
MAR_F_HAPPY_00033,Marathi,1,MAR_F
MAR_F_HAPPY_00050,Marathi,1,MAR_F
MAR_F_HAPPY_00321,Marathi,1,MAR_F
MAR_F_HAPPY_00154,Marathi,0,MAR_F
MAR_F_HAPPY_00352,Marathi,0,MAR_F
MAR_F_HAPPY_00189,Marathi,0,MAR_F
MAR_F_HAPPY_00428,Marathi,0,MAR_F
MAR_F_HAPPY_00412,Marathi,0,MAR_F
MAR_F_HAPPY_00225,Marathi,0,MAR_F
MAR_F_HAPPY_00180,Marathi,0,MAR_F
MAR_F_HAPPY_00011,Marathi,1,MAR_F
MAR_F_HAPPY_00066,Marathi,0,MAR_F
MAR_F_HAPPY_00299,Marathi,0,MAR_F
MAR_F_HAPPY_00486,Marathi,1,MAR_F
MAR_F_HAPPY_00279,Marathi,1,MAR_F
MAR_F_HAPPY_00005,Marathi,1,MAR_F
MAR_F_HAPPY_00460,Marathi,1,MAR_F
MAR_F_INDIC_00185,Marathi,0,MAR_F
MAR_F_INDIC_00526,Marathi,1,MAR_F
MAR_F_INDIC_00071,Marathi,0,MAR_F
MAR_F_INDIC_00292,Marathi,0,MAR_F
MAR_F_INDIC_00088,Marathi,1,MAR_F
MAR_F_INDIC_00446,Marathi,0,MAR_F
MAR_F_INDIC_00449,Marathi,1,MAR_F
MAR_F_INDIC_00100,Marathi,1,MAR_F
MAR_F_INDIC_00025,Marathi,1,MAR_F
MAR_F_INDIC_00170,Marathi,0,MAR_F
MAR_F_INDIC_00261,Marathi,0,MAR_F
MAR_F_INDIC_00095,Marathi,0,MAR_F
MAR_F_INDIC_00406,Marathi,1,MAR_F
MAR_F_INDIC_00235,Marathi,0,MAR_F
MAR_F_INDIC_00164,Marathi,1,MAR_F
MAR_F_INDIC_00191,Marathi,0,MAR_F
MAR_F_INDIC_00158,Marathi,0,MAR_F
MAR_F_INDIC_00012,Marathi,0,MAR_F
MAR_F_INDIC_00098,Marathi,0,MAR_F
MAR_F_INDIC_00372,Marathi,1,MAR_F
MAR_F_INDIC_00283,Marathi,0,MAR_F
MAR_F_INDIC_00194,Marathi,1,MAR_F
MAR_F_INDIC_00008,Marathi,1,MAR_F
MAR_F_INDIC_00209,Marathi,1,MAR_F
MAR_F_INDIC_00312,Marathi,0,MAR_F
MAR_F_INDIC_00197,Marathi,0,MAR_F
MAR_F_INDIC_00384,Marathi,0,MAR_F
MAR_F_INDIC_00516,Marathi,1,MAR_F
MAR_F_INDIC_00106,Marathi,1,MAR_F
MAR_F_INDIC_00481,Marathi,0,MAR_F
MAR_F_INDIC_00319,Marathi,0,MAR_F
MAR_F_INDIC_00565,Marathi,0,MAR_F
MAR_F_INDIC_00435,Marathi,0,MAR_F
MAR_F_INDIC_00093,Marathi,0,MAR_F
MAR_F_INDIC_00410,Marathi,1,MAR_F
MAR_F_INDIC_00594,Marathi,0,MAR_F
MAR_F_INDIC_00038,Marathi,1,MAR_F
MAR_F_INDIC_00250,Marathi,0,MAR_F
MAR_F_INDIC_00318,Marathi,1,MAR_F
MAR_F_INDIC_00104,Marathi,1,MAR_F
MAR_F_INDIC_00537,Marathi,0,MAR_F
MAR_F_INDIC_00048,Marathi,1,MAR_F
MAR_F_INDIC_00214,Marathi,1,MAR_F
MAR_F_INDIC_00263,Marathi,1,MAR_F
MAR_F_INDIC_00003,Marathi,1,MAR_F
MAR_F_INDIC_00167,Marathi,0,MAR_F
MAR_F_INDIC_00352,Marathi,0,MAR_F
MAR_F_INDIC_00251,Marathi,1,MAR_F
MAR_F_INDIC_00172,Marathi,0,MAR_F
MAR_F_INDIC_00333,Marathi,0,MAR_F
MAR_F_INDIC_00561,Marathi,0,MAR_F
MAR_F_INDIC_00588,Marathi,1,MAR_F
MAR_F_INDIC_00524,Marathi,1,MAR_F
MAR_F_INDIC_00142,Marathi,1,MAR_F
MAR_F_INDIC_00073,Marathi,1,MAR_F
MAR_F_INDIC_00572,Marathi,0,MAR_F
MAR_F_INDIC_00260,Marathi,1,MAR_F
MAR_F_INDIC_00281,Marathi,1,MAR_F
MAR_F_INDIC_00272,Marathi,1,MAR_F
MAR_F_INDIC_00347,Marathi,1,MAR_F
MAR_F_INDIC_00569,Marathi,1,MAR_F
MAR_F_INDIC_00468,Marathi,0,MAR_F
MAR_F_INDIC_00359,Marathi,0,MAR_F
MAR_F_INDIC_00101,Marathi,0,MAR_F
MAR_F_INDIC_00271,Marathi,1,MAR_F
MAR_F_INDIC_00388,Marathi,1,MAR_F
MAR_F_INDIC_00202,Marathi,1,MAR_F
MAR_F_INDIC_00143,Marathi,0,MAR_F
MAR_F_INDIC_00090,Marathi,0,MAR_F
MAR_F_INDIC_00355,Marathi,1,MAR_F
MAR_F_INDIC_00386,Marathi,0,MAR_F
MAR_F_INDIC_00097,Marathi,1,MAR_F
MAR_F_INDIC_00010,Marathi,1,MAR_F
MAR_F_INDIC_00133,Marathi,1,MAR_F
MAR_F_INDIC_00307,Marathi,0,MAR_F
MAR_F_INDIC_00479,Marathi,0,MAR_F
MAR_F_INDIC_00123,Marathi,0,MAR_F
MAR_F_BOOK_01243,Marathi,1,MAR_F
MAR_F_BOOK_00621,Marathi,1,MAR_F
MAR_F_BOOK_00502,Marathi,0,MAR_F
MAR_F_BOOK_01063,Marathi,0,MAR_F
MAR_F_BOOK_01138,Marathi,1,MAR_F
MAR_F_BOOK_01206,Marathi,1,MAR_F
MAR_F_BOOK_00775,Marathi,0,MAR_F
MAR_F_BOOK_00417,Marathi,1,MAR_F
MAR_F_BOOK_01223,Marathi,0,MAR_F
MAR_F_BOOK_01062,Marathi,1,MAR_F
MAR_F_BOOK_00791,Marathi,0,MAR_F
MAR_F_BOOK_01236,Marathi,1,MAR_F
MAR_F_BOOK_00105,Marathi,1,MAR_F
MAR_F_BOOK_00234,Marathi,1,MAR_F
MAR_F_BOOK_00465,Marathi,0,MAR_F
MAR_F_BOOK_01048,Marathi,1,MAR_F
MAR_F_BOOK_00042,Marathi,0,MAR_F
MAR_F_BOOK_00608,Marathi,0,MAR_F
MAR_F_BOOK_00919,Marathi,0,MAR_F
MAR_F_BOOK_00691,Marathi,0,MAR_F
MAR_F_BOOK_00456,Marathi,1,MAR_F
MAR_F_BOOK_00348,Marathi,0,MAR_F
MAR_F_BOOK_00391,Marathi,1,MAR_F
MAR_F_BOOK_00647,Marathi,0,MAR_F
MAR_F_BOOK_00678,Marathi,1,MAR_F
MAR_F_BOOK_01171,Marathi,0,MAR_F
MAR_F_BOOK_00513,Marathi,0,MAR_F
MAR_F_BOOK_00972,Marathi,0,MAR_F
MAR_F_BOOK_01007,Marathi,1,MAR_F
MAR_F_BOOK_00459,Marathi,1,MAR_F
MAR_F_BOOK_00056,Marathi,0,MAR_F
MAR_F_BOOK_00676,Marathi,1,MAR_F
MAR_F_BOOK_00353,Marathi,1,MAR_F
MAR_F_BOOK_01018,Marathi,1,MAR_F
MAR_F_BOOK_00508,Marathi,0,MAR_F
MAR_F_BOOK_00942,Marathi,1,MAR_F
MAR_F_BOOK_00912,Marathi,0,MAR_F
MAR_F_BOOK_00030,Marathi,1,MAR_F
MAR_F_BOOK_00498,Marathi,0,MAR_F
MAR_F_BOOK_00768,Marathi,0,MAR_F
MAR_F_BOOK_00352,Marathi,0,MAR_F
MAR_F_BOOK_00537,Marathi,0,MAR_F
MAR_F_BOOK_00097,Marathi,0,MAR_F
MAR_F_BOOK_00140,Marathi,1,MAR_F
MAR_F_BOOK_01081,Marathi,0,MAR_F
MAR_F_BOOK_00379,Marathi,1,MAR_F
MAR_F_BOOK_00471,Marathi,0,MAR_F
MAR_F_BOOK_00112,Marathi,1,MAR_F
MAR_F_BOOK_00524,Marathi,1,MAR_F
MAR_F_BOOK_00570,Marathi,1,MAR_F
MAR_F_BOOK_01080,Marathi,0,MAR_F
MAR_F_BOOK_00941,Marathi,0,MAR_F
MAR_F_BOOK_00681,Marathi,0,MAR_F
MAR_F_BOOK_00870,Marathi,0,MAR_F
MAR_F_BOOK_00418,Marathi,1,MAR_F
MAR_F_BOOK_00114,Marathi,1,MAR_F
MAR_F_BOOK_00229,Marathi,0,MAR_F
MAR_F_BOOK_00231,Marathi,1,MAR_F
MAR_F_BOOK_01146,Marathi,1,MAR_F
MAR_F_BOOK_00813,Marathi,1,MAR_F
MAR_F_BOOK_01179,Marathi,0,MAR_F
MAR_F_BOOK_00061,Marathi,1,MAR_F
MAR_F_BOOK_01029,Marathi,0,MAR_F
MAR_F_BOOK_00789,Marathi,1,MAR_F
MAR_F_BOOK_00395,Marathi,0,MAR_F
MAR_F_BOOK_00272,Marathi,1,MAR_F
MAR_F_BOOK_00814,Marathi,0,MAR_F
MAR_F_BOOK_00705,Marathi,0,MAR_F
MAR_F_BOOK_00928,Marathi,0,MAR_F
MAR_F_BOOK_00492,Marathi,1,MAR_F
MAR_F_BOOK_00609,Marathi,1,MAR_F
MAR_F_BOOK_01151,Marathi,1,MAR_F
MAR_F_BOOK_00852,Marathi,0,MAR_F
MAR_F_BOOK_01021,Marathi,1,MAR_F
MAR_F_BOOK_00479,Marathi,1,MAR_F
MAR_F_BOOK_00634,Marathi,0,MAR_F
MAR_F_BOOK_01226,Marathi,0,MAR_F
MAR_F_WIKI_02481,Marathi,1,MAR_F
MAR_F_WIKI_01935,Marathi,0,MAR_F
MAR_F_WIKI_02432,Marathi,1,MAR_F
MAR_F_WIKI_00522,Marathi,0,MAR_F
MAR_F_WIKI_01774,Marathi,1,MAR_F
MAR_F_WIKI_02752,Marathi,0,MAR_F
MAR_F_WIKI_02262,Marathi,0,MAR_F
MAR_F_WIKI_01032,Marathi,1,MAR_F
MAR_F_WIKI_02120,Marathi,1,MAR_F
MAR_F_WIKI_01372,Marathi,1,MAR_F
MAR_F_WIKI_02064,Marathi,1,MAR_F
MAR_F_WIKI_01266,Marathi,1,MAR_F
MAR_F_WIKI_00447,Marathi,0,MAR_F
MAR_F_WIKI_03002,Marathi,1,MAR_F
MAR_F_WIKI_01125,Marathi,1,MAR_F
MAR_F_WIKI_02815,Marathi,0,MAR_F
MAR_F_WIKI_02778,Marathi,1,MAR_F
MAR_F_WIKI_00947,Marathi,1,MAR_F
MAR_F_WIKI_01328,Marathi,0,MAR_F
MAR_F_WIKI_02897,Marathi,0,MAR_F
MAR_F_WIKI_01168,Marathi,1,MAR_F
MAR_F_WIKI_02914,Marathi,1,MAR_F
MAR_F_WIKI_01093,Marathi,0,MAR_F
MAR_F_WIKI_02604,Marathi,1,MAR_F
MAR_F_WIKI_00462,Marathi,1,MAR_F
MAR_F_WIKI_02346,Marathi,1,MAR_F
MAR_F_WIKI_00205,Marathi,0,MAR_F
MAR_F_WIKI_00422,Marathi,0,MAR_F
MAR_F_WIKI_01504,Marathi,1,MAR_F
SAN_M_ANGER_00041,Sanskrit,1,SAN_M
SAN_M_ANGER_00205,Sanskrit,0,SAN_M
SAN_M_ANGER_00319,Sanskrit,1,SAN_M
SAN_M_ANGER_00208,Sanskrit,1,SAN_M
SAN_M_ANGER_00354,Sanskrit,0,SAN_M
SAN_M_ANGER_00388,Sanskrit,1,SAN_M
SAN_M_ANGER_00235,Sanskrit,0,SAN_M
SAN_M_ANGER_00334,Sanskrit,1,SAN_M
SAN_M_ANGER_00121,Sanskrit,0,SAN_M
SAN_M_ANGER_00234,Sanskrit,0,SAN_M
SAN_M_ANGER_00119,Sanskrit,1,SAN_M
SAN_M_ANGER_00219,Sanskrit,0,SAN_M
SAN_M_ANGER_00396,Sanskrit,1,SAN_M
SAN_M_ANGER_00240,Sanskrit,1,SAN_M
SAN_M_ANGER_00248,Sanskrit,0,SAN_M
SAN_M_ANGER_00233,Sanskrit,0,SAN_M
SAN_M_ANGER_00203,Sanskrit,1,SAN_M
SAN_M_ANGER_00082,Sanskrit,0,SAN_M
SAN_M_ANGER_00130,Sanskrit,0,SAN_M
SAN_M_ANGER_00398,Sanskrit,0,SAN_M
SAN_M_ANGER_00062,Sanskrit,0,SAN_M
SAN_M_ANGER_00108,Sanskrit,1,SAN_M
SAN_M_ANGER_00295,Sanskrit,1,SAN_M
SAN_M_ANGER_00274,Sanskrit,0,SAN_M
SAN_M_ANGER_00228,Sanskrit,1,SAN_M
SAN_M_ANGER_00345,Sanskrit,1,SAN_M
SAN_M_ANGER_00190,Sanskrit,0,SAN_M
SAN_M_ANGER_00057,Sanskrit,1,SAN_M
SAN_M_ANGER_00018,Sanskrit,0,SAN_M
SAN_M_ANGER_00231,Sanskrit,1,SAN_M
SAN_M_ANGER_00032,Sanskrit,1,SAN_M
SAN_M_ANGER_00178,Sanskrit,1,SAN_M
SAN_M_ANGER_00035,Sanskrit,1,SAN_M
SAN_M_ANGER_00194,Sanskrit,0,SAN_M
SAN_M_ANGER_00288,Sanskrit,0,SAN_M
SAN_M_ANGER_00111,Sanskrit,0,SAN_M
SAN_M_ANGER_00382,Sanskrit,1,SAN_M
SAN_M_ANGER_00384,Sanskrit,0,SAN_M
SAN_M_ANGER_00014,Sanskrit,1,SAN_M
SAN_M_ANGER_00093,Sanskrit,1,SAN_M
SAN_M_ANGER_00064,Sanskrit,0,SAN_M
SAN_M_ANGER_00207,Sanskrit,0,SAN_M
SAN_M_ANGER_00092,Sanskrit,0,SAN_M
SAN_M_ANGER_00036,Sanskrit,1,SAN_M
SAN_M_ANGER_00186,Sanskrit,0,SAN_M
SAN_M_ANGER_00339,Sanskrit,1,SAN_M
SAN_M_ANGER_00029,Sanskrit,1,SAN_M
SAN_M_ANGER_00326,Sanskrit,0,SAN_M
SAN_M_ANGER_00278,Sanskrit,0,SAN_M
SAN_M_ANGER_00338,Sanskrit,0,SAN_M
SAN_M_ANGER_00133,Sanskrit,1,SAN_M
SAN_M_ANGER_00249,Sanskrit,1,SAN_M
SAN_M_ANGER_00260,Sanskrit,0,SAN_M
SAN_M_ANGER_00026,Sanskrit,1,SAN_M
SAN_M_ANGER_00255,Sanskrit,0,SAN_M
SAN_M_ANGER_00019,Sanskrit,0,SAN_M
SAN_M_ANGER_00198,Sanskrit,1,SAN_M
SAN_M_ANGER_00385,Sanskrit,1,SAN_M
SAN_M_ANGER_00044,Sanskrit,1,SAN_M
SAN_M_ANGER_00254,Sanskrit,0,SAN_M
SAN_M_ANGER_00239,Sanskrit,0,SAN_M
SAN_M_ANGER_00147,Sanskrit,1,SAN_M
SAN_M_ANGER_00049,Sanskrit,1,SAN_M
SAN_M_ANGER_00229,Sanskrit,0,SAN_M
SAN_M_ANGER_00027,Sanskrit,1,SAN_M
SAN_M_ANGER_00355,Sanskrit,0,SAN_M
SAN_M_ANGER_00400,Sanskrit,1,SAN_M
SAN_M_ANGER_00094,Sanskrit,0,SAN_M
SAN_M_ANGER_00282,Sanskrit,0,SAN_M
SAN_M_ANGER_00167,Sanskrit,1,SAN_M
SAN_M_ANGER_00140,Sanskrit,0,SAN_M
SAN_M_ANGER_00320,Sanskrit,0,SAN_M
SAN_M_ANGER_00306,Sanskrit,1,SAN_M
SAN_M_ANGER_00116,Sanskrit,1,SAN_M
SAN_M_ANGER_00030,Sanskrit,0,SAN_M
SAN_M_ANGER_00177,Sanskrit,0,SAN_M
SAN_M_ANGER_00328,Sanskrit,0,SAN_M
SAN_M_ANGER_00142,Sanskrit,0,SAN_M
SAN_M_ANGER_00125,Sanskrit,1,SAN_M
SAN_M_ANGER_00185,Sanskrit,1,SAN_M
SAN_M_ANGER_00073,Sanskrit,1,SAN_M
SAN_M_ANGER_00305,Sanskrit,0,SAN_M
SAN_M_ANGER_00417,Sanskrit,1,SAN_M
SAN_M_ANGER_00050,Sanskrit,1,SAN_M
SAN_M_ANGER_00202,Sanskrit,0,SAN_M
SAN_M_ANGER_00184,Sanskrit,0,SAN_M
SAN_M_ANGER_00076,Sanskrit,0,SAN_M
SAN_M_ANGER_00160,Sanskrit,0,SAN_M
SAN_M_ANGER_00225,Sanskrit,1,SAN_M
SAN_M_ANGER_00290,Sanskrit,0,SAN_M
SAN_M_ANGER_00042,Sanskrit,1,SAN_M
SAN_M_ANGER_00211,Sanskrit,0,SAN_M
SAN_M_ANGER_00118,Sanskrit,1,SAN_M
SAN_M_ANGER_00420,Sanskrit,1,SAN_M
SAN_M_ANGER_00193,Sanskrit,0,SAN_M
SAN_M_ANGER_00394,Sanskrit,0,SAN_M
SAN_M_ANGER_00252,Sanskrit,0,SAN_M
SAN_M_ANGER_00376,Sanskrit,0,SAN_M
SAN_M_ANGER_00293,Sanskrit,1,SAN_M
SAN_M_ANGER_00192,Sanskrit,1,SAN_M
SAN_M_ANGER_00002,Sanskrit,1,SAN_M
SAN_M_ANGER_00098,Sanskrit,0,SAN_M
SAN_M_ANGER_00182,Sanskrit,1,SAN_M
SAN_M_ANGER_00005,Sanskrit,0,SAN_M
SAN_M_ANGER_00169,Sanskrit,0,SAN_M
SAN_M_ANGER_00113,Sanskrit,1,SAN_M
SAN_M_ANGER_00313,Sanskrit,0,SAN_M
SAN_M_ANGER_00325,Sanskrit,1,SAN_M
SAN_M_ANGER_00213,Sanskrit,1,SAN_M
SAN_M_ANGER_00158,Sanskrit,0,SAN_M
SAN_M_ANGER_00187,Sanskrit,1,SAN_M
SAN_M_ANGER_00238,Sanskrit,0,SAN_M
SAN_M_ANGER_00294,Sanskrit,1,SAN_M
SAN_M_ANGER_00363,Sanskrit,0,SAN_M
SAN_M_ANGER_00109,Sanskrit,0,SAN_M
SAN_M_ANGER_00206,Sanskrit,0,SAN_M
SAN_M_ANGER_00040,Sanskrit,1,SAN_M
SAN_M_ANGER_00365,Sanskrit,1,SAN_M
SAN_M_ANGER_00324,Sanskrit,0,SAN_M
SAN_M_ANGER_00404,Sanskrit,1,SAN_M
SAN_M_ANGER_00257,Sanskrit,1,SAN_M
SAN_M_ANGER_00366,Sanskrit,1,SAN_M
SAN_M_ANGER_00011,Sanskrit,0,SAN_M
SAN_M_ANGER_00188,Sanskrit,0,SAN_M
SAN_M_ANGER_00074,Sanskrit,1,SAN_M
SAN_M_ANGER_00301,Sanskrit,1,SAN_M
SAN_M_ANGER_00297,Sanskrit,0,SAN_M
SAN_M_ANGER_00237,Sanskrit,1,SAN_M
SAN_M_ANGER_00088,Sanskrit,1,SAN_M
SAN_M_ANGER_00346,Sanskrit,0,SAN_M
SAN_M_ANGER_00132,Sanskrit,0,SAN_M
SAN_M_ANGER_00291,Sanskrit,0,SAN_M
SAN_M_ANGER_00024,Sanskrit,0,SAN_M
SAN_M_ANGER_00046,Sanskrit,0,SAN_M
SAN_M_ANGER_00039,Sanskrit,0,SAN_M
SAN_M_ANGER_00341,Sanskrit,1,SAN_M
SAN_M_ANGER_00284,Sanskrit,0,SAN_M
SAN_M_ANGER_00069,Sanskrit,0,SAN_M
SAN_M_ANGER_00156,Sanskrit,0,SAN_M
SAN_M_ANGER_00283,Sanskrit,0,SAN_M
SAN_M_ANGER_00303,Sanskrit,0,SAN_M
SAN_M_ANGER_00055,Sanskrit,1,SAN_M
SAN_M_ANGER_00370,Sanskrit,1,SAN_M
SAN_M_ANGER_00298,Sanskrit,1,SAN_M
SAN_M_ANGER_00224,Sanskrit,1,SAN_M
SAN_M_ANGER_00037,Sanskrit,1,SAN_M
SAN_M_ANGER_00269,Sanskrit,1,SAN_M
SAN_M_ANGER_00230,Sanskrit,0,SAN_M
SAN_M_ANGER_00276,Sanskrit,1,SAN_M
SAN_M_ANGER_00003,Sanskrit,1,SAN_M
SAN_M_ANGER_00397,Sanskrit,1,SAN_M
SAN_M_ANGER_00165,Sanskrit,0,SAN_M
SAN_M_ANGER_00261,Sanskrit,0,SAN_M
SAN_M_ANGER_00343,Sanskrit,0,SAN_M
SAN_M_ANGER_00161,Sanskrit,1,SAN_M
SAN_M_ANGER_00048,Sanskrit,1,SAN_M
SAN_M_ANGER_00083,Sanskrit,1,SAN_M
SAN_M_ANGER_00243,Sanskrit,1,SAN_M
SAN_M_ANGER_00315,Sanskrit,0,SAN_M
SAN_M_ANGER_00279,Sanskrit,1,SAN_M
SAN_M_ANGER_00021,Sanskrit,1,SAN_M
SAN_M_ANGER_00357,Sanskrit,1,SAN_M
SAN_M_ANGER_00162,Sanskrit,1,SAN_M
SAN_M_ANGER_00038,Sanskrit,1,SAN_M
SAN_M_ANGER_00302,Sanskrit,0,SAN_M
SAN_M_ANGER_00007,Sanskrit,0,SAN_M
SAN_M_ANGER_00197,Sanskrit,1,SAN_M
SAN_M_ALEXA_00219,Sanskrit,1,SAN_M
SAN_M_ALEXA_00237,Sanskrit,1,SAN_M
SAN_M_DIGI_00009,Sanskrit,0,SAN_M
SAN_M_ALEXA_00143,Sanskrit,0,SAN_M
SAN_M_ALEXA_00106,Sanskrit,1,SAN_M
SAN_M_UMANG_00075,Sanskrit,1,SAN_M
SAN_M_ALEXA_00111,Sanskrit,0,SAN_M
SAN_M_BB_00020,Sanskrit,1,SAN_M
SAN_M_ALEXA_00061,Sanskrit,0,SAN_M
SAN_M_ALEXA_00091,Sanskrit,0,SAN_M
SAN_M_DIGI_00104,Sanskrit,1,SAN_M
SAN_M_BB_00039,Sanskrit,0,SAN_M
SAN_M_BB_00027,Sanskrit,0,SAN_M
SAN_M_ALEXA_00049,Sanskrit,1,SAN_M
SAN_M_BB_00035,Sanskrit,1,SAN_M
SAN_M_BB_00121,Sanskrit,1,SAN_M
SAN_M_ALEXA_00164,Sanskrit,0,SAN_M
SAN_M_BB_00025,Sanskrit,0,SAN_M
SAN_M_DIGI_00060,Sanskrit,0,SAN_M
SAN_M_ALEXA_00112,Sanskrit,1,SAN_M
SAN_M_ALEXA_00129,Sanskrit,0,SAN_M
SAN_M_DIGI_00012,Sanskrit,0,SAN_M
SAN_M_BB_00107,Sanskrit,1,SAN_M
SAN_M_DIGI_00063,Sanskrit,0,SAN_M
SAN_M_DIGI_00044,Sanskrit,0,SAN_M
SAN_M_ALEXA_00137,Sanskrit,1,SAN_M
SAN_M_ALEXA_00016,Sanskrit,0,SAN_M
SAN_M_ALEXA_00156,Sanskrit,0,SAN_M
SAN_M_DIGI_00040,Sanskrit,0,SAN_M
SAN_M_ALEXA_00117,Sanskrit,0,SAN_M
SAN_M_ALEXA_00260,Sanskrit,1,SAN_M
SAN_M_ALEXA_00118,Sanskrit,0,SAN_M
SAN_M_ALEXA_00090,Sanskrit,0,SAN_M
SAN_M_BB_00010,Sanskrit,0,SAN_M
SAN_M_BB_00100,Sanskrit,0,SAN_M
SAN_M_DIGI_00100,Sanskrit,0,SAN_M
SAN_M_ALEXA_00110,Sanskrit,1,SAN_M
SAN_M_BB_00061,Sanskrit,0,SAN_M
SAN_M_ALEXA_00052,Sanskrit,0,SAN_M
SAN_M_UMANG_00062,Sanskrit,0,SAN_M
SAN_M_BB_00124,Sanskrit,1,SAN_M
SAN_M_DIGI_00078,Sanskrit,1,SAN_M
SAN_M_BB_00031,Sanskrit,0,SAN_M
SAN_M_UMANG_00031,Sanskrit,0,SAN_M
SAN_M_ALEXA_00033,Sanskrit,1,SAN_M
SAN_M_ALEXA_00186,Sanskrit,0,SAN_M
SAN_M_ALEXA_00169,Sanskrit,0,SAN_M
SAN_M_ALEXA_00002,Sanskrit,0,SAN_M
SAN_M_ALEXA_00035,Sanskrit,0,SAN_M
SAN_M_ALEXA_00253,Sanskrit,0,SAN_M
SAN_M_BB_00105,Sanskrit,1,SAN_M
SAN_M_ALEXA_00232,Sanskrit,0,SAN_M
SAN_M_BB_00101,Sanskrit,1,SAN_M
SAN_M_ALEXA_00212,Sanskrit,1,SAN_M
SAN_M_ALEXA_00120,Sanskrit,0,SAN_M
SAN_M_UMANG_00010,Sanskrit,0,SAN_M
SAN_M_ALEXA_00203,Sanskrit,1,SAN_M
SAN_M_ALEXA_00042,Sanskrit,0,SAN_M
SAN_M_UMANG_00070,Sanskrit,1,SAN_M
SAN_M_ALEXA_00250,Sanskrit,0,SAN_M
SAN_M_ALEXA_00204,Sanskrit,0,SAN_M
SAN_M_UMANG_00079,Sanskrit,1,SAN_M
SAN_M_BB_00049,Sanskrit,1,SAN_M
SAN_M_ALEXA_00119,Sanskrit,1,SAN_M
SAN_M_ALEXA_00066,Sanskrit,0,SAN_M
SAN_M_BB_00065,Sanskrit,1,SAN_M
SAN_M_ALEXA_00125,Sanskrit,0,SAN_M
SAN_M_UMANG_00066,Sanskrit,0,SAN_M
SAN_M_UMANG_00014,Sanskrit,1,SAN_M
SAN_M_ALEXA_00206,Sanskrit,1,SAN_M
SAN_M_DIGI_00093,Sanskrit,1,SAN_M
SAN_M_ALEXA_00039,Sanskrit,0,SAN_M
SAN_M_ALEXA_00077,Sanskrit,1,SAN_M
SAN_M_BB_00108,Sanskrit,1,SAN_M
SAN_M_UMANG_00033,Sanskrit,0,SAN_M
SAN_M_BB_00043,Sanskrit,1,SAN_M
SAN_M_BB_00064,Sanskrit,1,SAN_M
SAN_M_ALEXA_00089,Sanskrit,1,SAN_M
SAN_M_ALEXA_00185,Sanskrit,0,SAN_M
SAN_M_ALEXA_00041,Sanskrit,1,SAN_M
SAN_M_ALEXA_00032,Sanskrit,0,SAN_M
SAN_M_ALEXA_00101,Sanskrit,0,SAN_M
SAN_M_ALEXA_00239,Sanskrit,1,SAN_M
SAN_M_ALEXA_00051,Sanskrit,1,SAN_M
SAN_M_BB_00119,Sanskrit,0,SAN_M
SAN_M_ALEXA_00003,Sanskrit,0,SAN_M
SAN_M_BB_00006,Sanskrit,1,SAN_M
SAN_M_ALEXA_00141,Sanskrit,1,SAN_M
SAN_M_BB_00115,Sanskrit,0,SAN_M
SAN_M_ALEXA_00221,Sanskrit,1,SAN_M
SAN_M_ALEXA_00010,Sanskrit,0,SAN_M
SAN_M_ALEXA_00075,Sanskrit,0,SAN_M
SAN_M_ALEXA_00176,Sanskrit,1,SAN_M
SAN_M_UMANG_00023,Sanskrit,0,SAN_M
SAN_M_BB_00084,Sanskrit,0,SAN_M
SAN_M_ALEXA_00031,Sanskrit,1,SAN_M
SAN_M_ALEXA_00209,Sanskrit,0,SAN_M
SAN_M_DIGI_00103,Sanskrit,1,SAN_M
SAN_M_DIGI_00021,Sanskrit,1,SAN_M
SAN_M_ALEXA_00008,Sanskrit,0,SAN_M
SAN_M_ALEXA_00034,Sanskrit,1,SAN_M
SAN_M_BB_00008,Sanskrit,0,SAN_M
SAN_M_ALEXA_00096,Sanskrit,1,SAN_M
SAN_M_ALEXA_00274,Sanskrit,0,SAN_M
SAN_M_UMANG_00020,Sanskrit,1,SAN_M
SAN_M_ALEXA_00099,Sanskrit,1,SAN_M
SAN_M_UMANG_00029,Sanskrit,1,SAN_M
SAN_M_ALEXA_00192,Sanskrit,1,SAN_M
SAN_M_ALEXA_00284,Sanskrit,0,SAN_M
SAN_M_ALEXA_00194,Sanskrit,1,SAN_M
SAN_M_ALEXA_00272,Sanskrit,1,SAN_M
SAN_M_BB_00066,Sanskrit,1,SAN_M
SAN_M_ALEXA_00043,Sanskrit,1,SAN_M
SAN_M_ALEXA_00014,Sanskrit,1,SAN_M
SAN_M_DIGI_00054,Sanskrit,1,SAN_M
SAN_M_BB_00055,Sanskrit,1,SAN_M
SAN_M_ALEXA_00161,Sanskrit,1,SAN_M
SAN_M_ALEXA_00152,Sanskrit,0,SAN_M
SAN_M_ALEXA_00277,Sanskrit,1,SAN_M
SAN_M_ALEXA_00046,Sanskrit,1,SAN_M
SAN_M_ALEXA_00202,Sanskrit,1,SAN_M
SAN_M_ALEXA_00168,Sanskrit,1,SAN_M
SAN_M_ALEXA_00178,Sanskrit,1,SAN_M
SAN_M_DIGI_00087,Sanskrit,0,SAN_M
SAN_M_ALEXA_00172,Sanskrit,0,SAN_M
SAN_M_BB_00050,Sanskrit,0,SAN_M
SAN_M_ALEXA_00116,Sanskrit,0,SAN_M
SAN_M_ALEXA_00195,Sanskrit,0,SAN_M
SAN_M_BB_00090,Sanskrit,1,SAN_M
SAN_M_BB_00092,Sanskrit,1,SAN_M
SAN_M_ALEXA_00269,Sanskrit,0,SAN_M
SAN_M_UMANG_00073,Sanskrit,0,SAN_M
SAN_M_UMANG_00039,Sanskrit,0,SAN_M
SAN_M_DIGI_00038,Sanskrit,1,SAN_M
SAN_M_BB_00073,Sanskrit,1,SAN_M
SAN_M_ALEXA_00215,Sanskrit,1,SAN_M
SAN_M_ALEXA_00248,Sanskrit,0,SAN_M
SAN_M_ALEXA_00163,Sanskrit,0,SAN_M
SAN_M_ALEXA_00247,Sanskrit,1,SAN_M
SAN_M_UMANG_00037,Sanskrit,1,SAN_M
SAN_M_ALEXA_00220,Sanskrit,0,SAN_M
SAN_M_DIGI_00050,Sanskrit,0,SAN_M
SAN_M_ALEXA_00126,Sanskrit,0,SAN_M
SAN_M_ALEXA_00246,Sanskrit,0,SAN_M
SAN_M_ALEXA_00251,Sanskrit,0,SAN_M
SAN_M_ALEXA_00115,Sanskrit,1,SAN_M
SAN_M_ALEXA_00273,Sanskrit,1,SAN_M
SAN_M_ALEXA_00179,Sanskrit,1,SAN_M
SAN_M_ALEXA_00025,Sanskrit,1,SAN_M
SAN_M_ALEXA_00255,Sanskrit,1,SAN_M
SAN_M_BB_00026,Sanskrit,0,SAN_M
SAN_M_ALEXA_00224,Sanskrit,1,SAN_M
SAN_M_ALEXA_00256,Sanskrit,0,SAN_M
SAN_M_UMANG_00035,Sanskrit,0,SAN_M
SAN_M_DIGI_00058,Sanskrit,0,SAN_M
SAN_M_ALEXA_00056,Sanskrit,1,SAN_M
SAN_M_ALEXA_00205,Sanskrit,1,SAN_M
SAN_M_BB_00042,Sanskrit,0,SAN_M
SAN_M_BB_00001,Sanskrit,1,SAN_M
SAN_M_ALEXA_00242,Sanskrit,1,SAN_M
SAN_M_BB_00019,Sanskrit,0,SAN_M
SAN_M_ALEXA_00093,Sanskrit,1,SAN_M
SAN_M_ALEXA_00166,Sanskrit,1,SAN_M
SAN_M_ALEXA_00281,Sanskrit,0,SAN_M
SAN_M_ALEXA_00271,Sanskrit,1,SAN_M
SAN_M_ALEXA_00011,Sanskrit,0,SAN_M
SAN_M_DIGI_00027,Sanskrit,0,SAN_M
SAN_M_CONV_01379,Sanskrit,0,SAN_M
SAN_M_CONV_00034,Sanskrit,1,SAN_M
SAN_M_CONV_01668,Sanskrit,0,SAN_M
SAN_M_CONV_01611,Sanskrit,0,SAN_M
SAN_M_CONV_01860,Sanskrit,1,SAN_M
SAN_M_CONV_00116,Sanskrit,0,SAN_M
SAN_M_CONV_01631,Sanskrit,1,SAN_M
SAN_M_CONV_02179,Sanskrit,1,SAN_M
SAN_M_CONV_01509,Sanskrit,1,SAN_M
SAN_M_CONV_00100,Sanskrit,0,SAN_M
SAN_M_CONV_00597,Sanskrit,0,SAN_M
SAN_M_CONV_00744,Sanskrit,0,SAN_M
SAN_M_CONV_00037,Sanskrit,0,SAN_M
SAN_M_CONV_02131,Sanskrit,0,SAN_M
SAN_M_CONV_00102,Sanskrit,1,SAN_M
SAN_M_CONV_00940,Sanskrit,1,SAN_M
SAN_M_CONV_00166,Sanskrit,1,SAN_M
SAN_M_CONV_00561,Sanskrit,0,SAN_M
SAN_M_CONV_01282,Sanskrit,0,SAN_M
SAN_M_CONV_01844,Sanskrit,1,SAN_M
SAN_M_CONV_00992,Sanskrit,0,SAN_M
SAN_M_CONV_01958,Sanskrit,1,SAN_M
SAN_M_CONV_00896,Sanskrit,1,SAN_M
SAN_M_CONV_01469,Sanskrit,0,SAN_M
SAN_M_CONV_01828,Sanskrit,1,SAN_M
SAN_M_CONV_00811,Sanskrit,0,SAN_M
SAN_M_CONV_01519,Sanskrit,0,SAN_M
SAN_M_CONV_01505,Sanskrit,0,SAN_M
SAN_M_CONV_00891,Sanskrit,0,SAN_M
SAN_M_CONV_01689,Sanskrit,0,SAN_M
SAN_M_CONV_01843,Sanskrit,1,SAN_M
SAN_M_CONV_00353,Sanskrit,0,SAN_M
SAN_M_CONV_01933,Sanskrit,0,SAN_M
SAN_M_CONV_00397,Sanskrit,1,SAN_M
SAN_M_CONV_00539,Sanskrit,1,SAN_M
SAN_M_CONV_01252,Sanskrit,0,SAN_M
SAN_M_CONV_00849,Sanskrit,1,SAN_M
SAN_M_CONV_00840,Sanskrit,0,SAN_M
SAN_M_CONV_00145,Sanskrit,0,SAN_M
SAN_M_CONV_01283,Sanskrit,1,SAN_M
SAN_M_CONV_00075,Sanskrit,1,SAN_M
SAN_M_CONV_00489,Sanskrit,1,SAN_M
SAN_M_CONV_00664,Sanskrit,1,SAN_M
SAN_M_CONV_02052,Sanskrit,1,SAN_M
SAN_M_CONV_02174,Sanskrit,0,SAN_M
SAN_M_CONV_01194,Sanskrit,1,SAN_M
SAN_M_CONV_00766,Sanskrit,0,SAN_M
SAN_M_CONV_00505,Sanskrit,0,SAN_M
SAN_M_CONV_00269,Sanskrit,0,SAN_M
SAN_M_CONV_01382,Sanskrit,1,SAN_M
SAN_M_CONV_00586,Sanskrit,0,SAN_M
SAN_M_CONV_01527,Sanskrit,1,SAN_M
SAN_M_CONV_00753,Sanskrit,1,SAN_M
SAN_M_CONV_00384,Sanskrit,1,SAN_M
SAN_M_CONV_01623,Sanskrit,0,SAN_M
SAN_M_CONV_00370,Sanskrit,1,SAN_M
SAN_M_CONV_02079,Sanskrit,1,SAN_M
SAN_M_CONV_01846,Sanskrit,0,SAN_M
SAN_M_CONV_01345,Sanskrit,1,SAN_M
SAN_M_CONV_01214,Sanskrit,1,SAN_M
SAN_M_CONV_01768,Sanskrit,0,SAN_M
SAN_M_CONV_00853,Sanskrit,0,SAN_M
SAN_M_CONV_00014,Sanskrit,0,SAN_M
SAN_M_CONV_01863,Sanskrit,0,SAN_M
SAN_M_CONV_02158,Sanskrit,0,SAN_M
SAN_M_CONV_00521,Sanskrit,0,SAN_M
SAN_M_CONV_01412,Sanskrit,1,SAN_M
SAN_M_CONV_01800,Sanskrit,0,SAN_M
SAN_M_CONV_00861,Sanskrit,1,SAN_M
SAN_M_CONV_00296,Sanskrit,1,SAN_M
SAN_M_CONV_01745,Sanskrit,0,SAN_M
SAN_M_CONV_00097,Sanskrit,1,SAN_M
SAN_M_CONV_01618,Sanskrit,0,SAN_M
SAN_M_CONV_00529,Sanskrit,0,SAN_M
SAN_M_CONV_01664,Sanskrit,0,SAN_M
SAN_M_CONV_02053,Sanskrit,1,SAN_M
SAN_M_CONV_01485,Sanskrit,0,SAN_M
SAN_M_CONV_00047,Sanskrit,0,SAN_M
SAN_M_CONV_01729,Sanskrit,1,SAN_M
SAN_M_CONV_01395,Sanskrit,1,SAN_M
SAN_M_CONV_00916,Sanskrit,1,SAN_M
SAN_M_CONV_01788,Sanskrit,1,SAN_M
SAN_M_CONV_00873,Sanskrit,1,SAN_M
SAN_M_CONV_00048,Sanskrit,0,SAN_M
SAN_M_CONV_00898,Sanskrit,0,SAN_M
SAN_M_CONV_00242,Sanskrit,1,SAN_M
SAN_M_CONV_01746,Sanskrit,0,SAN_M
SAN_M_CONV_00778,Sanskrit,0,SAN_M
SAN_M_CONV_00519,Sanskrit,1,SAN_M
SAN_M_CONV_02101,Sanskrit,1,SAN_M
SAN_M_CONV_02063,Sanskrit,0,SAN_M
SAN_M_CONV_00383,Sanskrit,1,SAN_M
SAN_M_CONV_01060,Sanskrit,0,SAN_M
SAN_M_CONV_00605,Sanskrit,0,SAN_M
SAN_M_CONV_02178,Sanskrit,0,SAN_M
SAN_M_CONV_00775,Sanskrit,1,SAN_M
SAN_M_CONV_00799,Sanskrit,0,SAN_M
SAN_M_CONV_01577,Sanskrit,1,SAN_M
SAN_M_CONV_01197,Sanskrit,1,SAN_M
SAN_M_CONV_00436,Sanskrit,1,SAN_M
SAN_M_CONV_01289,Sanskrit,0,SAN_M
SAN_M_CONV_00716,Sanskrit,1,SAN_M
SAN_M_CONV_00715,Sanskrit,1,SAN_M
SAN_M_CONV_00504,Sanskrit,1,SAN_M
SAN_M_CONV_00440,Sanskrit,0,SAN_M
SAN_M_CONV_01541,Sanskrit,0,SAN_M
SAN_M_CONV_01152,Sanskrit,1,SAN_M
SAN_M_CONV_00431,Sanskrit,0,SAN_M
SAN_M_CONV_00052,Sanskrit,1,SAN_M
SAN_M_CONV_00754,Sanskrit,0,SAN_M
SAN_M_CONV_00854,Sanskrit,1,SAN_M
SAN_M_CONV_02016,Sanskrit,0,SAN_M
SAN_M_CONV_01737,Sanskrit,0,SAN_M
SAN_M_CONV_01712,Sanskrit,1,SAN_M
SAN_M_CONV_00208,Sanskrit,1,SAN_M
SAN_M_CONV_01179,Sanskrit,0,SAN_M
SAN_M_CONV_00866,Sanskrit,1,SAN_M
SAN_M_CONV_01497,Sanskrit,1,SAN_M
SAN_M_CONV_01157,Sanskrit,1,SAN_M
SAN_M_CONV_01137,Sanskrit,0,SAN_M
SAN_M_CONV_00396,Sanskrit,0,SAN_M
SAN_M_CONV_00480,Sanskrit,0,SAN_M
SAN_M_CONV_00067,Sanskrit,0,SAN_M
SAN_M_CONV_01085,Sanskrit,0,SAN_M
SAN_M_CONV_00760,Sanskrit,0,SAN_M
SAN_M_CONV_01040,Sanskrit,0,SAN_M
SAN_M_CONV_00272,Sanskrit,0,SAN_M
SAN_M_CONV_00555,Sanskrit,0,SAN_M
SAN_M_CONV_02089,Sanskrit,1,SAN_M
SAN_M_CONV_00090,Sanskrit,0,SAN_M
SAN_M_CONV_00846,Sanskrit,1,SAN_M
SAN_M_CONV_01189,Sanskrit,1,SAN_M
SAN_M_CONV_00783,Sanskrit,1,SAN_M
SAN_M_CONV_01604,Sanskrit,1,SAN_M
SAN_M_CONV_01854,Sanskrit,1,SAN_M
SAN_M_CONV_01269,Sanskrit,1,SAN_M
SAN_M_CONV_00254,Sanskrit,1,SAN_M
SAN_M_CONV_00731,Sanskrit,0,SAN_M
SAN_M_CONV_00581,Sanskrit,1,SAN_M
SAN_M_CONV_01292,Sanskrit,1,SAN_M
SAN_M_CONV_01513,Sanskrit,0,SAN_M
SAN_M_CONV_02120,Sanskrit,1,SAN_M
SAN_M_CONV_01641,Sanskrit,1,SAN_M
SAN_M_CONV_01008,Sanskrit,1,SAN_M
SAN_M_CONV_01787,Sanskrit,1,SAN_M
SAN_M_CONV_01410,Sanskrit,0,SAN_M
SAN_M_CONV_01806,Sanskrit,1,SAN_M
SAN_M_CONV_01797,Sanskrit,0,SAN_M
SAN_M_CONV_01118,Sanskrit,1,SAN_M
SAN_M_CONV_01984,Sanskrit,0,SAN_M
SAN_M_CONV_00470,Sanskrit,0,SAN_M
SAN_M_CONV_01899,Sanskrit,1,SAN_M
SAN_M_CONV_01078,Sanskrit,0,SAN_M
SAN_M_CONV_00189,Sanskrit,1,SAN_M
SAN_M_CONV_01992,Sanskrit,0,SAN_M
SAN_M_CONV_00359,Sanskrit,0,SAN_M
SAN_M_CONV_01470,Sanskrit,0,SAN_M
SAN_M_CONV_00941,Sanskrit,1,SAN_M
SAN_M_CONV_01636,Sanskrit,1,SAN_M
SAN_M_CONV_00402,Sanskrit,0,SAN_M
SAN_M_CONV_02188,Sanskrit,0,SAN_M
SAN_M_CONV_01025,Sanskrit,1,SAN_M
SAN_M_CONV_01609,Sanskrit,1,SAN_M
SAN_M_CONV_01647,Sanskrit,1,SAN_M
SAN_M_CONV_01586,Sanskrit,0,SAN_M
SAN_M_CONV_00582,Sanskrit,0,SAN_M
SAN_M_CONV_00419,Sanskrit,1,SAN_M
SAN_M_DISGUST_00191,Sanskrit,1,SAN_M
SAN_M_DISGUST_00209,Sanskrit,0,SAN_M
SAN_M_DISGUST_00248,Sanskrit,1,SAN_M
SAN_M_DISGUST_00367,Sanskrit,0,SAN_M
SAN_M_DISGUST_00102,Sanskrit,0,SAN_M
SAN_M_DISGUST_00170,Sanskrit,0,SAN_M
SAN_M_DISGUST_00299,Sanskrit,0,SAN_M
SAN_M_DISGUST_00348,Sanskrit,1,SAN_M
SAN_M_DISGUST_00015,Sanskrit,0,SAN_M
SAN_M_DISGUST_00162,Sanskrit,1,SAN_M
SAN_M_DISGUST_00035,Sanskrit,0,SAN_M
SAN_M_DISGUST_00181,Sanskrit,1,SAN_M
SAN_M_DISGUST_00072,Sanskrit,0,SAN_M
SAN_M_DISGUST_00366,Sanskrit,0,SAN_M
SAN_M_DISGUST_00318,Sanskrit,1,SAN_M
SAN_M_DISGUST_00346,Sanskrit,1,SAN_M
SAN_M_DISGUST_00131,Sanskrit,1,SAN_M
SAN_M_DISGUST_00011,Sanskrit,1,SAN_M
SAN_M_DISGUST_00226,Sanskrit,0,SAN_M
SAN_M_DISGUST_00104,Sanskrit,1,SAN_M
SAN_M_DISGUST_00254,Sanskrit,1,SAN_M
SAN_M_DISGUST_00261,Sanskrit,0,SAN_M
SAN_M_DISGUST_00030,Sanskrit,0,SAN_M
SAN_M_DISGUST_00200,Sanskrit,1,SAN_M
SAN_M_DISGUST_00176,Sanskrit,0,SAN_M
SAN_M_DISGUST_00237,Sanskrit,0,SAN_M
SAN_M_DISGUST_00129,Sanskrit,1,SAN_M
SAN_M_DISGUST_00107,Sanskrit,1,SAN_M
SAN_M_DISGUST_00325,Sanskrit,0,SAN_M
SAN_M_DISGUST_00025,Sanskrit,1,SAN_M
SAN_M_DISGUST_00045,Sanskrit,0,SAN_M
SAN_M_DISGUST_00294,Sanskrit,1,SAN_M
SAN_M_DISGUST_00374,Sanskrit,0,SAN_M
SAN_M_DISGUST_00291,Sanskrit,1,SAN_M
SAN_M_DISGUST_00049,Sanskrit,0,SAN_M
SAN_M_DISGUST_00233,Sanskrit,0,SAN_M
SAN_M_DISGUST_00118,Sanskrit,1,SAN_M
SAN_M_DISGUST_00007,Sanskrit,0,SAN_M
SAN_M_DISGUST_00340,Sanskrit,0,SAN_M
SAN_M_DISGUST_00016,Sanskrit,0,SAN_M
SAN_M_DISGUST_00199,Sanskrit,0,SAN_M
SAN_M_DISGUST_00066,Sanskrit,0,SAN_M
SAN_M_DISGUST_00156,Sanskrit,1,SAN_M
SAN_M_DISGUST_00123,Sanskrit,0,SAN_M
SAN_M_DISGUST_00036,Sanskrit,0,SAN_M
SAN_M_DISGUST_00283,Sanskrit,0,SAN_M
SAN_M_DISGUST_00333,Sanskrit,0,SAN_M
SAN_M_DISGUST_00029,Sanskrit,1,SAN_M
SAN_M_DISGUST_00145,Sanskrit,0,SAN_M
SAN_M_DISGUST_00255,Sanskrit,1,SAN_M
SAN_M_DISGUST_00268,Sanskrit,1,SAN_M
SAN_M_DISGUST_00319,Sanskrit,1,SAN_M
SAN_M_DISGUST_00187,Sanskrit,1,SAN_M
SAN_M_DISGUST_00303,Sanskrit,0,SAN_M
SAN_M_DISGUST_00297,Sanskrit,1,SAN_M
SAN_M_DISGUST_00155,Sanskrit,1,SAN_M
SAN_M_DISGUST_00300,Sanskrit,1,SAN_M
SAN_M_DISGUST_00092,Sanskrit,0,SAN_M
SAN_M_DISGUST_00026,Sanskrit,1,SAN_M
SAN_M_DISGUST_00082,Sanskrit,1,SAN_M
SAN_M_DISGUST_00223,Sanskrit,0,SAN_M
SAN_M_DISGUST_00151,Sanskrit,0,SAN_M
SAN_M_DISGUST_00371,Sanskrit,1,SAN_M
SAN_M_DISGUST_00136,Sanskrit,1,SAN_M
SAN_M_DISGUST_00308,Sanskrit,0,SAN_M
SAN_M_DISGUST_00056,Sanskrit,0,SAN_M
SAN_M_DISGUST_00256,Sanskrit,0,SAN_M
SAN_M_DISGUST_00305,Sanskrit,1,SAN_M
SAN_M_DISGUST_00376,Sanskrit,0,SAN_M
SAN_M_DISGUST_00128,Sanskrit,0,SAN_M
SAN_M_DISGUST_00207,Sanskrit,1,SAN_M
SAN_M_DISGUST_00375,Sanskrit,1,SAN_M
SAN_M_DISGUST_00166,Sanskrit,1,SAN_M
SAN_M_DISGUST_00288,Sanskrit,1,SAN_M
SAN_M_DISGUST_00185,Sanskrit,1,SAN_M
SAN_M_DISGUST_00220,Sanskrit,1,SAN_M
SAN_M_DISGUST_00243,Sanskrit,1,SAN_M
SAN_M_DISGUST_00141,Sanskrit,1,SAN_M
SAN_M_DISGUST_00276,Sanskrit,0,SAN_M
SAN_M_DISGUST_00238,Sanskrit,0,SAN_M
SAN_M_DISGUST_00257,Sanskrit,0,SAN_M
SAN_M_DISGUST_00112,Sanskrit,1,SAN_M
SAN_M_DISGUST_00004,Sanskrit,0,SAN_M
SAN_M_DISGUST_00222,Sanskrit,0,SAN_M
SAN_M_DISGUST_00037,Sanskrit,1,SAN_M
SAN_M_DISGUST_00302,Sanskrit,1,SAN_M
SAN_M_DISGUST_00307,Sanskrit,1,SAN_M
SAN_M_DISGUST_00148,Sanskrit,1,SAN_M
SAN_M_DISGUST_00378,Sanskrit,1,SAN_M
SAN_M_DISGUST_00202,Sanskrit,0,SAN_M
SAN_M_DISGUST_00286,Sanskrit,0,SAN_M
SAN_M_DISGUST_00046,Sanskrit,0,SAN_M
SAN_M_DISGUST_00326,Sanskrit,0,SAN_M
SAN_M_DISGUST_00301,Sanskrit,0,SAN_M
SAN_M_DISGUST_00203,Sanskrit,0,SAN_M
SAN_M_DISGUST_00184,Sanskrit,0,SAN_M
SAN_M_DISGUST_00009,Sanskrit,0,SAN_M
SAN_M_DISGUST_00086,Sanskrit,1,SAN_M
SAN_M_DISGUST_00244,Sanskrit,1,SAN_M
SAN_M_DISGUST_00281,Sanskrit,1,SAN_M
SAN_M_DISGUST_00225,Sanskrit,0,SAN_M
SAN_M_DISGUST_00099,Sanskrit,0,SAN_M
SAN_M_DISGUST_00259,Sanskrit,1,SAN_M
SAN_M_DISGUST_00144,Sanskrit,1,SAN_M
SAN_M_DISGUST_00369,Sanskrit,1,SAN_M
SAN_M_DISGUST_00277,Sanskrit,0,SAN_M
SAN_M_DISGUST_00047,Sanskrit,1,SAN_M
SAN_M_DISGUST_00019,Sanskrit,1,SAN_M
SAN_M_DISGUST_00052,Sanskrit,1,SAN_M
SAN_M_DISGUST_00042,Sanskrit,1,SAN_M
SAN_M_DISGUST_00061,Sanskrit,1,SAN_M
SAN_M_DISGUST_00327,Sanskrit,1,SAN_M
SAN_M_DISGUST_00174,Sanskrit,1,SAN_M
SAN_M_DISGUST_00245,Sanskrit,0,SAN_M
SAN_M_DISGUST_00033,Sanskrit,0,SAN_M
SAN_M_DISGUST_00169,Sanskrit,1,SAN_M
SAN_M_DISGUST_00153,Sanskrit,1,SAN_M
SAN_M_DISGUST_00304,Sanskrit,1,SAN_M
SAN_M_DISGUST_00083,Sanskrit,0,SAN_M
SAN_M_DISGUST_00079,Sanskrit,1,SAN_M
SAN_M_DISGUST_00182,Sanskrit,0,SAN_M
SAN_M_DISGUST_00309,Sanskrit,1,SAN_M
SAN_M_DISGUST_00157,Sanskrit,0,SAN_M
SAN_M_DISGUST_00272,Sanskrit,1,SAN_M
SAN_M_DISGUST_00343,Sanskrit,0,SAN_M
SAN_M_DISGUST_00124,Sanskrit,1,SAN_M
SAN_M_DISGUST_00339,Sanskrit,0,SAN_M
SAN_M_DISGUST_00059,Sanskrit,0,SAN_M
SAN_M_DISGUST_00329,Sanskrit,0,SAN_M
SAN_M_DISGUST_00372,Sanskrit,1,SAN_M
SAN_M_DISGUST_00038,Sanskrit,1,SAN_M
SAN_M_DISGUST_00228,Sanskrit,1,SAN_M
SAN_M_DISGUST_00262,Sanskrit,1,SAN_M
SAN_M_DISGUST_00002,Sanskrit,1,SAN_M
SAN_M_DISGUST_00344,Sanskrit,0,SAN_M
SAN_M_DISGUST_00161,Sanskrit,0,SAN_M
SAN_M_DISGUST_00381,Sanskrit,1,SAN_M
SAN_M_DISGUST_00322,Sanskrit,0,SAN_M
SAN_M_DISGUST_00159,Sanskrit,0,SAN_M
SAN_M_DISGUST_00054,Sanskrit,1,SAN_M
SAN_M_DISGUST_00093,Sanskrit,1,SAN_M
SAN_M_DISGUST_00316,Sanskrit,0,SAN_M
SAN_M_DISGUST_00266,Sanskrit,0,SAN_M
SAN_M_DISGUST_00017,Sanskrit,0,SAN_M
SAN_M_DISGUST_00289,Sanskrit,1,SAN_M
SAN_M_DISGUST_00342,Sanskrit,1,SAN_M
SAN_M_DISGUST_00041,Sanskrit,1,SAN_M
SAN_M_DISGUST_00284,Sanskrit,0,SAN_M
SAN_M_DISGUST_00008,Sanskrit,0,SAN_M
SAN_M_DISGUST_00214,Sanskrit,0,SAN_M
SAN_M_DISGUST_00048,Sanskrit,1,SAN_M
SAN_M_DISGUST_00273,Sanskrit,0,SAN_M
SAN_M_DISGUST_00315,Sanskrit,0,SAN_M
SAN_M_DISGUST_00241,Sanskrit,1,SAN_M
SAN_M_DISGUST_00094,Sanskrit,1,SAN_M
SAN_M_DISGUST_00236,Sanskrit,0,SAN_M
SAN_M_DISGUST_00227,Sanskrit,0,SAN_M
SAN_M_DISGUST_00040,Sanskrit,1,SAN_M
SAN_M_DISGUST_00198,Sanskrit,0,SAN_M
SAN_M_DISGUST_00115,Sanskrit,0,SAN_M
SAN_M_DISGUST_00334,Sanskrit,0,SAN_M
SAN_M_DISGUST_00100,Sanskrit,0,SAN_M
SAN_M_DISGUST_00065,Sanskrit,0,SAN_M
SAN_M_DISGUST_00295,Sanskrit,1,SAN_M
SAN_M_DISGUST_00274,Sanskrit,1,SAN_M
SAN_M_DISGUST_00058,Sanskrit,0,SAN_M
SAN_M_DISGUST_00219,Sanskrit,0,SAN_M
SAN_M_FEAR_00023,Sanskrit,1,SAN_M
SAN_M_FEAR_00321,Sanskrit,1,SAN_M
SAN_M_FEAR_00208,Sanskrit,1,SAN_M
SAN_M_FEAR_00068,Sanskrit,1,SAN_M
SAN_M_FEAR_00243,Sanskrit,0,SAN_M
SAN_M_FEAR_00108,Sanskrit,0,SAN_M
SAN_M_FEAR_00316,Sanskrit,1,SAN_M
SAN_M_FEAR_00159,Sanskrit,0,SAN_M
SAN_M_FEAR_00298,Sanskrit,1,SAN_M
SAN_M_FEAR_00291,Sanskrit,1,SAN_M
SAN_M_FEAR_00121,Sanskrit,1,SAN_M
SAN_M_FEAR_00028,Sanskrit,1,SAN_M
SAN_M_FEAR_00003,Sanskrit,0,SAN_M
SAN_M_FEAR_00039,Sanskrit,0,SAN_M
SAN_M_FEAR_00046,Sanskrit,1,SAN_M
SAN_M_FEAR_00072,Sanskrit,1,SAN_M
SAN_M_FEAR_00102,Sanskrit,1,SAN_M
SAN_M_FEAR_00292,Sanskrit,0,SAN_M
SAN_M_FEAR_00184,Sanskrit,0,SAN_M
SAN_M_FEAR_00264,Sanskrit,1,SAN_M
SAN_M_FEAR_00147,Sanskrit,1,SAN_M
SAN_M_FEAR_00031,Sanskrit,1,SAN_M
SAN_M_FEAR_00269,Sanskrit,1,SAN_M
SAN_M_FEAR_00248,Sanskrit,0,SAN_M
SAN_M_FEAR_00178,Sanskrit,0,SAN_M
SAN_M_FEAR_00149,Sanskrit,0,SAN_M
SAN_M_FEAR_00358,Sanskrit,0,SAN_M
SAN_M_FEAR_00283,Sanskrit,1,SAN_M
SAN_M_FEAR_00215,Sanskrit,0,SAN_M
SAN_M_FEAR_00189,Sanskrit,0,SAN_M
SAN_M_FEAR_00204,Sanskrit,0,SAN_M
SAN_M_FEAR_00141,Sanskrit,1,SAN_M
SAN_M_FEAR_00030,Sanskrit,0,SAN_M
SAN_M_FEAR_00372,Sanskrit,1,SAN_M
SAN_M_FEAR_00016,Sanskrit,0,SAN_M
SAN_M_FEAR_00202,Sanskrit,1,SAN_M
SAN_M_FEAR_00365,Sanskrit,1,SAN_M
SAN_M_FEAR_00201,Sanskrit,1,SAN_M
SAN_M_FEAR_00197,Sanskrit,1,SAN_M
SAN_M_FEAR_00236,Sanskrit,0,SAN_M
SAN_M_FEAR_00232,Sanskrit,0,SAN_M
SAN_M_FEAR_00125,Sanskrit,1,SAN_M
SAN_M_FEAR_00234,Sanskrit,0,SAN_M
SAN_M_FEAR_00282,Sanskrit,0,SAN_M
SAN_M_FEAR_00233,Sanskrit,0,SAN_M
SAN_M_FEAR_00263,Sanskrit,1,SAN_M
SAN_M_FEAR_00117,Sanskrit,1,SAN_M
SAN_M_FEAR_00099,Sanskrit,0,SAN_M
SAN_M_FEAR_00213,Sanskrit,0,SAN_M
SAN_M_FEAR_00217,Sanskrit,1,SAN_M
SAN_M_FEAR_00076,Sanskrit,1,SAN_M
SAN_M_FEAR_00153,Sanskrit,1,SAN_M
SAN_M_FEAR_00175,Sanskrit,1,SAN_M
SAN_M_FEAR_00180,Sanskrit,1,SAN_M
SAN_M_FEAR_00200,Sanskrit,0,SAN_M
SAN_M_FEAR_00058,Sanskrit,1,SAN_M
SAN_M_FEAR_00040,Sanskrit,1,SAN_M
SAN_M_FEAR_00205,Sanskrit,0,SAN_M
SAN_M_FEAR_00320,Sanskrit,1,SAN_M
SAN_M_FEAR_00364,Sanskrit,0,SAN_M
SAN_M_FEAR_00024,Sanskrit,1,SAN_M
SAN_M_FEAR_00124,Sanskrit,0,SAN_M
SAN_M_FEAR_00045,Sanskrit,0,SAN_M
SAN_M_FEAR_00033,Sanskrit,0,SAN_M
SAN_M_FEAR_00194,Sanskrit,1,SAN_M
SAN_M_FEAR_00115,Sanskrit,1,SAN_M
SAN_M_FEAR_00138,Sanskrit,0,SAN_M
SAN_M_FEAR_00015,Sanskrit,1,SAN_M
SAN_M_FEAR_00100,Sanskrit,0,SAN_M
SAN_M_FEAR_00198,Sanskrit,0,SAN_M
SAN_M_FEAR_00228,Sanskrit,0,SAN_M
SAN_M_FEAR_00226,Sanskrit,1,SAN_M
SAN_M_FEAR_00114,Sanskrit,0,SAN_M
SAN_M_FEAR_00231,Sanskrit,0,SAN_M
SAN_M_FEAR_00351,Sanskrit,1,SAN_M
SAN_M_FEAR_00350,Sanskrit,1,SAN_M
SAN_M_FEAR_00047,Sanskrit,1,SAN_M
SAN_M_FEAR_00026,Sanskrit,1,SAN_M
SAN_M_FEAR_00052,Sanskrit,0,SAN_M
SAN_M_FEAR_00044,Sanskrit,1,SAN_M
SAN_M_FEAR_00066,Sanskrit,0,SAN_M
SAN_M_FEAR_00214,Sanskrit,0,SAN_M
SAN_M_FEAR_00199,Sanskrit,1,SAN_M
SAN_M_FEAR_00249,Sanskrit,0,SAN_M
SAN_M_FEAR_00083,Sanskrit,0,SAN_M
SAN_M_FEAR_00314,Sanskrit,1,SAN_M
SAN_M_FEAR_00306,Sanskrit,1,SAN_M
SAN_M_FEAR_00143,Sanskrit,1,SAN_M
SAN_M_FEAR_00067,Sanskrit,1,SAN_M
SAN_M_FEAR_00176,Sanskrit,0,SAN_M
SAN_M_FEAR_00230,Sanskrit,1,SAN_M
SAN_M_FEAR_00144,Sanskrit,0,SAN_M
SAN_M_FEAR_00254,Sanskrit,1,SAN_M
SAN_M_FEAR_00041,Sanskrit,0,SAN_M
SAN_M_FEAR_00065,Sanskrit,0,SAN_M
SAN_M_FEAR_00349,Sanskrit,0,SAN_M
SAN_M_FEAR_00216,Sanskrit,0,SAN_M
SAN_M_FEAR_00001,Sanskrit,0,SAN_M
SAN_M_FEAR_00008,Sanskrit,0,SAN_M
SAN_M_FEAR_00142,Sanskrit,1,SAN_M
SAN_M_FEAR_00073,Sanskrit,0,SAN_M
SAN_M_FEAR_00183,Sanskrit,0,SAN_M
SAN_M_FEAR_00195,Sanskrit,1,SAN_M
SAN_M_FEAR_00224,Sanskrit,0,SAN_M
SAN_M_FEAR_00261,Sanskrit,0,SAN_M
SAN_M_FEAR_00171,Sanskrit,1,SAN_M
SAN_M_FEAR_00158,Sanskrit,0,SAN_M
SAN_M_FEAR_00256,Sanskrit,0,SAN_M
SAN_M_FEAR_00245,Sanskrit,0,SAN_M
SAN_M_FEAR_00181,Sanskrit,0,SAN_M
SAN_M_FEAR_00055,Sanskrit,0,SAN_M
SAN_M_FEAR_00220,Sanskrit,0,SAN_M
SAN_M_FEAR_00107,Sanskrit,0,SAN_M
SAN_M_FEAR_00035,Sanskrit,1,SAN_M
SAN_M_FEAR_00242,Sanskrit,1,SAN_M
SAN_M_FEAR_00257,Sanskrit,1,SAN_M
SAN_M_FEAR_00049,Sanskrit,0,SAN_M
SAN_M_FEAR_00025,Sanskrit,0,SAN_M
SAN_M_FEAR_00207,Sanskrit,1,SAN_M
SAN_M_FEAR_00296,Sanskrit,1,SAN_M
SAN_M_FEAR_00020,Sanskrit,0,SAN_M
SAN_M_FEAR_00042,Sanskrit,0,SAN_M
SAN_M_FEAR_00229,Sanskrit,1,SAN_M
SAN_M_FEAR_00116,Sanskrit,1,SAN_M
SAN_M_FEAR_00152,Sanskrit,0,SAN_M
SAN_M_FEAR_00250,Sanskrit,0,SAN_M
SAN_M_FEAR_00014,Sanskrit,0,SAN_M
SAN_M_FEAR_00209,Sanskrit,0,SAN_M
SAN_M_FEAR_00048,Sanskrit,1,SAN_M
SAN_M_FEAR_00260,Sanskrit,0,SAN_M
SAN_M_FEAR_00106,Sanskrit,0,SAN_M
SAN_M_FEAR_00218,Sanskrit,0,SAN_M
SAN_M_FEAR_00104,Sanskrit,1,SAN_M
SAN_M_FEAR_00275,Sanskrit,0,SAN_M
SAN_M_FEAR_00131,Sanskrit,0,SAN_M
SAN_M_FEAR_00285,Sanskrit,1,SAN_M
SAN_M_FEAR_00109,Sanskrit,1,SAN_M
SAN_M_FEAR_00070,Sanskrit,1,SAN_M
SAN_M_FEAR_00241,Sanskrit,0,SAN_M
SAN_M_FEAR_00059,Sanskrit,0,SAN_M
SAN_M_FEAR_00212,Sanskrit,0,SAN_M
SAN_M_FEAR_00038,Sanskrit,0,SAN_M
SAN_M_FEAR_00270,Sanskrit,1,SAN_M
SAN_M_FEAR_00265,Sanskrit,1,SAN_M
SAN_M_FEAR_00146,Sanskrit,0,SAN_M
SAN_M_FEAR_00060,Sanskrit,1,SAN_M
SAN_M_FEAR_00157,Sanskrit,0,SAN_M
SAN_M_FEAR_00077,Sanskrit,1,SAN_M
SAN_M_FEAR_00177,Sanskrit,1,SAN_M
SAN_M_FEAR_00280,Sanskrit,0,SAN_M
SAN_M_FEAR_00071,Sanskrit,1,SAN_M
SAN_M_FEAR_00240,Sanskrit,1,SAN_M
SAN_M_FEAR_00251,Sanskrit,0,SAN_M
SAN_M_FEAR_00009,Sanskrit,1,SAN_M
SAN_M_FEAR_00191,Sanskrit,0,SAN_M
SAN_M_FEAR_00088,Sanskrit,1,SAN_M
SAN_M_FEAR_00225,Sanskrit,1,SAN_M
SAN_M_FEAR_00019,Sanskrit,1,SAN_M
SAN_M_FEAR_00337,Sanskrit,1,SAN_M
SAN_M_FEAR_00074,Sanskrit,0,SAN_M
SAN_M_FEAR_00081,Sanskrit,1,SAN_M
SAN_M_FEAR_00148,Sanskrit,1,SAN_M
SAN_M_FEAR_00051,Sanskrit,0,SAN_M
SAN_M_FEAR_00021,Sanskrit,0,SAN_M
SAN_M_FEAR_00196,Sanskrit,1,SAN_M
SAN_M_FEAR_00173,Sanskrit,1,SAN_M
SAN_M_FEAR_00151,Sanskrit,1,SAN_M
SAN_M_HAPPY_00042,Sanskrit,0,SAN_M
SAN_M_HAPPY_00185,Sanskrit,1,SAN_M
SAN_M_HAPPY_00299,Sanskrit,1,SAN_M
SAN_M_HAPPY_00213,Sanskrit,0,SAN_M
SAN_M_HAPPY_00020,Sanskrit,1,SAN_M
SAN_M_HAPPY_00369,Sanskrit,0,SAN_M
SAN_M_HAPPY_00136,Sanskrit,0,SAN_M
SAN_M_HAPPY_00309,Sanskrit,0,SAN_M
SAN_M_HAPPY_00091,Sanskrit,1,SAN_M
SAN_M_HAPPY_00215,Sanskrit,0,SAN_M
SAN_M_HAPPY_00108,Sanskrit,0,SAN_M
SAN_M_HAPPY_00316,Sanskrit,1,SAN_M
SAN_M_HAPPY_00349,Sanskrit,0,SAN_M
SAN_M_HAPPY_00143,Sanskrit,1,SAN_M
SAN_M_HAPPY_00291,Sanskrit,0,SAN_M
SAN_M_HAPPY_00163,Sanskrit,1,SAN_M
SAN_M_HAPPY_00290,Sanskrit,1,SAN_M
SAN_M_HAPPY_00082,Sanskrit,0,SAN_M
SAN_M_HAPPY_00303,Sanskrit,1,SAN_M
SAN_M_HAPPY_00374,Sanskrit,1,SAN_M
SAN_M_HAPPY_00064,Sanskrit,0,SAN_M
SAN_M_HAPPY_00099,Sanskrit,1,SAN_M
SAN_M_HAPPY_00277,Sanskrit,0,SAN_M
SAN_M_HAPPY_00115,Sanskrit,1,SAN_M
SAN_M_HAPPY_00334,Sanskrit,1,SAN_M
SAN_M_HAPPY_00322,Sanskrit,0,SAN_M
SAN_M_HAPPY_00113,Sanskrit,0,SAN_M
SAN_M_HAPPY_00059,Sanskrit,1,SAN_M
SAN_M_HAPPY_00014,Sanskrit,1,SAN_M
SAN_M_HAPPY_00167,Sanskrit,0,SAN_M
SAN_M_HAPPY_00033,Sanskrit,1,SAN_M
SAN_M_HAPPY_00231,Sanskrit,0,SAN_M
SAN_M_HAPPY_00035,Sanskrit,1,SAN_M
SAN_M_HAPPY_00250,Sanskrit,0,SAN_M
SAN_M_HAPPY_00344,Sanskrit,1,SAN_M
SAN_M_HAPPY_00102,Sanskrit,0,SAN_M
SAN_M_HAPPY_00360,Sanskrit,0,SAN_M
SAN_M_HAPPY_00363,Sanskrit,1,SAN_M
SAN_M_HAPPY_00013,Sanskrit,1,SAN_M
SAN_M_HAPPY_00093,Sanskrit,0,SAN_M
SAN_M_HAPPY_00063,Sanskrit,1,SAN_M
SAN_M_HAPPY_00267,Sanskrit,0,SAN_M
SAN_M_HAPPY_00089,Sanskrit,1,SAN_M
SAN_M_HAPPY_00036,Sanskrit,0,SAN_M
SAN_M_HAPPY_00180,Sanskrit,0,SAN_M
SAN_M_HAPPY_00239,Sanskrit,1,SAN_M
SAN_M_HAPPY_00030,Sanskrit,1,SAN_M
SAN_M_HAPPY_00111,Sanskrit,0,SAN_M
SAN_M_HAPPY_00257,Sanskrit,0,SAN_M
SAN_M_HAPPY_00268,Sanskrit,1,SAN_M
SAN_M_HAPPY_00128,Sanskrit,0,SAN_M
SAN_M_HAPPY_00224,Sanskrit,1,SAN_M
SAN_M_HAPPY_00120,Sanskrit,0,SAN_M
SAN_M_HAPPY_00026,Sanskrit,1,SAN_M
SAN_M_HAPPY_00234,Sanskrit,1,SAN_M
SAN_M_HAPPY_00018,Sanskrit,0,SAN_M
SAN_M_HAPPY_00118,Sanskrit,1,SAN_M
SAN_M_HAPPY_00179,Sanskrit,0,SAN_M
SAN_M_HAPPY_00046,Sanskrit,1,SAN_M
SAN_M_HAPPY_00119,Sanskrit,1,SAN_M
SAN_M_HAPPY_00177,Sanskrit,1,SAN_M
SAN_M_HAPPY_00337,Sanskrit,0,SAN_M
SAN_M_HAPPY_00051,Sanskrit,1,SAN_M
SAN_M_HAPPY_00211,Sanskrit,1,SAN_M
SAN_M_HAPPY_00027,Sanskrit,0,SAN_M
SAN_M_HAPPY_00289,Sanskrit,0,SAN_M
SAN_M_HAPPY_00380,Sanskrit,0,SAN_M
SAN_M_HAPPY_00090,Sanskrit,0,SAN_M
SAN_M_HAPPY_00199,Sanskrit,1,SAN_M
SAN_M_HAPPY_00230,Sanskrit,1,SAN_M
SAN_M_HAPPY_00164,Sanskrit,0,SAN_M
SAN_M_HAPPY_00208,Sanskrit,1,SAN_M
SAN_M_HAPPY_00125,Sanskrit,0,SAN_M
SAN_M_HAPPY_00105,Sanskrit,1,SAN_M
SAN_M_HAPPY_00028,Sanskrit,1,SAN_M
SAN_M_HAPPY_00288,Sanskrit,0,SAN_M
SAN_M_HAPPY_00327,Sanskrit,1,SAN_M
SAN_M_HAPPY_00132,Sanskrit,0,SAN_M
SAN_M_HAPPY_00169,Sanskrit,1,SAN_M
SAN_M_HAPPY_00131,Sanskrit,0,SAN_M
SAN_M_HAPPY_00259,Sanskrit,1,SAN_M
SAN_M_HAPPY_00076,Sanskrit,1,SAN_M
SAN_M_HAPPY_00101,Sanskrit,1,SAN_M
SAN_M_HAPPY_00318,Sanskrit,0,SAN_M
SAN_M_HAPPY_00052,Sanskrit,0,SAN_M
SAN_M_HAPPY_00255,Sanskrit,1,SAN_M
SAN_M_HAPPY_00214,Sanskrit,1,SAN_M
SAN_M_HAPPY_00078,Sanskrit,1,SAN_M
SAN_M_HAPPY_00225,Sanskrit,1,SAN_M
SAN_M_HAPPY_00331,Sanskrit,0,SAN_M
SAN_M_HAPPY_00270,Sanskrit,1,SAN_M
SAN_M_HAPPY_00041,Sanskrit,1,SAN_M
SAN_M_HAPPY_00150,Sanskrit,1,SAN_M
SAN_M_HAPPY_00106,Sanskrit,0,SAN_M
SAN_M_HAPPY_00306,Sanskrit,0,SAN_M
SAN_M_HAPPY_00168,Sanskrit,0,SAN_M
SAN_M_HAPPY_00370,Sanskrit,0,SAN_M
SAN_M_HAPPY_00159,Sanskrit,0,SAN_M
SAN_M_HAPPY_00279,Sanskrit,0,SAN_M
SAN_M_HAPPY_00153,Sanskrit,0,SAN_M
SAN_M_HAPPY_00271,Sanskrit,0,SAN_M
SAN_M_HAPPY_00155,Sanskrit,1,SAN_M
SAN_M_HAPPY_00343,Sanskrit,0,SAN_M
SAN_M_HAPPY_00092,Sanskrit,1,SAN_M
SAN_M_HAPPY_00160,Sanskrit,0,SAN_M
SAN_M_HAPPY_00006,Sanskrit,1,SAN_M
SAN_M_HAPPY_00146,Sanskrit,1,SAN_M
SAN_M_HAPPY_00104,Sanskrit,0,SAN_M
SAN_M_HAPPY_00161,Sanskrit,1,SAN_M
SAN_M_HAPPY_00217,Sanskrit,1,SAN_M
SAN_M_HAPPY_00235,Sanskrit,1,SAN_M
SAN_M_HAPPY_00135,Sanskrit,0,SAN_M
SAN_M_HAPPY_00166,Sanskrit,0,SAN_M
SAN_M_HAPPY_00218,Sanskrit,0,SAN_M
SAN_M_HAPPY_00275,Sanskrit,0,SAN_M
SAN_M_HAPPY_00340,Sanskrit,0,SAN_M
SAN_M_HAPPY_00100,Sanskrit,0,SAN_M
SAN_M_HAPPY_00187,Sanskrit,1,SAN_M
SAN_M_HAPPY_00040,Sanskrit,1,SAN_M
SAN_M_HAPPY_00342,Sanskrit,0,SAN_M
SAN_M_HAPPY_00301,Sanskrit,1,SAN_M
SAN_M_HAPPY_00381,Sanskrit,1,SAN_M
SAN_M_HAPPY_00219,Sanskrit,0,SAN_M
SAN_M_HAPPY_00184,Sanskrit,0,SAN_M
SAN_M_HAPPY_00009,Sanskrit,0,SAN_M
SAN_M_HAPPY_00165,Sanskrit,0,SAN_M
SAN_M_HAPPY_00077,Sanskrit,0,SAN_M
SAN_M_HAPPY_00233,Sanskrit,1,SAN_M
SAN_M_HAPPY_00276,Sanskrit,0,SAN_M
SAN_M_HAPPY_00087,Sanskrit,1,SAN_M
SAN_M_HAPPY_00243,Sanskrit,0,SAN_M
SAN_M_HAPPY_00114,Sanskrit,1,SAN_M
SAN_M_HAPPY_00272,Sanskrit,0,SAN_M
SAN_M_HAPPY_00019,Sanskrit,0,SAN_M
SAN_M_HAPPY_00048,Sanskrit,1,SAN_M
SAN_M_HAPPY_00039,Sanskrit,0,SAN_M
SAN_M_HAPPY_00319,Sanskrit,1,SAN_M
SAN_M_HAPPY_00210,Sanskrit,1,SAN_M
SAN_M_HAPPY_00072,Sanskrit,0,SAN_M
SAN_M_HAPPY_00134,Sanskrit,0,SAN_M
SAN_M_HAPPY_00264,Sanskrit,1,SAN_M
SAN_M_HAPPY_00328,Sanskrit,0,SAN_M
SAN_M_HAPPY_00057,Sanskrit,0,SAN_M
SAN_M_HAPPY_00373,Sanskrit,1,SAN_M
SAN_M_HAPPY_00278,Sanskrit,1,SAN_M
SAN_M_HAPPY_00207,Sanskrit,0,SAN_M
SAN_M_HAPPY_00037,Sanskrit,0,SAN_M
SAN_M_HAPPY_00269,Sanskrit,1,SAN_M
SAN_M_HAPPY_00212,Sanskrit,0,SAN_M
SAN_M_HAPPY_00246,Sanskrit,0,SAN_M
SAN_M_HAPPY_00001,Sanskrit,1,SAN_M
SAN_M_HAPPY_00371,Sanskrit,1,SAN_M
SAN_M_HAPPY_00141,Sanskrit,0,SAN_M
SAN_M_HAPPY_00329,Sanskrit,1,SAN_M
SAN_M_HAPPY_00321,Sanskrit,1,SAN_M
SAN_M_HAPPY_00137,Sanskrit,0,SAN_M
SAN_M_HAPPY_00049,Sanskrit,0,SAN_M
SAN_M_HAPPY_00083,Sanskrit,1,SAN_M
SAN_M_HAPPY_00222,Sanskrit,0,SAN_M
SAN_M_HAPPY_00293,Sanskrit,1,SAN_M
SAN_M_HAPPY_00061,Sanskrit,1,SAN_M
SAN_M_HAPPY_00300,Sanskrit,1,SAN_M
SAN_M_HAPPY_00015,Sanskrit,0,SAN_M
SAN_M_HAPPY_00325,Sanskrit,1,SAN_M
SAN_M_HAPPY_00368,Sanskrit,1,SAN_M
SAN_M_HAPPY_00038,Sanskrit,1,SAN_M
SAN_M_HAPPY_00281,Sanskrit,0,SAN_M
SAN_M_BOOK_00929,Sanskrit,0,SAN_M
SAN_M_BOOK_00893,Sanskrit,0,SAN_M
SAN_M_BOOK_00087,Sanskrit,1,SAN_M
SAN_M_BOOK_00708,Sanskrit,1,SAN_M
SAN_M_BOOK_00092,Sanskrit,1,SAN_M
SAN_M_BOOK_00842,Sanskrit,0,SAN_M
SAN_M_BOOK_00460,Sanskrit,1,SAN_M
SAN_M_BOOK_00649,Sanskrit,1,SAN_M
SAN_M_BOOK_00870,Sanskrit,0,SAN_M
SAN_M_BOOK_00602,Sanskrit,0,SAN_M
SAN_M_BOOK_00090,Sanskrit,0,SAN_M
SAN_M_BOOK_00386,Sanskrit,0,SAN_M
SAN_M_BOOK_00859,Sanskrit,0,SAN_M
SAN_M_BOOK_00093,Sanskrit,1,SAN_M
SAN_M_BOOK_00440,Sanskrit,1,SAN_M
SAN_M_BOOK_00522,Sanskrit,0,SAN_M
SAN_M_BOOK_00329,Sanskrit,1,SAN_M
SAN_M_BOOK_00500,Sanskrit,0,SAN_M
SAN_M_BOOK_00825,Sanskrit,1,SAN_M
SAN_M_BOOK_00699,Sanskrit,1,SAN_M
SAN_M_BOOK_00883,Sanskrit,1,SAN_M
SAN_M_BOOK_00701,Sanskrit,1,SAN_M
SAN_M_BOOK_00845,Sanskrit,1,SAN_M
SAN_M_BOOK_00964,Sanskrit,0,SAN_M
SAN_M_BOOK_00478,Sanskrit,0,SAN_M
SAN_M_BOOK_00044,Sanskrit,0,SAN_M
SAN_M_BOOK_00351,Sanskrit,0,SAN_M
SAN_M_BOOK_00862,Sanskrit,1,SAN_M
SAN_M_BOOK_00996,Sanskrit,0,SAN_M
SAN_M_BOOK_00767,Sanskrit,1,SAN_M
SAN_M_BOOK_00291,Sanskrit,0,SAN_M
SAN_M_BOOK_00111,Sanskrit,0,SAN_M
SAN_M_BOOK_00780,Sanskrit,0,SAN_M
SAN_M_BOOK_00507,Sanskrit,0,SAN_M
SAN_M_BOOK_00054,Sanskrit,1,SAN_M
SAN_M_BOOK_00032,Sanskrit,0,SAN_M
SAN_M_BOOK_00900,Sanskrit,1,SAN_M
SAN_M_BOOK_00526,Sanskrit,1,SAN_M
SAN_M_BOOK_00844,Sanskrit,0,SAN_M
SAN_M_BOOK_00991,Sanskrit,0,SAN_M
SAN_M_BOOK_00193,Sanskrit,1,SAN_M
SAN_M_BOOK_00338,Sanskrit,0,SAN_M
SAN_M_BOOK_00237,Sanskrit,1,SAN_M
SAN_M_BOOK_00435,Sanskrit,1,SAN_M
SAN_M_BOOK_00804,Sanskrit,0,SAN_M
SAN_M_BOOK_00697,Sanskrit,1,SAN_M
SAN_M_BOOK_00559,Sanskrit,1,SAN_M
SAN_M_BOOK_00805,Sanskrit,0,SAN_M
SAN_M_BOOK_00814,Sanskrit,1,SAN_M
SAN_M_BOOK_00709,Sanskrit,0,SAN_M
SAN_M_BOOK_00359,Sanskrit,0,SAN_M
SAN_M_BOOK_00152,Sanskrit,1,SAN_M
SAN_M_BOOK_00892,Sanskrit,1,SAN_M
SAN_M_BOOK_00398,Sanskrit,1,SAN_M
SAN_M_BOOK_00450,Sanskrit,0,SAN_M
SAN_M_BOOK_00488,Sanskrit,0,SAN_M
SAN_M_BOOK_00587,Sanskrit,1,SAN_M
SAN_M_BOOK_00446,Sanskrit,1,SAN_M
SAN_M_BOOK_00270,Sanskrit,1,SAN_M
SAN_M_BOOK_00230,Sanskrit,1,SAN_M
SAN_M_BOOK_00636,Sanskrit,1,SAN_M
SAN_M_BOOK_00967,Sanskrit,1,SAN_M
SAN_M_BOOK_00880,Sanskrit,1,SAN_M
SAN_M_BOOK_00413,Sanskrit,0,SAN_M
SAN_M_BOOK_00312,Sanskrit,0,SAN_M
SAN_M_BOOK_00560,Sanskrit,1,SAN_M
SAN_M_BOOK_00071,Sanskrit,0,SAN_M
SAN_M_BOOK_00614,Sanskrit,1,SAN_M
SAN_M_BOOK_00476,Sanskrit,0,SAN_M
SAN_M_BOOK_00122,Sanskrit,0,SAN_M
SAN_M_BOOK_00725,Sanskrit,1,SAN_M
SAN_M_BOOK_00257,Sanskrit,0,SAN_M
SAN_M_BOOK_00829,Sanskrit,1,SAN_M
SAN_M_BOOK_00048,Sanskrit,1,SAN_M
SAN_M_BOOK_00047,Sanskrit,1,SAN_M
SAN_M_BOOK_00273,Sanskrit,1,SAN_M
SAN_M_BOOK_00486,Sanskrit,0,SAN_M
SAN_M_BOOK_00642,Sanskrit,0,SAN_M
SAN_M_BOOK_00803,Sanskrit,0,SAN_M
SAN_M_BOOK_00764,Sanskrit,0,SAN_M
SAN_M_BOOK_00568,Sanskrit,1,SAN_M
SAN_M_BOOK_00188,Sanskrit,0,SAN_M
SAN_M_BOOK_00102,Sanskrit,0,SAN_M
SAN_M_BOOK_00110,Sanskrit,1,SAN_M
SAN_M_BOOK_00680,Sanskrit,1,SAN_M
SAN_M_BOOK_00492,Sanskrit,1,SAN_M
SAN_M_BOOK_00612,Sanskrit,0,SAN_M
SAN_M_BOOK_00371,Sanskrit,0,SAN_M
SAN_M_BOOK_00480,Sanskrit,0,SAN_M
SAN_M_BOOK_00133,Sanskrit,1,SAN_M
SAN_M_BOOK_00865,Sanskrit,1,SAN_M
SAN_M_BOOK_00954,Sanskrit,0,SAN_M
SAN_M_BOOK_00381,Sanskrit,0,SAN_M
SAN_M_BOOK_00518,Sanskrit,0,SAN_M
SAN_M_BOOK_00850,Sanskrit,1,SAN_M
SAN_M_BOOK_00821,Sanskrit,1,SAN_M
SAN_M_BOOK_00942,Sanskrit,1,SAN_M
SAN_M_BOOK_01012,Sanskrit,1,SAN_M
SAN_M_BOOK_00076,Sanskrit,1,SAN_M
SAN_M_BOOK_01001,Sanskrit,1,SAN_M
SAN_M_BOOK_00213,Sanskrit,0,SAN_M
SAN_M_BOOK_00572,Sanskrit,1,SAN_M
SAN_M_BOOK_00134,Sanskrit,0,SAN_M
SAN_M_BOOK_00168,Sanskrit,0,SAN_M
SAN_M_BOOK_00108,Sanskrit,1,SAN_M
SAN_M_BOOK_00278,Sanskrit,1,SAN_M
SAN_M_BOOK_00468,Sanskrit,1,SAN_M
SAN_M_BOOK_00067,Sanskrit,0,SAN_M
SAN_M_BOOK_00282,Sanskrit,1,SAN_M
SAN_M_BOOK_00487,Sanskrit,1,SAN_M
SAN_M_BOOK_00563,Sanskrit,0,SAN_M
SAN_M_BOOK_00684,Sanskrit,0,SAN_M
SAN_M_BOOK_00119,Sanskrit,1,SAN_M
SAN_M_BOOK_00013,Sanskrit,0,SAN_M
SAN_M_BOOK_00962,Sanskrit,1,SAN_M
SAN_M_BOOK_00156,Sanskrit,1,SAN_M
SAN_M_BOOK_00691,Sanskrit,1,SAN_M
SAN_M_BOOK_00462,Sanskrit,1,SAN_M
SAN_M_BOOK_00284,Sanskrit,0,SAN_M
SAN_M_BOOK_00317,Sanskrit,0,SAN_M
SAN_M_BOOK_00427,Sanskrit,0,SAN_M
SAN_M_BOOK_00512,Sanskrit,0,SAN_M
SAN_M_BOOK_00167,Sanskrit,0,SAN_M
SAN_M_BOOK_00960,Sanskrit,0,SAN_M
SAN_M_BOOK_00283,Sanskrit,1,SAN_M
SAN_M_BOOK_00343,Sanskrit,1,SAN_M
SAN_M_BOOK_00799,Sanskrit,1,SAN_M
SAN_M_BOOK_00041,Sanskrit,1,SAN_M
SAN_M_BOOK_00360,Sanskrit,1,SAN_M
SAN_M_BOOK_00877,Sanskrit,0,SAN_M
SAN_M_BOOK_00889,Sanskrit,0,SAN_M
SAN_M_BOOK_00402,Sanskrit,0,SAN_M
SAN_M_BOOK_00116,Sanskrit,1,SAN_M
SAN_M_BOOK_01019,Sanskrit,1,SAN_M
SAN_M_BOOK_00408,Sanskrit,0,SAN_M
SAN_M_BOOK_00672,Sanskrit,1,SAN_M
SAN_M_BOOK_00916,Sanskrit,0,SAN_M
SAN_M_BOOK_00425,Sanskrit,0,SAN_M
SAN_M_BOOK_00868,Sanskrit,1,SAN_M
SAN_M_BOOK_00542,Sanskrit,0,SAN_M
SAN_M_BOOK_00287,Sanskrit,0,SAN_M
SAN_M_BOOK_00703,Sanskrit,1,SAN_M
SAN_M_BOOK_00639,Sanskrit,0,SAN_M
SAN_M_BOOK_00294,Sanskrit,1,SAN_M
SAN_M_BOOK_00009,Sanskrit,1,SAN_M
SAN_M_BOOK_00611,Sanskrit,1,SAN_M
SAN_M_BOOK_00143,Sanskrit,0,SAN_M
SAN_M_BOOK_00439,Sanskrit,0,SAN_M
SAN_M_BOOK_00876,Sanskrit,0,SAN_M
SAN_M_BOOK_00712,Sanskrit,1,SAN_M
SAN_M_BOOK_00864,Sanskrit,0,SAN_M
SAN_M_BOOK_00004,Sanskrit,0,SAN_M
SAN_M_BOOK_00988,Sanskrit,0,SAN_M
SAN_M_BOOK_00418,Sanskrit,1,SAN_M
SAN_M_BOOK_00688,Sanskrit,0,SAN_M
SAN_M_BOOK_00796,Sanskrit,0,SAN_M
SAN_M_BOOK_00984,Sanskrit,1,SAN_M
SAN_M_BOOK_00994,Sanskrit,0,SAN_M
SAN_M_BOOK_00681,Sanskrit,0,SAN_M
SAN_M_BOOK_00896,Sanskrit,1,SAN_M
SAN_M_BOOK_00357,Sanskrit,1,SAN_M
SAN_M_BOOK_00832,Sanskrit,0,SAN_M
SAN_M_BOOK_00442,Sanskrit,0,SAN_M
SAN_M_BOOK_00456,Sanskrit,1,SAN_M
SAN_M_BOOK_00519,Sanskrit,1,SAN_M
SAN_M_BOOK_00112,Sanskrit,0,SAN_M
SAN_M_BOOK_00206,Sanskrit,0,SAN_M
SAN_M_WIKI_00798,Sanskrit,0,SAN_M
SAN_M_WIKI_00149,Sanskrit,1,SAN_M
SAN_M_WIKI_00332,Sanskrit,0,SAN_M
SAN_M_WIKI_01668,Sanskrit,0,SAN_M
SAN_M_WIKI_00707,Sanskrit,1,SAN_M
SAN_M_WIKI_00661,Sanskrit,1,SAN_M
SAN_M_WIKI_00402,Sanskrit,0,SAN_M
SAN_M_WIKI_01225,Sanskrit,1,SAN_M
SAN_M_WIKI_00908,Sanskrit,1,SAN_M
SAN_M_WIKI_00730,Sanskrit,1,SAN_M
SAN_M_WIKI_01811,Sanskrit,1,SAN_M
SAN_M_WIKI_00054,Sanskrit,1,SAN_M
SAN_M_WIKI_02341,Sanskrit,1,SAN_M
SAN_M_WIKI_02373,Sanskrit,0,SAN_M
SAN_M_WIKI_00335,Sanskrit,1,SAN_M
SAN_M_WIKI_02181,Sanskrit,1,SAN_M
SAN_M_WIKI_00064,Sanskrit,0,SAN_M
SAN_M_WIKI_00074,Sanskrit,1,SAN_M
SAN_M_WIKI_02437,Sanskrit,0,SAN_M
SAN_M_WIKI_00894,Sanskrit,0,SAN_M
SAN_M_WIKI_01265,Sanskrit,0,SAN_M
SAN_M_WIKI_00875,Sanskrit,0,SAN_M
SAN_M_WIKI_00091,Sanskrit,0,SAN_M
SAN_M_WIKI_01810,Sanskrit,1,SAN_M
SAN_M_WIKI_02477,Sanskrit,0,SAN_M
SAN_M_WIKI_02479,Sanskrit,0,SAN_M
SAN_M_WIKI_00205,Sanskrit,1,SAN_M
SAN_M_WIKI_00550,Sanskrit,1,SAN_M
SAN_M_WIKI_00164,Sanskrit,0,SAN_M
SAN_M_WIKI_02369,Sanskrit,1,SAN_M
SAN_M_WIKI_00890,Sanskrit,0,SAN_M
SAN_M_WIKI_01618,Sanskrit,0,SAN_M
SAN_M_WIKI_01777,Sanskrit,1,SAN_M
SAN_M_WIKI_01165,Sanskrit,0,SAN_M
SAN_M_WIKI_00901,Sanskrit,0,SAN_M
SAN_M_WIKI_02417,Sanskrit,0,SAN_M
SAN_M_WIKI_02030,Sanskrit,1,SAN_M
SAN_M_WIKI_01432,Sanskrit,0,SAN_M
SAN_M_WIKI_00178,Sanskrit,0,SAN_M
SAN_M_WIKI_00564,Sanskrit,0,SAN_M
SAN_M_WIKI_01734,Sanskrit,0,SAN_M
SAN_M_WIKI_02392,Sanskrit,0,SAN_M
SAN_M_WIKI_01204,Sanskrit,0,SAN_M
SAN_M_WIKI_02534,Sanskrit,0,SAN_M
SAN_M_WIKI_00698,Sanskrit,1,SAN_M
SAN_M_WIKI_00262,Sanskrit,0,SAN_M
SAN_M_WIKI_01030,Sanskrit,0,SAN_M
SAN_M_WIKI_01470,Sanskrit,0,SAN_M
SAN_M_WIKI_02469,Sanskrit,0,SAN_M
SAN_M_WIKI_00607,Sanskrit,1,SAN_M
SAN_M_WIKI_01656,Sanskrit,1,SAN_M
SAN_M_WIKI_02463,Sanskrit,1,SAN_M
SAN_M_WIKI_01915,Sanskrit,0,SAN_M
SAN_M_WIKI_00975,Sanskrit,0,SAN_M
SAN_M_WIKI_00534,Sanskrit,1,SAN_M
SAN_M_WIKI_02645,Sanskrit,0,SAN_M
SAN_M_WIKI_00870,Sanskrit,0,SAN_M
SAN_M_WIKI_00230,Sanskrit,1,SAN_M
SAN_M_WIKI_00435,Sanskrit,1,SAN_M
SAN_M_WIKI_01160,Sanskrit,0,SAN_M
SAN_M_WIKI_01965,Sanskrit,0,SAN_M
SAN_M_WIKI_02221,Sanskrit,1,SAN_M
SAN_M_WIKI_01776,Sanskrit,0,SAN_M
SAN_M_WIKI_00157,Sanskrit,1,SAN_M
SAN_M_WIKI_00577,Sanskrit,0,SAN_M
SAN_M_WIKI_02156,Sanskrit,1,SAN_M
SAN_M_WIKI_01102,Sanskrit,0,SAN_M
SAN_M_WIKI_00731,Sanskrit,1,SAN_M
SAN_M_WIKI_02145,Sanskrit,1,SAN_M
SAN_M_WIKI_01932,Sanskrit,0,SAN_M
SAN_M_WIKI_00904,Sanskrit,1,SAN_M
SAN_M_WIKI_01578,Sanskrit,1,SAN_M
SAN_M_WIKI_02412,Sanskrit,1,SAN_M
SAN_M_WIKI_02176,Sanskrit,0,SAN_M
SAN_M_WIKI_02035,Sanskrit,0,SAN_M
SAN_M_WIKI_02123,Sanskrit,0,SAN_M
SAN_M_WIKI_01362,Sanskrit,0,SAN_M
SAN_M_WIKI_00555,Sanskrit,1,SAN_M
SAN_M_WIKI_01674,Sanskrit,1,SAN_M
SAN_M_WIKI_00760,Sanskrit,0,SAN_M
SAN_M_WIKI_00554,Sanskrit,0,SAN_M
SAN_M_WIKI_00169,Sanskrit,0,SAN_M
SAN_M_WIKI_01054,Sanskrit,1,SAN_M
SAN_M_WIKI_00100,Sanskrit,1,SAN_M
SAN_M_WIKI_01305,Sanskrit,0,SAN_M
SAN_M_WIKI_01760,Sanskrit,1,SAN_M
SAN_M_WIKI_00339,Sanskrit,1,SAN_M
SAN_M_WIKI_02070,Sanskrit,1,SAN_M
SAN_M_WIKI_00427,Sanskrit,0,SAN_M
SAN_M_WIKI_00624,Sanskrit,0,SAN_M
SAN_M_WIKI_01689,Sanskrit,1,SAN_M
SAN_M_WIKI_00837,Sanskrit,0,SAN_M
SAN_M_WIKI_00989,Sanskrit,1,SAN_M
SAN_M_WIKI_01686,Sanskrit,1,SAN_M
SAN_M_WIKI_01625,Sanskrit,1,SAN_M
SAN_M_WIKI_01185,Sanskrit,1,SAN_M
SAN_M_WIKI_01521,Sanskrit,0,SAN_M
SAN_M_WIKI_01463,Sanskrit,1,SAN_M
SAN_M_WIKI_00617,Sanskrit,1,SAN_M
SAN_M_WIKI_02509,Sanskrit,1,SAN_M
SAN_M_WIKI_00797,Sanskrit,1,SAN_M
SAN_M_WIKI_00897,Sanskrit,1,SAN_M
SAN_M_WIKI_00138,Sanskrit,1,SAN_M
SAN_M_WIKI_01035,Sanskrit,0,SAN_M
SAN_M_WIKI_01221,Sanskrit,0,SAN_M
SAN_M_WIKI_01872,Sanskrit,1,SAN_M
SAN_M_WIKI_02491,Sanskrit,0,SAN_M
SAN_M_WIKI_01925,Sanskrit,0,SAN_M
SAN_M_WIKI_01042,Sanskrit,0,SAN_M
SAN_M_WIKI_00156,Sanskrit,1,SAN_M
SAN_M_WIKI_02085,Sanskrit,0,SAN_M
SAN_M_WIKI_01731,Sanskrit,0,SAN_M
SAN_M_WIKI_02599,Sanskrit,1,SAN_M
SAN_M_WIKI_02102,Sanskrit,1,SAN_M
SAN_M_WIKI_02161,Sanskrit,0,SAN_M
SAN_M_WIKI_01191,Sanskrit,1,SAN_M
SAN_M_WIKI_01198,Sanskrit,1,SAN_M
SAN_M_WIKI_00863,Sanskrit,1,SAN_M
SAN_M_WIKI_01391,Sanskrit,1,SAN_M
SAN_M_WIKI_00463,Sanskrit,0,SAN_M
SAN_M_WIKI_01358,Sanskrit,1,SAN_M
SAN_M_WIKI_02046,Sanskrit,1,SAN_M
SAN_M_WIKI_01919,Sanskrit,0,SAN_M
SAN_M_WIKI_00295,Sanskrit,1,SAN_M
SAN_M_WIKI_00278,Sanskrit,1,SAN_M
SAN_M_WIKI_02505,Sanskrit,1,SAN_M
SAN_M_WIKI_02130,Sanskrit,1,SAN_M
SAN_M_WIKI_01281,Sanskrit,0,SAN_M
SAN_M_WIKI_01152,Sanskrit,1,SAN_M
SAN_M_WIKI_00841,Sanskrit,1,SAN_M
SAN_M_WIKI_01538,Sanskrit,1,SAN_M
SAN_M_WIKI_00636,Sanskrit,0,SAN_M
SAN_M_WIKI_01014,Sanskrit,0,SAN_M
SAN_M_WIKI_01416,Sanskrit,0,SAN_M
SAN_M_WIKI_01007,Sanskrit,0,SAN_M
SAN_M_WIKI_01630,Sanskrit,0,SAN_M
SAN_M_WIKI_01880,Sanskrit,0,SAN_M
SAN_M_WIKI_00844,Sanskrit,1,SAN_M
SAN_M_WIKI_01817,Sanskrit,1,SAN_M
SAN_M_WIKI_00682,Sanskrit,1,SAN_M
SAN_M_WIKI_02402,Sanskrit,0,SAN_M
SAN_M_WIKI_00821,Sanskrit,1,SAN_M
SAN_M_WIKI_01405,Sanskrit,0,SAN_M
NEP_F_BB_00171,Nepali,0,NEP_F
NEP_F_ALEXA_00115,Nepali,0,NEP_F
NEP_F_BB_00016,Nepali,1,NEP_F
NEP_F_ALEXA_00252,Nepali,1,NEP_F
NEP_F_ALEXA_00220,Nepali,1,NEP_F
NEP_F_BB_00148,Nepali,0,NEP_F
NEP_F_ALEXA_00265,Nepali,0,NEP_F
NEP_F_UMANG_00070,Nepali,0,NEP_F
NEP_F_ALEXA_00054,Nepali,1,NEP_F
NEP_F_BB_00152,Nepali,0,NEP_F
NEP_F_ALEXA_00003,Nepali,0,NEP_F
NEP_F_ALEXA_00026,Nepali,1,NEP_F
NEP_F_BB_00164,Nepali,1,NEP_F
NEP_F_ALEXA_00238,Nepali,1,NEP_F
NEP_F_ALEXA_00122,Nepali,0,NEP_F
NEP_F_BB_00037,Nepali,0,NEP_F
NEP_F_UMANG_00037,Nepali,0,NEP_F
NEP_F_BB_00165,Nepali,1,NEP_F
NEP_F_DIGI_00085,Nepali,1,NEP_F
NEP_F_ALEXA_00161,Nepali,0,NEP_F
NEP_F_ALEXA_00035,Nepali,1,NEP_F
NEP_F_DIGI_00113,Nepali,1,NEP_F
NEP_F_UMANG_00020,Nepali,0,NEP_F
NEP_F_DIGI_00110,Nepali,0,NEP_F
NEP_F_BB_00057,Nepali,0,NEP_F
NEP_F_BB_00099,Nepali,0,NEP_F
NEP_F_DIGI_00081,Nepali,1,NEP_F
NEP_F_ALEXA_00063,Nepali,0,NEP_F
NEP_F_UMANG_00093,Nepali,0,NEP_F
NEP_F_BB_00094,Nepali,1,NEP_F
NEP_F_ALEXA_00240,Nepali,1,NEP_F
NEP_F_ALEXA_00210,Nepali,1,NEP_F
NEP_F_DIGI_00027,Nepali,1,NEP_F
NEP_F_ALEXA_00104,Nepali,1,NEP_F
NEP_F_BB_00102,Nepali,1,NEP_F
NEP_F_BB_00061,Nepali,0,NEP_F
NEP_F_DIGI_00061,Nepali,0,NEP_F
NEP_F_ALEXA_00182,Nepali,0,NEP_F
NEP_F_ALEXA_00128,Nepali,1,NEP_F
NEP_F_ALEXA_00103,Nepali,0,NEP_F
NEP_F_DIGI_00088,Nepali,1,NEP_F
NEP_F_BB_00059,Nepali,1,NEP_F
NEP_F_BB_00045,Nepali,1,NEP_F
NEP_F_ALEXA_00114,Nepali,0,NEP_F
NEP_F_ALEXA_00121,Nepali,1,NEP_F
NEP_F_BB_00047,Nepali,1,NEP_F
NEP_F_BB_00156,Nepali,0,NEP_F
NEP_F_BB_00124,Nepali,1,NEP_F
NEP_F_ALEXA_00181,Nepali,1,NEP_F
NEP_F_UMANG_00085,Nepali,1,NEP_F
NEP_F_DIGI_00080,Nepali,1,NEP_F
NEP_F_ALEXA_00171,Nepali,0,NEP_F
NEP_F_UMANG_00040,Nepali,1,NEP_F
NEP_F_UMANG_00039,Nepali,0,NEP_F
NEP_F_ALEXA_00174,Nepali,0,NEP_F
NEP_F_BB_00092,Nepali,0,NEP_F
NEP_F_DIGI_00019,Nepali,0,NEP_F
NEP_F_ALEXA_00124,Nepali,0,NEP_F
NEP_F_ALEXA_00108,Nepali,0,NEP_F
NEP_F_UMANG_00056,Nepali,0,NEP_F
NEP_F_ALEXA_00031,Nepali,1,NEP_F
NEP_F_UMANG_00008,Nepali,1,NEP_F
NEP_F_DIGI_00077,Nepali,1,NEP_F
NEP_F_ALEXA_00036,Nepali,1,NEP_F
NEP_F_ALEXA_00242,Nepali,1,NEP_F
NEP_F_UMANG_00081,Nepali,0,NEP_F
NEP_F_ALEXA_00083,Nepali,0,NEP_F
NEP_F_DIGI_00033,Nepali,0,NEP_F
NEP_F_BB_00031,Nepali,0,NEP_F
NEP_F_DIGI_00050,Nepali,1,NEP_F
NEP_F_BB_00133,Nepali,0,NEP_F
NEP_F_BB_00155,Nepali,1,NEP_F
NEP_F_UMANG_00032,Nepali,0,NEP_F
NEP_F_BB_00093,Nepali,0,NEP_F
NEP_F_ALEXA_00045,Nepali,0,NEP_F
NEP_F_BB_00042,Nepali,1,NEP_F
NEP_F_ALEXA_00249,Nepali,1,NEP_F
NEP_F_DIGI_00100,Nepali,0,NEP_F
NEP_F_ALEXA_00209,Nepali,1,NEP_F
NEP_F_ALEXA_00064,Nepali,1,NEP_F
NEP_F_DIGI_00035,Nepali,0,NEP_F
NEP_F_UMANG_00073,Nepali,1,NEP_F
NEP_F_BB_00101,Nepali,0,NEP_F
NEP_F_BB_00064,Nepali,1,NEP_F
NEP_F_BB_00104,Nepali,0,NEP_F
NEP_F_BB_00029,Nepali,1,NEP_F
NEP_F_UMANG_00024,Nepali,0,NEP_F
NEP_F_UMANG_00012,Nepali,0,NEP_F
NEP_F_BB_00159,Nepali,0,NEP_F
NEP_F_ALEXA_00041,Nepali,0,NEP_F
NEP_F_BB_00163,Nepali,1,NEP_F
NEP_F_ALEXA_00068,Nepali,1,NEP_F
NEP_F_ALEXA_00048,Nepali,0,NEP_F
NEP_F_ALEXA_00157,Nepali,0,NEP_F
NEP_F_DIGI_00003,Nepali,1,NEP_F
NEP_F_BB_00131,Nepali,0,NEP_F
NEP_F_BB_00137,Nepali,1,NEP_F
NEP_F_ALEXA_00086,Nepali,1,NEP_F
NEP_F_BB_00090,Nepali,0,NEP_F
NEP_F_ALEXA_00044,Nepali,0,NEP_F
NEP_F_ALEXA_00033,Nepali,1,NEP_F
NEP_F_ALEXA_00237,Nepali,0,NEP_F
NEP_F_ALEXA_00099,Nepali,1,NEP_F
NEP_F_UMANG_00009,Nepali,1,NEP_F
NEP_F_UMANG_00021,Nepali,0,NEP_F
NEP_F_ALEXA_00134,Nepali,0,NEP_F
NEP_F_ALEXA_00203,Nepali,1,NEP_F
NEP_F_DIGI_00008,Nepali,0,NEP_F
NEP_F_ALEXA_00042,Nepali,0,NEP_F
NEP_F_DIGI_00040,Nepali,1,NEP_F
NEP_F_UMANG_00018,Nepali,1,NEP_F
NEP_F_ALEXA_00263,Nepali,0,NEP_F
NEP_F_ALEXA_00007,Nepali,1,NEP_F
NEP_F_ALEXA_00160,Nepali,0,NEP_F
NEP_F_ALEXA_00069,Nepali,0,NEP_F
NEP_F_ALEXA_00032,Nepali,1,NEP_F
NEP_F_ALEXA_00165,Nepali,1,NEP_F
NEP_F_DIGI_00034,Nepali,0,NEP_F
NEP_F_ALEXA_00009,Nepali,0,NEP_F
NEP_F_BB_00019,Nepali,0,NEP_F
NEP_F_DIGI_00015,Nepali,1,NEP_F
NEP_F_ALEXA_00093,Nepali,1,NEP_F
NEP_F_ALEXA_00150,Nepali,1,NEP_F
NEP_F_UMANG_00057,Nepali,0,NEP_F
NEP_F_DIGI_00057,Nepali,1,NEP_F
NEP_F_ALEXA_00049,Nepali,1,NEP_F
NEP_F_DIGI_00039,Nepali,1,NEP_F
NEP_F_ALEXA_00254,Nepali,0,NEP_F
NEP_F_ALEXA_00046,Nepali,1,NEP_F
NEP_F_ALEXA_00013,Nepali,1,NEP_F
NEP_F_UMANG_00092,Nepali,1,NEP_F
NEP_F_ALEXA_00148,Nepali,0,NEP_F
NEP_F_ALEXA_00057,Nepali,0,NEP_F
NEP_F_CONV_02098,Nepali,1,NEP_F
NEP_F_CONV_00639,Nepali,1,NEP_F
NEP_F_CONV_01817,Nepali,0,NEP_F
NEP_F_CONV_00063,Nepali,0,NEP_F
NEP_F_CONV_01784,Nepali,1,NEP_F
NEP_F_CONV_00510,Nepali,0,NEP_F
NEP_F_CONV_01491,Nepali,1,NEP_F
NEP_F_CONV_00547,Nepali,1,NEP_F
NEP_F_CONV_02563,Nepali,0,NEP_F
NEP_F_CONV_01589,Nepali,1,NEP_F
NEP_F_CONV_00309,Nepali,1,NEP_F
NEP_F_CONV_02152,Nepali,1,NEP_F
NEP_F_CONV_00896,Nepali,1,NEP_F
NEP_F_CONV_00257,Nepali,0,NEP_F
NEP_F_CONV_00515,Nepali,1,NEP_F
NEP_F_CONV_01208,Nepali,0,NEP_F
NEP_F_CONV_01483,Nepali,0,NEP_F
NEP_F_CONV_00692,Nepali,0,NEP_F
NEP_F_CONV_02104,Nepali,1,NEP_F
NEP_F_CONV_01128,Nepali,1,NEP_F
NEP_F_CONV_01704,Nepali,0,NEP_F
NEP_F_CONV_00539,Nepali,1,NEP_F
NEP_F_CONV_02593,Nepali,0,NEP_F
NEP_F_CONV_01876,Nepali,0,NEP_F
NEP_F_CONV_02191,Nepali,1,NEP_F
NEP_F_CONV_01326,Nepali,1,NEP_F
NEP_F_CONV_00538,Nepali,0,NEP_F
NEP_F_CONV_01416,Nepali,1,NEP_F
NEP_F_CONV_02099,Nepali,1,NEP_F
NEP_F_CONV_02332,Nepali,1,NEP_F
NEP_F_CONV_00506,Nepali,1,NEP_F
NEP_F_CONV_01524,Nepali,0,NEP_F
NEP_F_CONV_02571,Nepali,1,NEP_F
NEP_F_CONV_02118,Nepali,0,NEP_F
NEP_F_CONV_01618,Nepali,1,NEP_F
NEP_F_CONV_02009,Nepali,1,NEP_F
NEP_F_CONV_00541,Nepali,1,NEP_F
NEP_F_CONV_00039,Nepali,1,NEP_F
NEP_F_CONV_00303,Nepali,0,NEP_F
NEP_F_CONV_01036,Nepali,0,NEP_F
NEP_F_CONV_01703,Nepali,0,NEP_F
NEP_F_CONV_02433,Nepali,0,NEP_F
NEP_F_CONV_01299,Nepali,0,NEP_F
NEP_F_CONV_01564,Nepali,0,NEP_F
NEP_F_CONV_02713,Nepali,0,NEP_F
NEP_F_CONV_02758,Nepali,0,NEP_F
NEP_F_CONV_02531,Nepali,1,NEP_F
NEP_F_CONV_02665,Nepali,1,NEP_F
NEP_F_CONV_01120,Nepali,1,NEP_F
NEP_F_CONV_01079,Nepali,1,NEP_F
NEP_F_CONV_00969,Nepali,0,NEP_F
NEP_F_CONV_01017,Nepali,0,NEP_F
NEP_F_CONV_02023,Nepali,0,NEP_F
NEP_F_CONV_01971,Nepali,0,NEP_F
NEP_F_CONV_00988,Nepali,1,NEP_F
NEP_F_CONV_00904,Nepali,1,NEP_F
NEP_F_CONV_01146,Nepali,1,NEP_F
NEP_F_CONV_02109,Nepali,0,NEP_F
NEP_F_CONV_01401,Nepali,0,NEP_F
NEP_F_CONV_00867,Nepali,1,NEP_F
NEP_F_CONV_00689,Nepali,0,NEP_F
NEP_F_CONV_00346,Nepali,0,NEP_F
NEP_F_CONV_01660,Nepali,0,NEP_F
NEP_F_CONV_02505,Nepali,1,NEP_F
NEP_F_CONV_00144,Nepali,1,NEP_F
NEP_F_CONV_01643,Nepali,0,NEP_F
NEP_F_CONV_02790,Nepali,0,NEP_F
NEP_F_CONV_01025,Nepali,1,NEP_F
NEP_F_CONV_01993,Nepali,1,NEP_F
NEP_F_CONV_00755,Nepali,1,NEP_F
NEP_F_CONV_00527,Nepali,1,NEP_F
NEP_F_CONV_01053,Nepali,0,NEP_F
NEP_F_CONV_01734,Nepali,0,NEP_F
NEP_F_CONV_02652,Nepali,1,NEP_F
NEP_F_CONV_02738,Nepali,1,NEP_F
NEP_F_CONV_01807,Nepali,0,NEP_F
NEP_F_CONV_02661,Nepali,0,NEP_F
NEP_F_CONV_00172,Nepali,0,NEP_F
NEP_F_CONV_02188,Nepali,1,NEP_F
NEP_F_CONV_00954,Nepali,1,NEP_F
NEP_F_CONV_00868,Nepali,0,NEP_F
NEP_F_CONV_00244,Nepali,0,NEP_F
NEP_F_CONV_01642,Nepali,1,NEP_F
NEP_F_CONV_02807,Nepali,0,NEP_F
NEP_F_CONV_00380,Nepali,0,NEP_F
NEP_F_CONV_00532,Nepali,1,NEP_F
NEP_F_CONV_00268,Nepali,0,NEP_F
NEP_F_CONV_00129,Nepali,0,NEP_F
NEP_F_CONV_00665,Nepali,1,NEP_F
NEP_F_CONV_00528,Nepali,0,NEP_F
NEP_F_CONV_00732,Nepali,0,NEP_F
NEP_F_CONV_00081,Nepali,0,NEP_F
NEP_F_CONV_02611,Nepali,0,NEP_F
NEP_F_CONV_00529,Nepali,1,NEP_F
NEP_F_CONV_00464,Nepali,0,NEP_F
NEP_F_CONV_01871,Nepali,1,NEP_F
NEP_F_CONV_00820,Nepali,1,NEP_F
NEP_F_CONV_02422,Nepali,1,NEP_F
NEP_F_CONV_02021,Nepali,1,NEP_F
NEP_F_CONV_02040,Nepali,0,NEP_F
NEP_F_CONV_01454,Nepali,0,NEP_F
NEP_F_CONV_01653,Nepali,1,NEP_F
NEP_F_CONV_02063,Nepali,0,NEP_F
NEP_F_CONV_02117,Nepali,1,NEP_F
NEP_F_CONV_02108,Nepali,1,NEP_F
NEP_F_CONV_01183,Nepali,0,NEP_F
NEP_F_CONV_01826,Nepali,0,NEP_F
NEP_F_CONV_01791,Nepali,1,NEP_F
NEP_F_CONV_02609,Nepali,0,NEP_F
NEP_F_CONV_02184,Nepali,1,NEP_F
NEP_F_CONV_02289,Nepali,1,NEP_F
NEP_F_CONV_02404,Nepali,1,NEP_F
NEP_F_CONV_02302,Nepali,0,NEP_F
NEP_F_CONV_01846,Nepali,0,NEP_F
NEP_F_CONV_00360,Nepali,0,NEP_F
NEP_F_CONV_01178,Nepali,0,NEP_F
NEP_F_CONV_00125,Nepali,0,NEP_F
NEP_F_CONV_02649,Nepali,0,NEP_F
NEP_F_CONV_00224,Nepali,1,NEP_F
NEP_F_CONV_02578,Nepali,1,NEP_F
NEP_F_CONV_00572,Nepali,0,NEP_F
NEP_F_CONV_01386,Nepali,1,NEP_F
NEP_F_CONV_01091,Nepali,1,NEP_F
NEP_F_CONV_02229,Nepali,1,NEP_F
NEP_F_CONV_01813,Nepali,0,NEP_F
NEP_F_CONV_01136,Nepali,0,NEP_F
NEP_F_CONV_02572,Nepali,0,NEP_F
NEP_F_CONV_02486,Nepali,1,NEP_F
NEP_F_CONV_01214,Nepali,0,NEP_F
NEP_F_CONV_00985,Nepali,0,NEP_F
NEP_F_CONV_02365,Nepali,1,NEP_F
NEP_F_CONV_02133,Nepali,1,NEP_F
NEP_F_CONV_01435,Nepali,1,NEP_F
NEP_F_CONV_02249,Nepali,0,NEP_F
NEP_F_CONV_02619,Nepali,0,NEP_F
NEP_F_CONV_02450,Nepali,0,NEP_F
NEP_F_CONV_00607,Nepali,0,NEP_F
NEP_F_CONV_02272,Nepali,1,NEP_F
NEP_F_CONV_02301,Nepali,0,NEP_F
NEP_F_CONV_00279,Nepali,0,NEP_F
NEP_F_CONV_00792,Nepali,1,NEP_F
NEP_F_CONV_01151,Nepali,1,NEP_F
NEP_F_CONV_02110,Nepali,0,NEP_F
NEP_F_CONV_02603,Nepali,1,NEP_F
NEP_F_CONV_02560,Nepali,0,NEP_F
NEP_F_CONV_00523,Nepali,1,NEP_F
NEP_F_CONV_01860,Nepali,1,NEP_F
NEP_F_CONV_01102,Nepali,1,NEP_F
NEP_F_CONV_02555,Nepali,0,NEP_F
NEP_F_CONV_02178,Nepali,0,NEP_F
NEP_F_CONV_00316,Nepali,1,NEP_F
NEP_F_CONV_00989,Nepali,0,NEP_F
NEP_F_CONV_00671,Nepali,0,NEP_F
NEP_F_CONV_00465,Nepali,1,NEP_F
NEP_F_CONV_01909,Nepali,1,NEP_F
NEP_F_CONV_01466,Nepali,0,NEP_F
NEP_F_CONV_01430,Nepali,0,NEP_F
NEP_F_CONV_02694,Nepali,0,NEP_F
NEP_F_CONV_00096,Nepali,1,NEP_F
NEP_F_CONV_01529,Nepali,0,NEP_F
NEP_F_CONV_00234,Nepali,1,NEP_F
NEP_F_CONV_01098,Nepali,0,NEP_F
NEP_F_CONV_02679,Nepali,1,NEP_F
NEP_F_CONV_02047,Nepali,1,NEP_F
NEP_F_CONV_02201,Nepali,1,NEP_F
NEP_F_CONV_01453,Nepali,1,NEP_F
NEP_F_CONV_02388,Nepali,1,NEP_F
NEP_F_DISGUST_00195,Nepali,1,NEP_F
NEP_F_DISGUST_00449,Nepali,1,NEP_F
NEP_F_DISGUST_00231,Nepali,1,NEP_F
NEP_F_DISGUST_00485,Nepali,1,NEP_F
NEP_F_DISGUST_00432,Nepali,0,NEP_F
NEP_F_DISGUST_00094,Nepali,1,NEP_F
NEP_F_DISGUST_00181,Nepali,0,NEP_F
NEP_F_DISGUST_00186,Nepali,1,NEP_F
NEP_F_DISGUST_00044,Nepali,1,NEP_F
NEP_F_DISGUST_00093,Nepali,0,NEP_F
NEP_F_DISGUST_00091,Nepali,0,NEP_F
NEP_F_DISGUST_00122,Nepali,1,NEP_F
NEP_F_DISGUST_00486,Nepali,0,NEP_F
NEP_F_DISGUST_00117,Nepali,1,NEP_F
NEP_F_DISGUST_00441,Nepali,0,NEP_F
NEP_F_DISGUST_00365,Nepali,1,NEP_F
NEP_F_DISGUST_00016,Nepali,1,NEP_F
NEP_F_DISGUST_00313,Nepali,1,NEP_F
NEP_F_DISGUST_00254,Nepali,0,NEP_F
NEP_F_DISGUST_00295,Nepali,0,NEP_F
NEP_F_DISGUST_00250,Nepali,0,NEP_F
NEP_F_DISGUST_00305,Nepali,1,NEP_F
NEP_F_DISGUST_00462,Nepali,1,NEP_F
NEP_F_DISGUST_00293,Nepali,0,NEP_F
NEP_F_DISGUST_00071,Nepali,1,NEP_F
NEP_F_DISGUST_00468,Nepali,0,NEP_F
NEP_F_DISGUST_00072,Nepali,0,NEP_F
NEP_F_DISGUST_00395,Nepali,0,NEP_F
NEP_F_DISGUST_00342,Nepali,0,NEP_F
NEP_F_DISGUST_00103,Nepali,0,NEP_F
NEP_F_DISGUST_00444,Nepali,0,NEP_F
NEP_F_DISGUST_00154,Nepali,0,NEP_F
NEP_F_DISGUST_00267,Nepali,1,NEP_F
NEP_F_DISGUST_00252,Nepali,1,NEP_F
NEP_F_DISGUST_00453,Nepali,1,NEP_F
NEP_F_DISGUST_00240,Nepali,1,NEP_F
NEP_F_DISGUST_00280,Nepali,1,NEP_F
NEP_F_DISGUST_00053,Nepali,1,NEP_F
NEP_F_DISGUST_00224,Nepali,1,NEP_F
NEP_F_DISGUST_00329,Nepali,1,NEP_F
NEP_F_DISGUST_00098,Nepali,1,NEP_F
NEP_F_DISGUST_00099,Nepali,1,NEP_F
NEP_F_DISGUST_00406,Nepali,1,NEP_F
NEP_F_DISGUST_00047,Nepali,0,NEP_F
NEP_F_DISGUST_00147,Nepali,0,NEP_F
NEP_F_DISGUST_00491,Nepali,1,NEP_F
NEP_F_DISGUST_00199,Nepali,0,NEP_F
NEP_F_DISGUST_00391,Nepali,1,NEP_F
NEP_F_DISGUST_00484,Nepali,1,NEP_F
NEP_F_DISGUST_00025,Nepali,0,NEP_F
NEP_F_DISGUST_00102,Nepali,0,NEP_F
NEP_F_DISGUST_00428,Nepali,1,NEP_F
NEP_F_DISGUST_00001,Nepali,0,NEP_F
NEP_F_DISGUST_00030,Nepali,0,NEP_F
NEP_F_DISGUST_00109,Nepali,0,NEP_F
NEP_F_DISGUST_00353,Nepali,0,NEP_F
NEP_F_DISGUST_00359,Nepali,0,NEP_F
NEP_F_DISGUST_00351,Nepali,0,NEP_F
NEP_F_DISGUST_00100,Nepali,1,NEP_F
NEP_F_DISGUST_00106,Nepali,1,NEP_F
NEP_F_DISGUST_00471,Nepali,0,NEP_F
NEP_F_DISGUST_00135,Nepali,0,NEP_F
NEP_F_DISGUST_00037,Nepali,1,NEP_F
NEP_F_DISGUST_00496,Nepali,1,NEP_F
NEP_F_DISGUST_00228,Nepali,0,NEP_F
NEP_F_DISGUST_00483,Nepali,0,NEP_F
NEP_F_DISGUST_00335,Nepali,0,NEP_F
NEP_F_DISGUST_00057,Nepali,0,NEP_F
NEP_F_DISGUST_00230,Nepali,0,NEP_F
NEP_F_DISGUST_00487,Nepali,0,NEP_F
NEP_F_DISGUST_00169,Nepali,0,NEP_F
NEP_F_DISGUST_00479,Nepali,0,NEP_F
NEP_F_DISGUST_00392,Nepali,0,NEP_F
NEP_F_DISGUST_00343,Nepali,0,NEP_F
NEP_F_DISGUST_00033,Nepali,0,NEP_F
NEP_F_DISGUST_00061,Nepali,1,NEP_F
NEP_F_DISGUST_00373,Nepali,0,NEP_F
NEP_F_DISGUST_00120,Nepali,1,NEP_F
NEP_F_DISGUST_00279,Nepali,1,NEP_F
NEP_F_DISGUST_00317,Nepali,1,NEP_F
NEP_F_DISGUST_00074,Nepali,1,NEP_F
NEP_F_DISGUST_00356,Nepali,0,NEP_F
NEP_F_DISGUST_00034,Nepali,0,NEP_F
NEP_F_DISGUST_00028,Nepali,0,NEP_F
NEP_F_DISGUST_00085,Nepali,1,NEP_F
NEP_F_DISGUST_00180,Nepali,0,NEP_F
NEP_F_DISGUST_00045,Nepali,1,NEP_F
NEP_F_DISGUST_00110,Nepali,0,NEP_F
NEP_F_DISGUST_00379,Nepali,1,NEP_F
NEP_F_DISGUST_00488,Nepali,0,NEP_F
NEP_F_DISGUST_00448,Nepali,0,NEP_F
NEP_F_DISGUST_00206,Nepali,0,NEP_F
NEP_F_DISGUST_00312,Nepali,0,NEP_F
NEP_F_DISGUST_00262,Nepali,1,NEP_F
NEP_F_DISGUST_00269,Nepali,0,NEP_F
NEP_F_DISGUST_00008,Nepali,1,NEP_F
NEP_F_DISGUST_00060,Nepali,0,NEP_F
NEP_F_DISGUST_00363,Nepali,1,NEP_F
NEP_F_DISGUST_00136,Nepali,0,NEP_F
NEP_F_DISGUST_00477,Nepali,1,NEP_F
NEP_F_DISGUST_00334,Nepali,0,NEP_F
NEP_F_DISGUST_00027,Nepali,0,NEP_F
NEP_F_DISGUST_00013,Nepali,1,NEP_F
NEP_F_DISGUST_00314,Nepali,0,NEP_F
NEP_F_DISGUST_00401,Nepali,0,NEP_F
NEP_F_DISGUST_00006,Nepali,1,NEP_F
NEP_F_DISGUST_00029,Nepali,1,NEP_F
NEP_F_DISGUST_00039,Nepali,1,NEP_F
NEP_F_DISGUST_00079,Nepali,1,NEP_F
NEP_F_DISGUST_00263,Nepali,0,NEP_F
NEP_F_DISGUST_00208,Nepali,1,NEP_F
NEP_F_DISGUST_00080,Nepali,0,NEP_F
NEP_F_DISGUST_00141,Nepali,1,NEP_F
NEP_F_DISGUST_00417,Nepali,1,NEP_F
NEP_F_DISGUST_00419,Nepali,0,NEP_F
NEP_F_DISGUST_00172,Nepali,0,NEP_F
NEP_F_DISGUST_00438,Nepali,1,NEP_F
NEP_F_DISGUST_00460,Nepali,0,NEP_F
NEP_F_DISGUST_00499,Nepali,1,NEP_F
NEP_F_DISGUST_00038,Nepali,0,NEP_F
NEP_F_DISGUST_00011,Nepali,1,NEP_F
NEP_F_DISGUST_00258,Nepali,1,NEP_F
NEP_F_DISGUST_00023,Nepali,1,NEP_F
NEP_F_DISGUST_00138,Nepali,0,NEP_F
NEP_F_DISGUST_00130,Nepali,0,NEP_F
NEP_F_DISGUST_00474,Nepali,1,NEP_F
NEP_F_DISGUST_00043,Nepali,0,NEP_F
NEP_F_DISGUST_00189,Nepali,1,NEP_F
NEP_F_DISGUST_00036,Nepali,0,NEP_F
NEP_F_DISGUST_00156,Nepali,0,NEP_F
NEP_F_DISGUST_00148,Nepali,1,NEP_F
NEP_F_DISGUST_00397,Nepali,1,NEP_F
NEP_F_DISGUST_00338,Nepali,1,NEP_F
NEP_F_DISGUST_00191,Nepali,0,NEP_F
NEP_F_DISGUST_00207,Nepali,1,NEP_F
NEP_F_DISGUST_00489,Nepali,0,NEP_F
NEP_F_DISGUST_00416,Nepali,1,NEP_F
NEP_F_DISGUST_00270,Nepali,0,NEP_F
NEP_F_DISGUST_00204,Nepali,0,NEP_F
NEP_F_DISGUST_00380,Nepali,0,NEP_F
NEP_F_DISGUST_00140,Nepali,1,NEP_F
NEP_F_DISGUST_00237,Nepali,1,NEP_F
NEP_F_DISGUST_00251,Nepali,0,NEP_F
NEP_F_DISGUST_00210,Nepali,0,NEP_F
NEP_F_DISGUST_00238,Nepali,1,NEP_F
NEP_F_DISGUST_00107,Nepali,0,NEP_F
NEP_F_DISGUST_00234,Nepali,1,NEP_F
NEP_F_DISGUST_00221,Nepali,1,NEP_F
NEP_F_DISGUST_00096,Nepali,0,NEP_F
NEP_F_DISGUST_00268,Nepali,1,NEP_F
NEP_F_DISGUST_00158,Nepali,1,NEP_F
NEP_F_DISGUST_00287,Nepali,1,NEP_F
NEP_F_DISGUST_00315,Nepali,0,NEP_F
NEP_F_DISGUST_00303,Nepali,1,NEP_F
NEP_F_DISGUST_00447,Nepali,1,NEP_F
NEP_F_DISGUST_00493,Nepali,0,NEP_F
NEP_F_DISGUST_00465,Nepali,1,NEP_F
NEP_F_DISGUST_00495,Nepali,1,NEP_F
NEP_F_DISGUST_00440,Nepali,1,NEP_F
NEP_F_DISGUST_00452,Nepali,1,NEP_F
NEP_F_DISGUST_00050,Nepali,1,NEP_F
NEP_F_DISGUST_00188,Nepali,1,NEP_F
NEP_F_DISGUST_00466,Nepali,0,NEP_F
NEP_F_DISGUST_00233,Nepali,0,NEP_F
NEP_F_DISGUST_00290,Nepali,0,NEP_F
NEP_F_DISGUST_00396,Nepali,0,NEP_F
NEP_F_DISGUST_00075,Nepali,1,NEP_F
NEP_F_FEAR_00071,Nepali,1,NEP_F
NEP_F_FEAR_00079,Nepali,1,NEP_F
NEP_F_FEAR_00047,Nepali,0,NEP_F
NEP_F_FEAR_00371,Nepali,0,NEP_F
NEP_F_FEAR_00089,Nepali,1,NEP_F
NEP_F_FEAR_00299,Nepali,1,NEP_F
NEP_F_FEAR_00270,Nepali,0,NEP_F
NEP_F_FEAR_00017,Nepali,0,NEP_F
NEP_F_FEAR_00531,Nepali,0,NEP_F
NEP_F_FEAR_00302,Nepali,1,NEP_F
NEP_F_FEAR_00095,Nepali,0,NEP_F
NEP_F_FEAR_00090,Nepali,1,NEP_F
NEP_F_FEAR_00430,Nepali,1,NEP_F
NEP_F_FEAR_00106,Nepali,0,NEP_F
NEP_F_FEAR_00358,Nepali,0,NEP_F
NEP_F_FEAR_00341,Nepali,1,NEP_F
NEP_F_FEAR_00435,Nepali,0,NEP_F
NEP_F_FEAR_00395,Nepali,1,NEP_F
NEP_F_FEAR_00529,Nepali,1,NEP_F
NEP_F_FEAR_00093,Nepali,0,NEP_F
NEP_F_FEAR_00002,Nepali,0,NEP_F
NEP_F_FEAR_00122,Nepali,1,NEP_F
NEP_F_FEAR_00018,Nepali,1,NEP_F
NEP_F_FEAR_00515,Nepali,1,NEP_F
NEP_F_FEAR_00091,Nepali,0,NEP_F
NEP_F_FEAR_00176,Nepali,0,NEP_F
NEP_F_FEAR_00388,Nepali,0,NEP_F
NEP_F_FEAR_00401,Nepali,1,NEP_F
NEP_F_FEAR_00044,Nepali,0,NEP_F
NEP_F_FEAR_00504,Nepali,0,NEP_F
NEP_F_FEAR_00220,Nepali,0,NEP_F
NEP_F_FEAR_00171,Nepali,0,NEP_F
NEP_F_FEAR_00479,Nepali,0,NEP_F
NEP_F_FEAR_00119,Nepali,0,NEP_F
NEP_F_FEAR_00028,Nepali,1,NEP_F
NEP_F_FEAR_00054,Nepali,1,NEP_F
NEP_F_FEAR_00100,Nepali,0,NEP_F
NEP_F_FEAR_00086,Nepali,0,NEP_F
NEP_F_FEAR_00169,Nepali,1,NEP_F
NEP_F_FEAR_00247,Nepali,1,NEP_F
NEP_F_FEAR_00133,Nepali,0,NEP_F
NEP_F_FEAR_00183,Nepali,1,NEP_F
NEP_F_FEAR_00458,Nepali,1,NEP_F
NEP_F_FEAR_00230,Nepali,0,NEP_F
NEP_F_FEAR_00378,Nepali,1,NEP_F
NEP_F_FEAR_00398,Nepali,0,NEP_F
NEP_F_FEAR_00372,Nepali,0,NEP_F
NEP_F_FEAR_00450,Nepali,1,NEP_F
NEP_F_FEAR_00506,Nepali,1,NEP_F
NEP_F_FEAR_00489,Nepali,0,NEP_F
NEP_F_FEAR_00339,Nepali,1,NEP_F
NEP_F_FEAR_00383,Nepali,0,NEP_F
NEP_F_FEAR_00232,Nepali,0,NEP_F
NEP_F_FEAR_00364,Nepali,1,NEP_F
NEP_F_FEAR_00327,Nepali,0,NEP_F
NEP_F_FEAR_00166,Nepali,1,NEP_F
NEP_F_FEAR_00098,Nepali,1,NEP_F
NEP_F_FEAR_00008,Nepali,1,NEP_F
NEP_F_FEAR_00496,Nepali,1,NEP_F
NEP_F_FEAR_00470,Nepali,0,NEP_F
NEP_F_FEAR_00190,Nepali,1,NEP_F
NEP_F_FEAR_00376,Nepali,1,NEP_F
NEP_F_FEAR_00416,Nepali,0,NEP_F
NEP_F_FEAR_00221,Nepali,0,NEP_F
NEP_F_FEAR_00088,Nepali,1,NEP_F
NEP_F_FEAR_00146,Nepali,1,NEP_F
NEP_F_FEAR_00250,Nepali,0,NEP_F
NEP_F_FEAR_00157,Nepali,0,NEP_F
NEP_F_FEAR_00403,Nepali,1,NEP_F
NEP_F_FEAR_00516,Nepali,1,NEP_F
NEP_F_FEAR_00023,Nepali,0,NEP_F
NEP_F_FEAR_00483,Nepali,1,NEP_F
NEP_F_FEAR_00530,Nepali,1,NEP_F
NEP_F_FEAR_00029,Nepali,1,NEP_F
NEP_F_FEAR_00377,Nepali,1,NEP_F
NEP_F_FEAR_00387,Nepali,0,NEP_F
NEP_F_FEAR_00070,Nepali,1,NEP_F
NEP_F_FEAR_00320,Nepali,0,NEP_F
NEP_F_FEAR_00347,Nepali,0,NEP_F
NEP_F_FEAR_00385,Nepali,0,NEP_F
NEP_F_FEAR_00285,Nepali,1,NEP_F
NEP_F_FEAR_00456,Nepali,0,NEP_F
NEP_F_FEAR_00497,Nepali,0,NEP_F
NEP_F_FEAR_00036,Nepali,0,NEP_F
NEP_F_FEAR_00265,Nepali,1,NEP_F
NEP_F_FEAR_00309,Nepali,1,NEP_F
NEP_F_FEAR_00189,Nepali,1,NEP_F
NEP_F_FEAR_00057,Nepali,1,NEP_F
NEP_F_FEAR_00488,Nepali,0,NEP_F
NEP_F_FEAR_00521,Nepali,0,NEP_F
NEP_F_FEAR_00412,Nepali,1,NEP_F
NEP_F_FEAR_00305,Nepali,1,NEP_F
NEP_F_FEAR_00251,Nepali,0,NEP_F
NEP_F_FEAR_00188,Nepali,0,NEP_F
NEP_F_FEAR_00381,Nepali,0,NEP_F
NEP_F_FEAR_00033,Nepali,1,NEP_F
NEP_F_FEAR_00524,Nepali,0,NEP_F
NEP_F_FEAR_00061,Nepali,0,NEP_F
NEP_F_FEAR_00215,Nepali,1,NEP_F
NEP_F_FEAR_00466,Nepali,1,NEP_F
NEP_F_FEAR_00319,Nepali,1,NEP_F
NEP_F_FEAR_00209,Nepali,0,NEP_F
NEP_F_FEAR_00072,Nepali,1,NEP_F
NEP_F_FEAR_00374,Nepali,1,NEP_F
NEP_F_FEAR_00150,Nepali,0,NEP_F
NEP_F_FEAR_00490,Nepali,1,NEP_F
NEP_F_FEAR_00035,Nepali,1,NEP_F
NEP_F_FEAR_00027,Nepali,0,NEP_F
NEP_F_FEAR_00082,Nepali,0,NEP_F
NEP_F_FEAR_00448,Nepali,0,NEP_F
NEP_F_FEAR_00110,Nepali,1,NEP_F
NEP_F_FEAR_00046,Nepali,1,NEP_F
NEP_F_FEAR_00108,Nepali,1,NEP_F
NEP_F_FEAR_00400,Nepali,1,NEP_F
NEP_F_FEAR_00308,Nepali,0,NEP_F
NEP_F_FEAR_00286,Nepali,0,NEP_F
NEP_F_FEAR_00158,Nepali,1,NEP_F
NEP_F_FEAR_00125,Nepali,0,NEP_F
NEP_F_FEAR_00219,Nepali,0,NEP_F
NEP_F_FEAR_00360,Nepali,0,NEP_F
NEP_F_FEAR_00207,Nepali,0,NEP_F
NEP_F_FEAR_00480,Nepali,0,NEP_F
NEP_F_FEAR_00528,Nepali,0,NEP_F
NEP_F_FEAR_00246,Nepali,0,NEP_F
NEP_F_FEAR_00137,Nepali,1,NEP_F
NEP_F_FEAR_00354,Nepali,0,NEP_F
NEP_F_FEAR_00408,Nepali,1,NEP_F
NEP_F_FEAR_00012,Nepali,0,NEP_F
NEP_F_FEAR_00149,Nepali,1,NEP_F
NEP_F_FEAR_00060,Nepali,0,NEP_F
NEP_F_FEAR_00024,Nepali,1,NEP_F
NEP_F_FEAR_00009,Nepali,1,NEP_F
NEP_F_FEAR_00413,Nepali,1,NEP_F
NEP_F_FEAR_00006,Nepali,0,NEP_F
NEP_F_FEAR_00193,Nepali,1,NEP_F
NEP_F_FEAR_00075,Nepali,1,NEP_F
NEP_F_FEAR_00143,Nepali,0,NEP_F
NEP_F_FEAR_00373,Nepali,1,NEP_F
NEP_F_FEAR_00041,Nepali,0,NEP_F
NEP_F_FEAR_00043,Nepali,1,NEP_F
NEP_F_FEAR_00500,Nepali,1,NEP_F
NEP_F_FEAR_00391,Nepali,1,NEP_F
NEP_F_FEAR_00037,Nepali,1,NEP_F
NEP_F_FEAR_00014,Nepali,1,NEP_F
NEP_F_FEAR_00532,Nepali,0,NEP_F
NEP_F_FEAR_00141,Nepali,1,NEP_F
NEP_F_FEAR_00315,Nepali,1,NEP_F
NEP_F_FEAR_00052,Nepali,0,NEP_F
NEP_F_FEAR_00152,Nepali,0,NEP_F
NEP_F_FEAR_00147,Nepali,1,NEP_F
NEP_F_FEAR_00223,Nepali,0,NEP_F
NEP_F_FEAR_00192,Nepali,0,NEP_F
NEP_F_FEAR_00316,Nepali,0,NEP_F
NEP_F_FEAR_00428,Nepali,1,NEP_F
NEP_F_FEAR_00442,Nepali,0,NEP_F
NEP_F_FEAR_00419,Nepali,0,NEP_F
NEP_F_FEAR_00239,Nepali,1,NEP_F
NEP_F_FEAR_00465,Nepali,1,NEP_F
NEP_F_FEAR_00523,Nepali,0,NEP_F
NEP_F_FEAR_00175,Nepali,0,NEP_F
NEP_F_FEAR_00498,Nepali,1,NEP_F
NEP_F_FEAR_00321,Nepali,0,NEP_F
NEP_F_FEAR_00233,Nepali,1,NEP_F
NEP_F_FEAR_00437,Nepali,0,NEP_F
NEP_F_FEAR_00318,Nepali,1,NEP_F
NEP_F_FEAR_00474,Nepali,0,NEP_F
NEP_F_FEAR_00142,Nepali,1,NEP_F
NEP_F_HAPPY_00403,Nepali,1,NEP_F
NEP_F_HAPPY_00167,Nepali,0,NEP_F
NEP_F_HAPPY_00089,Nepali,1,NEP_F
NEP_F_HAPPY_00436,Nepali,0,NEP_F
NEP_F_HAPPY_00090,Nepali,1,NEP_F
NEP_F_HAPPY_00357,Nepali,0,NEP_F
NEP_F_HAPPY_00151,Nepali,1,NEP_F
NEP_F_HAPPY_00267,Nepali,0,NEP_F
NEP_F_HAPPY_00171,Nepali,0,NEP_F
NEP_F_HAPPY_00201,Nepali,1,NEP_F
NEP_F_HAPPY_00322,Nepali,1,NEP_F
NEP_F_HAPPY_00095,Nepali,0,NEP_F
NEP_F_HAPPY_00150,Nepali,0,NEP_F
NEP_F_HAPPY_00458,Nepali,0,NEP_F
NEP_F_HAPPY_00399,Nepali,1,NEP_F
NEP_F_HAPPY_00060,Nepali,0,NEP_F
NEP_F_HAPPY_00428,Nepali,1,NEP_F
NEP_F_HAPPY_00139,Nepali,1,NEP_F
NEP_F_HAPPY_00092,Nepali,0,NEP_F
NEP_F_HAPPY_00437,Nepali,1,NEP_F
NEP_F_HAPPY_00015,Nepali,1,NEP_F
NEP_F_HAPPY_00281,Nepali,1,NEP_F
NEP_F_HAPPY_00072,Nepali,0,NEP_F
NEP_F_HAPPY_00492,Nepali,0,NEP_F
NEP_F_HAPPY_00044,Nepali,0,NEP_F
NEP_F_HAPPY_00335,Nepali,1,NEP_F
NEP_F_HAPPY_00188,Nepali,1,NEP_F
NEP_F_HAPPY_00251,Nepali,0,NEP_F
NEP_F_HAPPY_00394,Nepali,0,NEP_F
NEP_F_HAPPY_00148,Nepali,1,NEP_F
NEP_F_HAPPY_00023,Nepali,1,NEP_F
NEP_F_HAPPY_00097,Nepali,1,NEP_F
NEP_F_HAPPY_00055,Nepali,1,NEP_F
NEP_F_HAPPY_00141,Nepali,0,NEP_F
NEP_F_HAPPY_00378,Nepali,1,NEP_F
NEP_F_HAPPY_00350,Nepali,0,NEP_F
NEP_F_HAPPY_00093,Nepali,1,NEP_F
NEP_F_HAPPY_00309,Nepali,0,NEP_F
NEP_F_HAPPY_00358,Nepali,1,NEP_F
NEP_F_HAPPY_00341,Nepali,0,NEP_F
NEP_F_HAPPY_00087,Nepali,0,NEP_F
NEP_F_HAPPY_00210,Nepali,1,NEP_F
NEP_F_HAPPY_00364,Nepali,1,NEP_F
NEP_F_HAPPY_00185,Nepali,0,NEP_F
NEP_F_HAPPY_00239,Nepali,1,NEP_F
NEP_F_HAPPY_00100,Nepali,1,NEP_F
NEP_F_HAPPY_00094,Nepali,1,NEP_F
NEP_F_HAPPY_00050,Nepali,1,NEP_F
NEP_F_HAPPY_00369,Nepali,1,NEP_F
NEP_F_HAPPY_00375,Nepali,0,NEP_F
NEP_F_HAPPY_00310,Nepali,1,NEP_F
NEP_F_HAPPY_00162,Nepali,0,NEP_F
NEP_F_HAPPY_00018,Nepali,0,NEP_F
NEP_F_HAPPY_00467,Nepali,1,NEP_F
NEP_F_HAPPY_00024,Nepali,1,NEP_F
NEP_F_HAPPY_00234,Nepali,0,NEP_F
NEP_F_HAPPY_00161,Nepali,1,NEP_F
NEP_F_HAPPY_00001,Nepali,1,NEP_F
NEP_F_HAPPY_00029,Nepali,0,NEP_F
NEP_F_HAPPY_00347,Nepali,0,NEP_F
NEP_F_HAPPY_00159,Nepali,1,NEP_F
NEP_F_HAPPY_00073,Nepali,0,NEP_F
NEP_F_HAPPY_00445,Nepali,0,NEP_F
NEP_F_HAPPY_00401,Nepali,1,NEP_F
NEP_F_HAPPY_00270,Nepali,0,NEP_F
NEP_F_HAPPY_00388,Nepali,0,NEP_F
NEP_F_HAPPY_00194,Nepali,0,NEP_F
NEP_F_HAPPY_00470,Nepali,1,NEP_F
NEP_F_HAPPY_00453,Nepali,1,NEP_F
NEP_F_HAPPY_00038,Nepali,0,NEP_F
NEP_F_HAPPY_00248,Nepali,1,NEP_F
NEP_F_HAPPY_00235,Nepali,0,NEP_F
NEP_F_HAPPY_00327,Nepali,1,NEP_F
NEP_F_HAPPY_00057,Nepali,1,NEP_F
NEP_F_HAPPY_00209,Nepali,0,NEP_F
NEP_F_HAPPY_00416,Nepali,1,NEP_F
NEP_F_HAPPY_00136,Nepali,1,NEP_F
NEP_F_HAPPY_00372,Nepali,0,NEP_F
NEP_F_HAPPY_00290,Nepali,1,NEP_F
NEP_F_HAPPY_00349,Nepali,0,NEP_F
NEP_F_HAPPY_00033,Nepali,1,NEP_F
NEP_F_HAPPY_00064,Nepali,0,NEP_F
NEP_F_HAPPY_00111,Nepali,1,NEP_F
NEP_F_HAPPY_00424,Nepali,1,NEP_F
NEP_F_HAPPY_00120,Nepali,0,NEP_F
NEP_F_HAPPY_00108,Nepali,1,NEP_F
NEP_F_HAPPY_00075,Nepali,0,NEP_F
NEP_F_HAPPY_00178,Nepali,0,NEP_F
NEP_F_HAPPY_00036,Nepali,0,NEP_F
NEP_F_HAPPY_00027,Nepali,1,NEP_F
NEP_F_HAPPY_00083,Nepali,0,NEP_F
NEP_F_HAPPY_00299,Nepali,0,NEP_F
NEP_F_HAPPY_00297,Nepali,1,NEP_F
NEP_F_HAPPY_00045,Nepali,1,NEP_F
NEP_F_HAPPY_00102,Nepali,0,NEP_F
NEP_F_HAPPY_00371,Nepali,1,NEP_F
NEP_F_HAPPY_00296,Nepali,1,NEP_F
NEP_F_HAPPY_00217,Nepali,0,NEP_F
NEP_F_HAPPY_00404,Nepali,0,NEP_F
NEP_F_HAPPY_00112,Nepali,0,NEP_F
NEP_F_HAPPY_00289,Nepali,0,NEP_F
NEP_F_HAPPY_00446,Nepali,1,NEP_F
NEP_F_HAPPY_00367,Nepali,0,NEP_F
NEP_F_HAPPY_00276,Nepali,0,NEP_F
NEP_F_HAPPY_00495,Nepali,1,NEP_F
NEP_F_HAPPY_00122,Nepali,0,NEP_F
NEP_F_HAPPY_00187,Nepali,1,NEP_F
NEP_F_HAPPY_00007,Nepali,0,NEP_F
NEP_F_HAPPY_00062,Nepali,0,NEP_F
NEP_F_HAPPY_00184,Nepali,1,NEP_F
NEP_F_HAPPY_00212,Nepali,0,NEP_F
NEP_F_HAPPY_00460,Nepali,1,NEP_F
NEP_F_HAPPY_00422,Nepali,0,NEP_F
NEP_F_HAPPY_00026,Nepali,0,NEP_F
NEP_F_HAPPY_00022,Nepali,1,NEP_F
NEP_F_HAPPY_00389,Nepali,0,NEP_F
NEP_F_HAPPY_00384,Nepali,1,NEP_F
NEP_F_HAPPY_00006,Nepali,0,NEP_F
NEP_F_HAPPY_00028,Nepali,1,NEP_F
NEP_F_HAPPY_00279,Nepali,1,NEP_F
NEP_F_HAPPY_00077,Nepali,1,NEP_F
NEP_F_HAPPY_00491,Nepali,1,NEP_F
NEP_F_HAPPY_00154,Nepali,0,NEP_F
NEP_F_HAPPY_00079,Nepali,0,NEP_F
NEP_F_HAPPY_00133,Nepali,1,NEP_F
NEP_F_HAPPY_00342,Nepali,1,NEP_F
NEP_F_HAPPY_00361,Nepali,0,NEP_F
NEP_F_HAPPY_00042,Nepali,0,NEP_F
NEP_F_HAPPY_00278,Nepali,1,NEP_F
NEP_F_HAPPY_00205,Nepali,1,NEP_F
NEP_F_HAPPY_00037,Nepali,0,NEP_F
NEP_F_HAPPY_00013,Nepali,1,NEP_F
NEP_F_HAPPY_00494,Nepali,0,NEP_F
NEP_F_HAPPY_00131,Nepali,1,NEP_F
NEP_F_HAPPY_00383,Nepali,1,NEP_F
NEP_F_HAPPY_00047,Nepali,1,NEP_F
NEP_F_HAPPY_00142,Nepali,0,NEP_F
NEP_F_HAPPY_00138,Nepali,0,NEP_F
NEP_F_HAPPY_00429,Nepali,0,NEP_F
NEP_F_HAPPY_00360,Nepali,1,NEP_F
NEP_F_HAPPY_00397,Nepali,1,NEP_F
NEP_F_HAPPY_00461,Nepali,1,NEP_F
NEP_F_HAPPY_00405,Nepali,1,NEP_F
NEP_F_HAPPY_00348,Nepali,1,NEP_F
NEP_F_HAPPY_00481,Nepali,0,NEP_F
NEP_F_HAPPY_00172,Nepali,0,NEP_F
NEP_F_HAPPY_00392,Nepali,0,NEP_F
NEP_F_HAPPY_00317,Nepali,1,NEP_F
NEP_F_HAPPY_00202,Nepali,0,NEP_F
NEP_F_HAPPY_00244,Nepali,0,NEP_F
NEP_F_HAPPY_00132,Nepali,1,NEP_F
NEP_F_HAPPY_00236,Nepali,0,NEP_F
NEP_F_HAPPY_00176,Nepali,1,NEP_F
NEP_F_HAPPY_00253,Nepali,1,NEP_F
NEP_F_HAPPY_00183,Nepali,1,NEP_F
NEP_F_HAPPY_00287,Nepali,1,NEP_F
NEP_F_HAPPY_00218,Nepali,0,NEP_F
NEP_F_HAPPY_00101,Nepali,0,NEP_F
NEP_F_HAPPY_00232,Nepali,0,NEP_F
NEP_F_HAPPY_00400,Nepali,1,NEP_F
NEP_F_HAPPY_00091,Nepali,0,NEP_F
NEP_F_HAPPY_00295,Nepali,0,NEP_F
NEP_F_HAPPY_00477,Nepali,1,NEP_F
NEP_F_HAPPY_00493,Nepali,0,NEP_F
NEP_F_HAPPY_00144,Nepali,0,NEP_F
NEP_F_HAPPY_00298,Nepali,0,NEP_F
NEP_F_HAPPY_00465,Nepali,0,NEP_F
NEP_F_BOOK_00994,Nepali,0,NEP_F
NEP_F_BOOK_00366,Nepali,0,NEP_F
NEP_F_BOOK_00810,Nepali,1,NEP_F
NEP_F_BOOK_00413,Nepali,1,NEP_F
NEP_F_BOOK_00436,Nepali,1,NEP_F
NEP_F_BOOK_01174,Nepali,1,NEP_F
NEP_F_BOOK_00542,Nepali,0,NEP_F
NEP_F_BOOK_00296,Nepali,0,NEP_F
NEP_F_BOOK_00585,Nepali,1,NEP_F
NEP_F_BOOK_00701,Nepali,1,NEP_F
NEP_F_BOOK_00456,Nepali,1,NEP_F
NEP_F_BOOK_00225,Nepali,0,NEP_F
NEP_F_BOOK_00841,Nepali,1,NEP_F
NEP_F_BOOK_00382,Nepali,1,NEP_F
NEP_F_BOOK_00339,Nepali,1,NEP_F
NEP_F_BOOK_00466,Nepali,0,NEP_F
NEP_F_BOOK_00748,Nepali,1,NEP_F
NEP_F_BOOK_00984,Nepali,0,NEP_F
NEP_F_BOOK_00783,Nepali,1,NEP_F
NEP_F_BOOK_00886,Nepali,0,NEP_F
NEP_F_BOOK_01024,Nepali,0,NEP_F
NEP_F_BOOK_00039,Nepali,1,NEP_F
NEP_F_BOOK_00953,Nepali,0,NEP_F
NEP_F_BOOK_00313,Nepali,1,NEP_F
NEP_F_BOOK_00214,Nepali,1,NEP_F
NEP_F_BOOK_00435,Nepali,0,NEP_F
NEP_F_BOOK_00345,Nepali,1,NEP_F
NEP_F_BOOK_00186,Nepali,1,NEP_F
NEP_F_BOOK_01217,Nepali,0,NEP_F
NEP_F_BOOK_00574,Nepali,1,NEP_F
NEP_F_BOOK_01241,Nepali,1,NEP_F
NEP_F_BOOK_00527,Nepali,0,NEP_F
NEP_F_BOOK_00559,Nepali,1,NEP_F
NEP_F_BOOK_00625,Nepali,1,NEP_F
NEP_F_BOOK_00414,Nepali,0,NEP_F
NEP_F_BOOK_00432,Nepali,1,NEP_F
NEP_F_BOOK_00133,Nepali,1,NEP_F
NEP_F_BOOK_00337,Nepali,1,NEP_F
NEP_F_BOOK_00529,Nepali,0,NEP_F
NEP_F_BOOK_00940,Nepali,1,NEP_F
NEP_F_BOOK_01166,Nepali,0,NEP_F
NEP_F_BOOK_00139,Nepali,0,NEP_F
NEP_F_BOOK_00817,Nepali,1,NEP_F
NEP_F_BOOK_01268,Nepali,0,NEP_F
NEP_F_BOOK_00099,Nepali,1,NEP_F
NEP_F_BOOK_01016,Nepali,0,NEP_F
NEP_F_BOOK_00234,Nepali,1,NEP_F
NEP_F_BOOK_00082,Nepali,1,NEP_F
NEP_F_BOOK_00955,Nepali,0,NEP_F
NEP_F_BOOK_00106,Nepali,1,NEP_F
NEP_F_BOOK_01204,Nepali,0,NEP_F
NEP_F_BOOK_01207,Nepali,0,NEP_F
NEP_F_BOOK_00571,Nepali,1,NEP_F
NEP_F_BOOK_00548,Nepali,1,NEP_F
NEP_F_BOOK_00070,Nepali,0,NEP_F
NEP_F_BOOK_01134,Nepali,0,NEP_F
NEP_F_BOOK_00890,Nepali,1,NEP_F
NEP_F_BOOK_00975,Nepali,1,NEP_F
NEP_F_BOOK_00745,Nepali,0,NEP_F
NEP_F_BOOK_00766,Nepali,0,NEP_F
NEP_F_BOOK_00785,Nepali,1,NEP_F
NEP_F_BOOK_00013,Nepali,0,NEP_F
NEP_F_BOOK_01252,Nepali,1,NEP_F
NEP_F_BOOK_00654,Nepali,0,NEP_F
NEP_F_BOOK_00794,Nepali,0,NEP_F
NEP_F_BOOK_00900,Nepali,1,NEP_F
NEP_F_BOOK_00385,Nepali,0,NEP_F
NEP_F_BOOK_00277,Nepali,1,NEP_F
NEP_F_BOOK_00564,Nepali,1,NEP_F
NEP_F_BOOK_00259,Nepali,1,NEP_F
NEP_F_BOOK_00671,Nepali,1,NEP_F
NEP_F_BOOK_01122,Nepali,1,NEP_F
NEP_F_BOOK_00187,Nepali,0,NEP_F
NEP_F_BOOK_01085,Nepali,0,NEP_F
NEP_F_BOOK_00260,Nepali,0,NEP_F
NEP_F_BOOK_01017,Nepali,0,NEP_F
NEP_F_BOOK_00273,Nepali,0,NEP_F
NEP_F_BOOK_00252,Nepali,1,NEP_F
NEP_F_BOOK_00118,Nepali,0,NEP_F
NEP_F_BOOK_00377,Nepali,1,NEP_F
NEP_F_BOOK_00821,Nepali,0,NEP_F
NEP_F_BOOK_00525,Nepali,1,NEP_F
NEP_F_BOOK_00125,Nepali,0,NEP_F
NEP_F_BOOK_00698,Nepali,1,NEP_F
NEP_F_BOOK_01210,Nepali,0,NEP_F
NEP_F_BOOK_00866,Nepali,1,NEP_F
NEP_F_BOOK_00274,Nepali,0,NEP_F
NEP_F_BOOK_00283,Nepali,1,NEP_F
NEP_F_BOOK_00108,Nepali,1,NEP_F
NEP_F_BOOK_00721,Nepali,1,NEP_F
NEP_F_BOOK_01220,Nepali,0,NEP_F
NEP_F_BOOK_01247,Nepali,0,NEP_F
NEP_F_BOOK_00924,Nepali,1,NEP_F
NEP_F_BOOK_00768,Nepali,1,NEP_F
NEP_F_BOOK_01203,Nepali,0,NEP_F
NEP_F_BOOK_00395,Nepali,0,NEP_F
NEP_F_BOOK_00694,Nepali,0,NEP_F
NEP_F_BOOK_00238,Nepali,0,NEP_F
NEP_F_BOOK_00049,Nepali,0,NEP_F
NEP_F_BOOK_00038,Nepali,1,NEP_F
NEP_F_BOOK_00840,Nepali,0,NEP_F
NEP_F_BOOK_00570,Nepali,0,NEP_F
NEP_F_BOOK_00076,Nepali,0,NEP_F
NEP_F_BOOK_00030,Nepali,0,NEP_F
NEP_F_BOOK_00565,Nepali,0,NEP_F
NEP_F_BOOK_00150,Nepali,0,NEP_F
NEP_F_BOOK_00145,Nepali,0,NEP_F
NEP_F_BOOK_01150,Nepali,0,NEP_F
NEP_F_BOOK_00365,Nepali,1,NEP_F
NEP_F_BOOK_00447,Nepali,0,NEP_F
NEP_F_BOOK_00006,Nepali,0,NEP_F
NEP_F_BOOK_00480,Nepali,0,NEP_F
NEP_F_BOOK_00155,Nepali,1,NEP_F
NEP_F_BOOK_00761,Nepali,1,NEP_F
NEP_F_BOOK_00272,Nepali,1,NEP_F
NEP_F_BOOK_00498,Nepali,1,NEP_F
NEP_F_BOOK_00420,Nepali,1,NEP_F
NEP_F_BOOK_00903,Nepali,1,NEP_F
NEP_F_BOOK_00699,Nepali,0,NEP_F
NEP_F_BOOK_00799,Nepali,0,NEP_F
NEP_F_BOOK_01197,Nepali,1,NEP_F
NEP_F_BOOK_00987,Nepali,0,NEP_F
NEP_F_BOOK_00770,Nepali,1,NEP_F
NEP_F_BOOK_00081,Nepali,0,NEP_F
NEP_F_BOOK_00961,Nepali,1,NEP_F
NEP_F_BOOK_00087,Nepali,1,NEP_F
NEP_F_BOOK_00708,Nepali,0,NEP_F
NEP_F_BOOK_00611,Nepali,1,NEP_F
NEP_F_BOOK_01107,Nepali,0,NEP_F
NEP_F_BOOK_00137,Nepali,0,NEP_F
NEP_F_BOOK_00589,Nepali,1,NEP_F
NEP_F_BOOK_00383,Nepali,0,NEP_F
NEP_F_BOOK_01078,Nepali,1,NEP_F
NEP_F_BOOK_00833,Nepali,1,NEP_F
NEP_F_BOOK_00183,Nepali,0,NEP_F
NEP_F_BOOK_00672,Nepali,0,NEP_F
NEP_F_BOOK_01226,Nepali,1,NEP_F
NEP_F_BOOK_00617,Nepali,1,NEP_F
NEP_F_BOOK_01070,Nepali,0,NEP_F
NEP_F_BOOK_00092,Nepali,1,NEP_F
NEP_F_BOOK_00746,Nepali,0,NEP_F
NEP_F_BOOK_00094,Nepali,1,NEP_F
NEP_F_BOOK_01068,Nepali,1,NEP_F
NEP_F_BOOK_00977,Nepali,0,NEP_F
NEP_F_BOOK_00402,Nepali,0,NEP_F
NEP_F_BOOK_00575,Nepali,1,NEP_F
NEP_F_BOOK_00615,Nepali,1,NEP_F
NEP_F_BOOK_00811,Nepali,1,NEP_F
NEP_F_BOOK_01100,Nepali,1,NEP_F
NEP_F_BOOK_00317,Nepali,1,NEP_F
NEP_F_BOOK_00618,Nepali,0,NEP_F
NEP_F_BOOK_01121,Nepali,0,NEP_F
NEP_F_BOOK_00543,Nepali,0,NEP_F
NEP_F_BOOK_01141,Nepali,0,NEP_F
NEP_F_BOOK_01073,Nepali,0,NEP_F
NEP_F_BOOK_00893,Nepali,0,NEP_F
NEP_F_BOOK_01099,Nepali,0,NEP_F
NEP_F_BOOK_00245,Nepali,0,NEP_F
NEP_F_BOOK_00472,Nepali,0,NEP_F
NEP_F_BOOK_01062,Nepali,0,NEP_F
NEP_F_BOOK_00005,Nepali,1,NEP_F
NEP_F_BOOK_00569,Nepali,1,NEP_F
NEP_F_BOOK_00305,Nepali,0,NEP_F
NEP_F_BOOK_00867,Nepali,1,NEP_F
NEP_F_BOOK_01116,Nepali,0,NEP_F
NEP_F_BOOK_00399,Nepali,1,NEP_F
NEP_F_BOOK_00594,Nepali,1,NEP_F
NEP_F_WIKI_00504,Nepali,1,NEP_F
NEP_F_WIKI_03336,Nepali,0,NEP_F
NEP_F_WIKI_02907,Nepali,1,NEP_F
NEP_F_WIKI_02837,Nepali,1,NEP_F
NEP_F_WIKI_03362,Nepali,1,NEP_F
NEP_F_WIKI_00530,Nepali,0,NEP_F
NEP_F_WIKI_02956,Nepali,1,NEP_F
NEP_F_WIKI_02012,Nepali,1,NEP_F
NEP_F_WIKI_00116,Nepali,0,NEP_F
NEP_F_WIKI_00518,Nepali,1,NEP_F
NEP_F_WIKI_02917,Nepali,0,NEP_F
NEP_F_WIKI_02901,Nepali,1,NEP_F
NEP_F_WIKI_00914,Nepali,0,NEP_F
NEP_F_WIKI_01164,Nepali,0,NEP_F
NEP_F_WIKI_01641,Nepali,1,NEP_F
NEP_F_WIKI_00818,Nepali,1,NEP_F
NEP_F_WIKI_03230,Nepali,1,NEP_F
NEP_F_WIKI_03373,Nepali,0,NEP_F
NEP_F_WIKI_00352,Nepali,1,NEP_F
NEP_F_WIKI_00183,Nepali,1,NEP_F
NEP_F_WIKI_02311,Nepali,0,NEP_F
NEP_F_WIKI_01157,Nepali,1,NEP_F
NEP_F_WIKI_00531,Nepali,1,NEP_F
NEP_F_WIKI_03262,Nepali,0,NEP_F
NEP_F_WIKI_02705,Nepali,0,NEP_F
NEP_F_WIKI_00618,Nepali,0,NEP_F
NEP_F_WIKI_02440,Nepali,0,NEP_F
NEP_F_WIKI_02225,Nepali,0,NEP_F
NEP_F_WIKI_00185,Nepali,1,NEP_F
NEP_F_WIKI_03239,Nepali,1,NEP_F
NEP_F_WIKI_02883,Nepali,1,NEP_F
NEP_F_WIKI_01713,Nepali,1,NEP_F
NEP_F_WIKI_03046,Nepali,1,NEP_F
NEP_F_WIKI_01264,Nepali,1,NEP_F
NEP_F_WIKI_03178,Nepali,1,NEP_F
NEP_F_WIKI_01041,Nepali,1,NEP_F
NEP_F_WIKI_03187,Nepali,0,NEP_F
NEP_F_WIKI_03303,Nepali,1,NEP_F
NEP_F_WIKI_00548,Nepali,0,NEP_F
NEP_F_WIKI_00660,Nepali,0,NEP_F
NEP_F_WIKI_00786,Nepali,1,NEP_F
NEP_F_WIKI_00580,Nepali,1,NEP_F
NEP_F_WIKI_02812,Nepali,1,NEP_F
NEP_F_WIKI_01046,Nepali,1,NEP_F
NEP_F_WIKI_01076,Nepali,0,NEP_F
NEP_F_WIKI_01388,Nepali,0,NEP_F
NEP_F_WIKI_00839,Nepali,0,NEP_F
NEP_F_WIKI_00851,Nepali,1,NEP_F
NEP_F_WIKI_01777,Nepali,1,NEP_F
NEP_F_WIKI_02411,Nepali,0,NEP_F
NEP_F_WIKI_03314,Nepali,1,NEP_F
NEP_F_WIKI_01997,Nepali,0,NEP_F
NEP_F_WIKI_01468,Nepali,0,NEP_F
NEP_F_WIKI_00549,Nepali,0,NEP_F
NEP_F_WIKI_00761,Nepali,1,NEP_F
NEP_F_WIKI_02784,Nepali,0,NEP_F
NEP_F_WIKI_00976,Nepali,1,NEP_F
NEP_F_WIKI_03467,Nepali,0,NEP_F
NEP_F_WIKI_01199,Nepali,1,NEP_F
NEP_F_WIKI_02157,Nepali,0,NEP_F
NEP_F_WIKI_00219,Nepali,0,NEP_F
NEP_F_WIKI_01139,Nepali,0,NEP_F
NEP_F_WIKI_01111,Nepali,1,NEP_F
NEP_F_WIKI_00777,Nepali,0,NEP_F
NEP_F_WIKI_02473,Nepali,1,NEP_F
NEP_F_WIKI_03197,Nepali,1,NEP_F
NEP_F_WIKI_00210,Nepali,1,NEP_F
NEP_F_WIKI_00111,Nepali,1,NEP_F
NEP_F_WIKI_02760,Nepali,1,NEP_F
NEP_F_WIKI_00333,Nepali,1,NEP_F
NEP_F_WIKI_02316,Nepali,0,NEP_F
NEP_F_WIKI_01507,Nepali,0,NEP_F
NEP_F_WIKI_01054,Nepali,0,NEP_F
NEP_F_WIKI_00049,Nepali,0,NEP_F
NEP_F_WIKI_02756,Nepali,1,NEP_F
NEP_F_WIKI_00766,Nepali,1,NEP_F
NEP_F_WIKI_00464,Nepali,0,NEP_F
NEP_F_WIKI_03415,Nepali,1,NEP_F
NEP_F_WIKI_01695,Nepali,0,NEP_F
NEP_F_WIKI_02677,Nepali,0,NEP_F
NEP_F_WIKI_01615,Nepali,0,NEP_F
NEP_F_WIKI_00413,Nepali,1,NEP_F
NEP_F_WIKI_02341,Nepali,1,NEP_F
NEP_F_WIKI_03268,Nepali,1,NEP_F
NEP_F_WIKI_02467,Nepali,1,NEP_F
NEP_F_WIKI_03386,Nepali,1,NEP_F
NEP_F_WIKI_01705,Nepali,1,NEP_F
NEP_F_WIKI_00080,Nepali,0,NEP_F
NEP_F_WIKI_01212,Nepali,0,NEP_F
NEP_F_WIKI_00776,Nepali,1,NEP_F
NEP_F_WIKI_01811,Nepali,1,NEP_F
NEP_F_WIKI_00946,Nepali,0,NEP_F
NEP_F_WIKI_02422,Nepali,0,NEP_F
NEP_F_WIKI_00867,Nepali,0,NEP_F
NEP_F_WIKI_01162,Nepali,1,NEP_F
NEP_F_WIKI_02264,Nepali,0,NEP_F
NEP_F_WIKI_01959,Nepali,0,NEP_F
NEP_F_WIKI_00585,Nepali,0,NEP_F
NEP_F_WIKI_03212,Nepali,0,NEP_F
NEP_F_WIKI_01097,Nepali,1,NEP_F
NEP_F_WIKI_00741,Nepali,1,NEP_F
NEP_F_WIKI_03157,Nepali,1,NEP_F
NEP_F_WIKI_02651,Nepali,0,NEP_F
NEP_F_WIKI_01866,Nepali,0,NEP_F
NEP_F_WIKI_02215,Nepali,1,NEP_F
NEP_F_WIKI_00875,Nepali,0,NEP_F
NEP_F_WIKI_00455,Nepali,0,NEP_F
NEP_F_WIKI_00949,Nepali,1,NEP_F
NEP_F_WIKI_03269,Nepali,0,NEP_F
NEP_F_WIKI_03030,Nepali,0,NEP_F
NEP_F_WIKI_03167,Nepali,1,NEP_F
NEP_F_WIKI_00451,Nepali,0,NEP_F
NEP_F_WIKI_01787,Nepali,0,NEP_F
NEP_F_WIKI_00739,Nepali,1,NEP_F
NEP_F_WIKI_00375,Nepali,0,NEP_F
NEP_F_WIKI_00427,Nepali,0,NEP_F
NEP_F_WIKI_00165,Nepali,0,NEP_F
NEP_F_WIKI_02700,Nepali,0,NEP_F
NEP_F_WIKI_02525,Nepali,0,NEP_F
NEP_F_WIKI_02771,Nepali,1,NEP_F
NEP_F_WIKI_01063,Nepali,1,NEP_F
NEP_F_WIKI_00742,Nepali,1,NEP_F
NEP_F_WIKI_02380,Nepali,1,NEP_F
NEP_F_WIKI_03129,Nepali,1,NEP_F
NEP_F_WIKI_02635,Nepali,1,NEP_F
NEP_F_WIKI_03010,Nepali,0,NEP_F
NEP_F_WIKI_03195,Nepali,0,NEP_F
NEP_F_WIKI_02068,Nepali,1,NEP_F
NEP_F_WIKI_03002,Nepali,1,NEP_F
NEP_F_WIKI_01013,Nepali,1,NEP_F
NEP_F_WIKI_01130,Nepali,0,NEP_F
NEP_F_WIKI_03128,Nepali,0,NEP_F
NEP_F_WIKI_00486,Nepali,0,NEP_F
NEP_F_WIKI_02715,Nepali,0,NEP_F
NEP_F_WIKI_02474,Nepali,1,NEP_F
NEP_F_WIKI_02869,Nepali,0,NEP_F
NEP_F_WIKI_00199,Nepali,1,NEP_F
NEP_F_WIKI_02823,Nepali,1,NEP_F
NEP_F_WIKI_03347,Nepali,0,NEP_F
NEP_F_WIKI_00963,Nepali,0,NEP_F
NEP_F_WIKI_00096,Nepali,1,NEP_F
NEP_F_WIKI_00438,Nepali,0,NEP_F
NEP_F_WIKI_02776,Nepali,0,NEP_F
NEP_F_WIKI_02333,Nepali,1,NEP_F
NEP_F_WIKI_02197,Nepali,1,NEP_F
NEP_F_WIKI_01756,Nepali,0,NEP_F
NEP_F_WIKI_01019,Nepali,0,NEP_F
NEP_F_WIKI_01273,Nepali,1,NEP_F
NEP_F_WIKI_02704,Nepali,0,NEP_F
NEP_F_WIKI_00954,Nepali,0,NEP_F
NEP_F_WIKI_03019,Nepali,1,NEP_F
NEP_F_WIKI_01545,Nepali,1,NEP_F
NEP_F_WIKI_00628,Nepali,0,NEP_F
NEP_F_WIKI_03235,Nepali,1,NEP_F
NEP_F_WIKI_02762,Nepali,0,NEP_F
NEP_F_WIKI_02008,Nepali,0,NEP_F
NEP_F_WIKI_00870,Nepali,0,NEP_F
NEP_F_WIKI_03317,Nepali,0,NEP_F
NEP_F_WIKI_02801,Nepali,0,NEP_F
NEP_F_WIKI_00877,Nepali,1,NEP_F
NEP_F_WIKI_02356,Nepali,1,NEP_F
NEP_F_WIKI_02493,Nepali,0,NEP_F
NEP_F_WIKI_02111,Nepali,1,NEP_F
NEP_F_WIKI_00977,Nepali,0,NEP_F
NEP_F_WIKI_01351,Nepali,1,NEP_F
NEP_F_WIKI_01072,Nepali,1,NEP_F
NEP_F_WIKI_00114,Nepali,0,NEP_F
NEP_F_NEWS_00103,Nepali,1,NEP_F
NEP_F_NEWS_00136,Nepali,1,NEP_F
NEP_F_NEWS_00051,Nepali,1,NEP_F
NEP_F_NEWS_00668,Nepali,1,NEP_F
NEP_F_NEWS_00441,Nepali,1,NEP_F
NEP_F_NEWS_00525,Nepali,1,NEP_F
NEP_F_NEWS_00383,Nepali,1,NEP_F
NEP_F_NEWS_00015,Nepali,0,NEP_F
NEP_F_NEWS_00238,Nepali,1,NEP_F
NEP_F_NEWS_00132,Nepali,1,NEP_F
NEP_F_NEWS_00148,Nepali,1,NEP_F
NEP_F_NEWS_00329,Nepali,0,NEP_F
NEP_F_NEWS_00628,Nepali,1,NEP_F
NEP_F_NEWS_00316,Nepali,0,NEP_F
NEP_F_NEWS_00274,Nepali,0,NEP_F
NEP_F_NEWS_00508,Nepali,0,NEP_F
NEP_F_NEWS_00280,Nepali,0,NEP_F
NEP_F_NEWS_00176,Nepali,1,NEP_F
NEP_F_NEWS_00754,Nepali,1,NEP_F
NEP_F_NEWS_00142,Nepali,0,NEP_F
NEP_F_NEWS_00001,Nepali,0,NEP_F
NEP_F_NEWS_00615,Nepali,0,NEP_F
NEP_F_NEWS_00018,Nepali,1,NEP_F
NEP_F_NEWS_00286,Nepali,1,NEP_F
NEP_F_NEWS_00140,Nepali,0,NEP_F
NEP_F_NEWS_00556,Nepali,1,NEP_F
NEP_F_NEWS_00742,Nepali,0,NEP_F
NEP_F_NEWS_00139,Nepali,0,NEP_F
NEP_F_NEWS_00045,Nepali,1,NEP_F
NEP_F_NEWS_00552,Nepali,0,NEP_F
NEP_F_NEWS_00207,Nepali,1,NEP_F
NEP_F_NEWS_00354,Nepali,1,NEP_F
NEP_F_NEWS_00187,Nepali,1,NEP_F
NEP_F_NEWS_00725,Nepali,0,NEP_F
NEP_F_NEWS_00031,Nepali,1,NEP_F
NEP_F_NEWS_00073,Nepali,1,NEP_F
NEP_F_NEWS_00485,Nepali,0,NEP_F
NEP_F_NEWS_00602,Nepali,1,NEP_F
NEP_F_NEWS_00290,Nepali,0,NEP_F
NEP_F_NEWS_00692,Nepali,0,NEP_F
NEP_F_NEWS_00650,Nepali,1,NEP_F
NEP_F_NEWS_00611,Nepali,0,NEP_F
NEP_F_NEWS_00660,Nepali,0,NEP_F
NEP_F_NEWS_00759,Nepali,0,NEP_F
NEP_F_NEWS_00586,Nepali,1,NEP_F
NEP_F_NEWS_00376,Nepali,0,NEP_F
NEP_F_NEWS_00528,Nepali,0,NEP_F
NEP_F_NEWS_00135,Nepali,0,NEP_F
NEP_F_NEWS_00171,Nepali,1,NEP_F
NEP_F_NEWS_00473,Nepali,0,NEP_F
NEP_F_NEWS_00743,Nepali,1,NEP_F
NEP_F_NEWS_00502,Nepali,1,NEP_F
NEP_F_NEWS_00474,Nepali,0,NEP_F
NEP_F_NEWS_00753,Nepali,0,NEP_F
NEP_F_NEWS_00478,Nepali,0,NEP_F
NEP_F_NEWS_00684,Nepali,0,NEP_F
NEP_F_NEWS_00152,Nepali,0,NEP_F
NEP_F_NEWS_00767,Nepali,0,NEP_F
NEP_F_NEWS_00120,Nepali,0,NEP_F
NEP_F_NEWS_00210,Nepali,1,NEP_F
NEP_F_NEWS_00262,Nepali,0,NEP_F
NEP_F_NEWS_00538,Nepali,1,NEP_F
NEP_F_NEWS_00523,Nepali,1,NEP_F
NEP_F_NEWS_00319,Nepali,1,NEP_F
NEP_F_NEWS_00156,Nepali,0,NEP_F
NEP_F_NEWS_00701,Nepali,1,NEP_F
NEP_F_NEWS_00775,Nepali,1,NEP_F
NEP_F_NEWS_00234,Nepali,0,NEP_F
NEP_F_NEWS_00562,Nepali,1,NEP_F
NEP_F_NEWS_00747,Nepali,1,NEP_F
NEP_F_NEWS_00736,Nepali,0,NEP_F
NEP_F_NEWS_00024,Nepali,0,NEP_F
NEP_F_NEWS_00554,Nepali,0,NEP_F
NEP_F_NEWS_00671,Nepali,1,NEP_F
NEP_F_NEWS_00030,Nepali,1,NEP_F
NEP_F_NEWS_00539,Nepali,1,NEP_F
NEP_F_NEWS_00550,Nepali,0,NEP_F
NEP_F_NEWS_00105,Nepali,1,NEP_F
NEP_F_NEWS_00365,Nepali,1,NEP_F
NEP_F_NEWS_00220,Nepali,1,NEP_F
NEP_F_NEWS_00097,Nepali,1,NEP_F
NEP_F_NEWS_00745,Nepali,1,NEP_F
NEP_F_NEWS_00656,Nepali,0,NEP_F
NEP_F_NEWS_00718,Nepali,0,NEP_F
NEP_F_NEWS_00038,Nepali,0,NEP_F
NEP_F_NEWS_00579,Nepali,1,NEP_F
NEP_F_NEWS_00644,Nepali,1,NEP_F
NEP_F_NEWS_00505,Nepali,1,NEP_F
NEP_F_NEWS_00085,Nepali,0,NEP_F
NEP_F_NEWS_00346,Nepali,0,NEP_F
NEP_F_NEWS_00569,Nepali,0,NEP_F
NEP_F_NEWS_00247,Nepali,0,NEP_F
NEP_F_NEWS_00278,Nepali,0,NEP_F
NEP_F_NEWS_00397,Nepali,0,NEP_F
NEP_F_NEWS_00366,Nepali,0,NEP_F
NEP_F_NEWS_00542,Nepali,0,NEP_F
NEP_F_NEWS_00034,Nepali,1,NEP_F
NEP_F_NEWS_00703,Nepali,1,NEP_F
NEP_F_NEWS_00088,Nepali,0,NEP_F
NEP_F_NEWS_00446,Nepali,1,NEP_F
NEP_F_NEWS_00235,Nepali,0,NEP_F
NEP_F_NEWS_00511,Nepali,1,NEP_F
NEP_F_NEWS_00306,Nepali,1,NEP_F
NEP_F_NEWS_00109,Nepali,0,NEP_F
NEP_F_NEWS_00746,Nepali,1,NEP_F
NEP_F_NEWS_00382,Nepali,0,NEP_F
NEP_F_NEWS_00706,Nepali,0,NEP_F
NEP_F_NEWS_00037,Nepali,0,NEP_F
NEP_F_NEWS_00029,Nepali,1,NEP_F
NEP_F_NEWS_00123,Nepali,1,NEP_F
NEP_F_NEWS_00313,Nepali,1,NEP_F
NEP_F_NEWS_00164,Nepali,1,NEP_F
NEP_F_NEWS_00046,Nepali,0,NEP_F
NEP_F_NEWS_00159,Nepali,0,NEP_F
NEP_F_NEWS_00571,Nepali,0,NEP_F
NEP_F_NEWS_00330,Nepali,0,NEP_F
NEP_F_NEWS_00266,Nepali,0,NEP_F
NEP_F_NEWS_00560,Nepali,0,NEP_F
NEP_F_NEWS_00548,Nepali,0,NEP_F
NEP_F_NEWS_00177,Nepali,1,NEP_F
NEP_F_NEWS_00631,Nepali,1,NEP_F
NEP_F_NEWS_00246,Nepali,1,NEP_F
NEP_F_NEWS_00493,Nepali,1,NEP_F
NEP_F_NEWS_00709,Nepali,1,NEP_F
NEP_F_NEWS_00584,Nepali,0,NEP_F
NEP_F_NEWS_00723,Nepali,0,NEP_F
NEP_F_NEWS_00189,Nepali,1,NEP_F
NEP_F_NEWS_00769,Nepali,0,NEP_F
NEP_F_NEWS_00314,Nepali,1,NEP_F
NEP_F_NEWS_00008,Nepali,1,NEP_F
NEP_F_NEWS_00213,Nepali,0,NEP_F
NEP_F_NEWS_00089,Nepali,0,NEP_F
NEP_F_NEWS_00028,Nepali,1,NEP_F
NEP_F_NEWS_00768,Nepali,1,NEP_F
NEP_F_NEWS_00594,Nepali,0,NEP_F
NEP_F_NEWS_00007,Nepali,0,NEP_F
NEP_F_NEWS_00353,Nepali,0,NEP_F
NEP_F_NEWS_00114,Nepali,0,NEP_F
NEP_F_NEWS_00203,Nepali,0,NEP_F
NEP_F_NEWS_00532,Nepali,0,NEP_F
NEP_F_NEWS_00425,Nepali,0,NEP_F
NEP_F_NEWS_00044,Nepali,1,NEP_F
NEP_F_NEWS_00504,Nepali,1,NEP_F
NEP_F_NEWS_00289,Nepali,1,NEP_F
NEP_F_NEWS_00043,Nepali,1,NEP_F
NEP_F_NEWS_00011,Nepali,0,NEP_F
NEP_F_NEWS_00757,Nepali,1,NEP_F
NEP_F_NEWS_00197,Nepali,0,NEP_F
NEP_F_NEWS_00444,Nepali,1,NEP_F
NEP_F_NEWS_00778,Nepali,1,NEP_F
NEP_F_NEWS_00226,Nepali,0,NEP_F
NEP_F_NEWS_00211,Nepali,0,NEP_F
NEP_F_NEWS_00378,Nepali,0,NEP_F
NEP_F_NEWS_00292,Nepali,1,NEP_F
NEP_F_NEWS_00445,Nepali,0,NEP_F
NEP_F_NEWS_00715,Nepali,1,NEP_F
NEP_F_NEWS_00642,Nepali,1,NEP_F
NEP_F_NEWS_00750,Nepali,0,NEP_F
NEP_F_NEWS_00663,Nepali,0,NEP_F
NEP_F_NEWS_00678,Nepali,1,NEP_F
NEP_F_NEWS_00748,Nepali,1,NEP_F
NEP_F_NEWS_00267,Nepali,1,NEP_F
NEP_F_NEWS_00621,Nepali,0,NEP_F
NEP_F_NEWS_00454,Nepali,1,NEP_F
NEP_F_NEWS_00449,Nepali,1,NEP_F
NEP_F_NEWS_00633,Nepali,1,NEP_F
NEP_F_NAMES_02928,Nepali,1,NEP_F
NEP_F_NAMES_02661,Nepali,0,NEP_F
NEP_F_NAMES_02536,Nepali,1,NEP_F
NEP_F_NAMES_01918,Nepali,1,NEP_F
NEP_F_NAMES_03225,Nepali,0,NEP_F
NEP_F_NAMES_00545,Nepali,1,NEP_F
NEP_F_NAMES_02793,Nepali,0,NEP_F
NEP_F_NAMES_01331,Nepali,1,NEP_F
NEP_F_NAMES_02434,Nepali,1,NEP_F
NEP_F_NAMES_00297,Nepali,1,NEP_F
NEP_F_NAMES_03205,Nepali,0,NEP_F
NEP_F_NAMES_03215,Nepali,1,NEP_F
NEP_F_NAMES_02674,Nepali,1,NEP_F
NEP_F_NAMES_02366,Nepali,0,NEP_F
NEP_F_NAMES_02574,Nepali,1,NEP_F
NEP_F_NAMES_02711,Nepali,0,NEP_F
NEP_F_NAMES_03113,Nepali,0,NEP_F
NEP_F_NAMES_02680,Nepali,1,NEP_F
NEP_F_NAMES_00625,Nepali,1,NEP_F
NEP_F_NAMES_01560,Nepali,0,NEP_F
NEP_F_NAMES_03256,Nepali,0,NEP_F
NEP_F_NAMES_00278,Nepali,1,NEP_F
NEP_F_NAMES_02204,Nepali,1,NEP_F
NEP_F_NAMES_00574,Nepali,0,NEP_F
NEP_F_NAMES_02493,Nepali,1,NEP_F
NEP_F_NAMES_01433,Nepali,0,NEP_F
NEP_F_NAMES_00766,Nepali,0,NEP_F
NEP_F_NAMES_00698,Nepali,0,NEP_F
NEP_F_NAMES_02645,Nepali,0,NEP_F
NEP_F_NAMES_00485,Nepali,1,NEP_F
NEP_F_NAMES_01249,Nepali,0,NEP_F
NEP_F_NAMES_00763,Nepali,0,NEP_F
NEP_F_NAMES_02579,Nepali,0,NEP_F
NEP_F_NAMES_00293,Nepali,0,NEP_F
NEP_F_NAMES_00721,Nepali,1,NEP_F
NEP_F_NAMES_03299,Nepali,1,NEP_F
NEP_F_NAMES_00511,Nepali,0,NEP_F
NEP_F_NAMES_00744,Nepali,0,NEP_F
NEP_F_NAMES_00323,Nepali,1,NEP_F
NEP_F_NAMES_00477,Nepali,1,NEP_F
NEP_F_NAMES_01247,Nepali,1,NEP_F
NEP_F_NAMES_01866,Nepali,0,NEP_F
NEP_F_NAMES_00683,Nepali,1,NEP_F
NEP_F_NAMES_02445,Nepali,1,NEP_F
NEP_F_NAMES_02748,Nepali,1,NEP_F
NEP_F_NAMES_03322,Nepali,1,NEP_F
NEP_F_NAMES_03314,Nepali,1,NEP_F
NEP_F_NAMES_01402,Nepali,0,NEP_F
NEP_F_NAMES_01288,Nepali,1,NEP_F
NEP_F_NAMES_02697,Nepali,0,NEP_F
NEP_F_NAMES_00270,Nepali,1,NEP_F
NEP_F_NAMES_03323,Nepali,1,NEP_F
NEP_F_NAMES_00533,Nepali,0,NEP_F
NEP_F_NAMES_00325,Nepali,1,NEP_F
NEP_F_NAMES_01349,Nepali,0,NEP_F
NEP_F_NAMES_01264,Nepali,1,NEP_F
NEP_F_NAMES_00375,Nepali,0,NEP_F
NEP_F_NAMES_00276,Nepali,1,NEP_F
NEP_F_NAMES_02421,Nepali,0,NEP_F
NEP_F_NAMES_02199,Nepali,1,NEP_F
NEP_F_NAMES_00786,Nepali,0,NEP_F
NEP_F_NAMES_01347,Nepali,1,NEP_F
NEP_F_NAMES_00640,Nepali,1,NEP_F
NEP_F_NAMES_01105,Nepali,0,NEP_F
NEP_F_NAMES_00626,Nepali,1,NEP_F
NEP_F_NAMES_00245,Nepali,0,NEP_F
NEP_F_NAMES_00269,Nepali,1,NEP_F
NEP_F_NAMES_01115,Nepali,1,NEP_F
NEP_F_NAMES_01532,Nepali,0,NEP_F
NEP_F_NAMES_01891,Nepali,0,NEP_F
NEP_F_NAMES_00353,Nepali,1,NEP_F
NEP_F_NAMES_00652,Nepali,1,NEP_F
NEP_F_NAMES_01507,Nepali,0,NEP_F
NEP_F_NAMES_01536,Nepali,1,NEP_F
NEP_F_NAMES_01260,Nepali,1,NEP_F
NEP_F_NAMES_01481,Nepali,0,NEP_F
NEP_F_NAMES_01563,Nepali,0,NEP_F
NEP_F_NAMES_00711,Nepali,0,NEP_F
NEP_F_NAMES_01307,Nepali,0,NEP_F
NEP_F_NAMES_00958,Nepali,1,NEP_F
NEP_F_NAMES_01477,Nepali,1,NEP_F
NEP_F_NAMES_02767,Nepali,1,NEP_F
NEP_F_NAMES_02508,Nepali,0,NEP_F
NEP_F_NAMES_01483,Nepali,0,NEP_F
NEP_F_NAMES_02616,Nepali,0,NEP_F
NEP_F_NAMES_00743,Nepali,1,NEP_F
NEP_F_NAMES_01550,Nepali,1,NEP_F
NEP_F_NAMES_00777,Nepali,0,NEP_F
NEP_F_NAMES_00554,Nepali,0,NEP_F
NEP_F_NAMES_00588,Nepali,0,NEP_F
NEP_F_NAMES_00258,Nepali,1,NEP_F
NEP_F_NAMES_00675,Nepali,0,NEP_F
NEP_F_NAMES_01528,Nepali,1,NEP_F
NEP_F_NAMES_02791,Nepali,0,NEP_F
NEP_F_NAMES_00328,Nepali,0,NEP_F
NEP_F_NAMES_02702,Nepali,1,NEP_F
NEP_F_NAMES_00512,Nepali,0,NEP_F
NEP_F_NAMES_00583,Nepali,0,NEP_F
NEP_F_NAMES_00634,Nepali,1,NEP_F
NEP_F_NAMES_02468,Nepali,1,NEP_F
NEP_F_NAMES_00548,Nepali,0,NEP_F
NEP_F_NAMES_02487,Nepali,1,NEP_F
NEP_F_NAMES_02667,Nepali,0,NEP_F
NEP_F_NAMES_02224,Nepali,0,NEP_F
NEP_F_NAMES_01353,Nepali,0,NEP_F
NEP_F_NAMES_02527,Nepali,0,NEP_F
NEP_F_NAMES_01479,Nepali,0,NEP_F
NEP_F_NAMES_02776,Nepali,1,NEP_F
NEP_F_NAMES_03227,Nepali,1,NEP_F
NEP_F_NAMES_00495,Nepali,0,NEP_F
NEP_F_NAMES_01466,Nepali,1,NEP_F
NEP_F_NAMES_00769,Nepali,0,NEP_F
NEP_F_NAMES_03330,Nepali,1,NEP_F
NEP_F_NAMES_00957,Nepali,0,NEP_F
NEP_F_NAMES_00604,Nepali,0,NEP_F
NEP_F_NAMES_03312,Nepali,0,NEP_F
NEP_F_NAMES_02528,Nepali,0,NEP_F
NEP_F_NAMES_00566,Nepali,1,NEP_F
NEP_F_NAMES_02559,Nepali,1,NEP_F
NEP_F_NAMES_01304,Nepali,0,NEP_F
NEP_F_NAMES_01368,Nepali,1,NEP_F
NEP_F_NAMES_00286,Nepali,0,NEP_F
NEP_F_NAMES_00549,Nepali,1,NEP_F
NEP_F_NAMES_02652,Nepali,1,NEP_F
NEP_F_NAMES_03309,Nepali,1,NEP_F
NEP_F_NAMES_02211,Nepali,0,NEP_F
NEP_F_NAMES_00725,Nepali,1,NEP_F
NEP_F_NAMES_01363,Nepali,0,NEP_F
NEP_F_NAMES_00595,Nepali,0,NEP_F
NEP_F_NAMES_02596,Nepali,1,NEP_F
NEP_F_NAMES_02587,Nepali,1,NEP_F
NEP_F_NAMES_00709,Nepali,0,NEP_F
NEP_F_NAMES_00335,Nepali,0,NEP_F
NEP_F_NAMES_00384,Nepali,1,NEP_F
NEP_F_NAMES_00523,Nepali,0,NEP_F
NEP_F_NAMES_00599,Nepali,0,NEP_F
NEP_F_NAMES_03246,Nepali,1,NEP_F
NEP_F_NAMES_03325,Nepali,0,NEP_F
NEP_F_NAMES_02807,Nepali,0,NEP_F
NEP_F_NAMES_02457,Nepali,1,NEP_F
NEP_F_NAMES_02576,Nepali,1,NEP_F
NEP_F_NAMES_00391,Nepali,0,NEP_F
NEP_F_NAMES_02227,Nepali,1,NEP_F
NEP_F_NAMES_00522,Nepali,1,NEP_F
NEP_F_NAMES_00690,Nepali,0,NEP_F
NEP_F_NAMES_00708,Nepali,0,NEP_F
NEP_F_NAMES_03100,Nepali,1,NEP_F
NEP_F_NAMES_03263,Nepali,1,NEP_F
NEP_F_NAMES_02213,Nepali,0,NEP_F
NEP_F_NAMES_02633,Nepali,0,NEP_F
NEP_F_NAMES_01890,Nepali,0,NEP_F
NEP_F_NAMES_02232,Nepali,1,NEP_F
NEP_F_NAMES_00254,Nepali,0,NEP_F
NEP_F_NAMES_02212,Nepali,0,NEP_F
NEP_F_NAMES_00694,Nepali,0,NEP_F
NEP_F_NAMES_00257,Nepali,0,NEP_F
NEP_F_NAMES_01302,Nepali,0,NEP_F
NEP_F_NAMES_03296,Nepali,1,NEP_F
NEP_F_NAMES_02485,Nepali,1,NEP_F
NEP_F_NAMES_01375,Nepali,1,NEP_F
NEP_F_NAMES_00310,Nepali,0,NEP_F
NEP_F_NAMES_03252,Nepali,1,NEP_F
NEP_F_NAMES_03283,Nepali,1,NEP_F
NEP_F_NAMES_02604,Nepali,1,NEP_F
NEP_F_NAMES_00822,Nepali,1,NEP_F
NEP_F_NAMES_02676,Nepali,1,NEP_F
NEP_F_SAD_00181,Nepali,0,NEP_F
NEP_F_SAD_00196,Nepali,1,NEP_F
NEP_F_SAD_00354,Nepali,0,NEP_F
NEP_F_SAD_00118,Nepali,0,NEP_F
NEP_F_SAD_00088,Nepali,1,NEP_F
NEP_F_SAD_00431,Nepali,0,NEP_F
NEP_F_SAD_00091,Nepali,0,NEP_F
NEP_F_SAD_00274,Nepali,1,NEP_F
NEP_F_SAD_00047,Nepali,0,NEP_F
NEP_F_SAD_00063,Nepali,1,NEP_F
NEP_F_SAD_00439,Nepali,1,NEP_F
NEP_F_SAD_00291,Nepali,1,NEP_F
NEP_F_SAD_00288,Nepali,1,NEP_F
NEP_F_SAD_00038,Nepali,1,NEP_F
NEP_F_SAD_00290,Nepali,1,NEP_F
NEP_F_SAD_00361,Nepali,1,NEP_F
NEP_F_SAD_00136,Nepali,1,NEP_F
NEP_F_SAD_00279,Nepali,1,NEP_F
NEP_F_SAD_00402,Nepali,0,NEP_F
NEP_F_SAD_00092,Nepali,1,NEP_F
NEP_F_SAD_00106,Nepali,0,NEP_F
NEP_F_SAD_00369,Nepali,1,NEP_F
NEP_F_SAD_00347,Nepali,0,NEP_F
NEP_F_SAD_00406,Nepali,1,NEP_F
NEP_F_SAD_00389,Nepali,0,NEP_F
NEP_F_SAD_00114,Nepali,1,NEP_F
NEP_F_SAD_00014,Nepali,1,NEP_F
NEP_F_SAD_00129,Nepali,0,NEP_F
NEP_F_SAD_00386,Nepali,1,NEP_F
NEP_F_SAD_00096,Nepali,0,NEP_F
NEP_F_SAD_00223,Nepali,0,NEP_F
NEP_F_SAD_00098,Nepali,0,NEP_F
NEP_F_SAD_00064,Nepali,1,NEP_F
NEP_F_SAD_00261,Nepali,0,NEP_F
NEP_F_SAD_00306,Nepali,0,NEP_F
NEP_F_SAD_00432,Nepali,0,NEP_F
NEP_F_SAD_00093,Nepali,1,NEP_F
NEP_F_SAD_00313,Nepali,0,NEP_F
NEP_F_SAD_00040,Nepali,1,NEP_F
NEP_F_SAD_00379,Nepali,0,NEP_F
NEP_F_SAD_00363,Nepali,1,NEP_F
NEP_F_SAD_00362,Nepali,0,NEP_F
NEP_F_SAD_00285,Nepali,0,NEP_F
NEP_F_SAD_00457,Nepali,0,NEP_F
NEP_F_SAD_00020,Nepali,1,NEP_F
NEP_F_SAD_00155,Nepali,0,NEP_F
NEP_F_SAD_00139,Nepali,0,NEP_F
NEP_F_SAD_00002,Nepali,0,NEP_F
NEP_F_SAD_00023,Nepali,1,NEP_F
NEP_F_SAD_00238,Nepali,0,NEP_F
NEP_F_SAD_00346,Nepali,1,NEP_F
NEP_F_SAD_00199,Nepali,0,NEP_F
NEP_F_SAD_00345,Nepali,0,NEP_F
NEP_F_SAD_00174,Nepali,1,NEP_F
NEP_F_SAD_00100,Nepali,1,NEP_F
NEP_F_SAD_00443,Nepali,0,NEP_F
NEP_F_SAD_00169,Nepali,0,NEP_F
NEP_F_SAD_00032,Nepali,0,NEP_F
NEP_F_SAD_00471,Nepali,0,NEP_F
NEP_F_SAD_00211,Nepali,1,NEP_F
NEP_F_SAD_00142,Nepali,1,NEP_F
NEP_F_SAD_00477,Nepali,0,NEP_F
NEP_F_SAD_00300,Nepali,1,NEP_F
NEP_F_SAD_00099,Nepali,0,NEP_F
NEP_F_SAD_00050,Nepali,0,NEP_F
NEP_F_SAD_00315,Nepali,1,NEP_F
NEP_F_SAD_00103,Nepali,0,NEP_F
NEP_F_SAD_00470,Nepali,0,NEP_F
NEP_F_SAD_00446,Nepali,1,NEP_F
NEP_F_SAD_00170,Nepali,0,NEP_F
NEP_F_SAD_00425,Nepali,1,NEP_F
NEP_F_SAD_00027,Nepali,0,NEP_F
NEP_F_SAD_00054,Nepali,1,NEP_F
NEP_F_SAD_00349,Nepali,0,NEP_F
NEP_F_SAD_00459,Nepali,1,NEP_F
NEP_F_SAD_00293,Nepali,1,NEP_F
NEP_F_SAD_00314,Nepali,0,NEP_F
NEP_F_SAD_00065,Nepali,0,NEP_F
NEP_F_SAD_00153,Nepali,1,NEP_F
NEP_F_SAD_00030,Nepali,1,NEP_F
NEP_F_SAD_00022,Nepali,1,NEP_F
NEP_F_SAD_00081,Nepali,1,NEP_F
NEP_F_SAD_00202,Nepali,0,NEP_F
NEP_F_SAD_00037,Nepali,1,NEP_F
NEP_F_SAD_00360,Nepali,1,NEP_F
NEP_F_SAD_00079,Nepali,0,NEP_F
NEP_F_SAD_00257,Nepali,1,NEP_F
NEP_F_SAD_00116,Nepali,1,NEP_F
NEP_F_SAD_00357,Nepali,0,NEP_F
NEP_F_SAD_00184,Nepali,0,NEP_F
NEP_F_SAD_00010,Nepali,1,NEP_F
NEP_F_SAD_00053,Nepali,0,NEP_F
NEP_F_SAD_00144,Nepali,1,NEP_F
NEP_F_SAD_00451,Nepali,0,NEP_F
NEP_F_SAD_00333,Nepali,1,NEP_F
NEP_F_SAD_00021,Nepali,0,NEP_F
NEP_F_SAD_00151,Nepali,1,NEP_F
NEP_F_SAD_00438,Nepali,0,NEP_F
NEP_F_SAD_00374,Nepali,1,NEP_F
NEP_F_SAD_00008,Nepali,0,NEP_F
NEP_F_SAD_00024,Nepali,0,NEP_F
NEP_F_SAD_00258,Nepali,1,NEP_F
NEP_F_SAD_00070,Nepali,1,NEP_F
NEP_F_SAD_00239,Nepali,0,NEP_F
NEP_F_SAD_00448,Nepali,0,NEP_F
NEP_F_SAD_00075,Nepali,0,NEP_F
NEP_F_SAD_00454,Nepali,1,NEP_F
NEP_F_SAD_00137,Nepali,1,NEP_F
NEP_F_SAD_00253,Nepali,0,NEP_F
NEP_F_SAD_00161,Nepali,1,NEP_F
NEP_F_SAD_00235,Nepali,1,NEP_F
NEP_F_SAD_00318,Nepali,1,NEP_F
NEP_F_SAD_00034,Nepali,0,NEP_F
NEP_F_SAD_00013,Nepali,1,NEP_F
NEP_F_SAD_00398,Nepali,0,NEP_F
NEP_F_SAD_00310,Nepali,0,NEP_F
NEP_F_SAD_00134,Nepali,0,NEP_F
NEP_F_SAD_00125,Nepali,1,NEP_F
NEP_F_SAD_00241,Nepali,1,NEP_F
NEP_F_SAD_00036,Nepali,0,NEP_F
NEP_F_SAD_00166,Nepali,1,NEP_F
NEP_F_SAD_00090,Nepali,1,NEP_F
NEP_F_SAD_00146,Nepali,1,NEP_F
NEP_F_SAD_00422,Nepali,1,NEP_F
NEP_F_SAD_00141,Nepali,1,NEP_F
NEP_F_SAD_00305,Nepali,1,NEP_F
NEP_F_SAD_00095,Nepali,1,NEP_F
NEP_F_SAD_00160,Nepali,0,NEP_F
NEP_F_SAD_00334,Nepali,0,NEP_F
NEP_F_SAD_00340,Nepali,0,NEP_F
NEP_F_SAD_00237,Nepali,0,NEP_F
NEP_F_SAD_00473,Nepali,1,NEP_F
NEP_F_SAD_00464,Nepali,1,NEP_F
NEP_F_SAD_00383,Nepali,1,NEP_F
NEP_F_SAD_00323,Nepali,0,NEP_F
NEP_F_SAD_00177,Nepali,0,NEP_F
NEP_F_SAD_00208,Nepali,1,NEP_F
NEP_F_SAD_00135,Nepali,1,NEP_F
NEP_F_SAD_00210,Nepali,0,NEP_F
NEP_F_SAD_00463,Nepali,0,NEP_F
NEP_F_SAD_00182,Nepali,0,NEP_F
NEP_F_SAD_00393,Nepali,0,NEP_F
NEP_F_SAD_00104,Nepali,1,NEP_F
NEP_F_SAD_00207,Nepali,1,NEP_F
NEP_F_SAD_00212,Nepali,0,NEP_F
NEP_F_SAD_00094,Nepali,1,NEP_F
NEP_F_SAD_00236,Nepali,1,NEP_F
NEP_F_SAD_00147,Nepali,1,NEP_F
NEP_F_SAD_00085,Nepali,1,NEP_F
NEP_F_SAD_00219,Nepali,0,NEP_F
NEP_F_SAD_00282,Nepali,1,NEP_F
NEP_F_SAD_00186,Nepali,0,NEP_F
NEP_F_SAD_00220,Nepali,0,NEP_F
NEP_F_SAD_00462,Nepali,0,NEP_F
NEP_F_SAD_00401,Nepali,0,NEP_F
NEP_F_SAD_00043,Nepali,1,NEP_F
NEP_F_SAD_00168,Nepali,1,NEP_F
NEP_F_SAD_00297,Nepali,0,NEP_F
NEP_F_SAD_00256,Nepali,0,NEP_F
NEP_F_SAD_00187,Nepali,0,NEP_F
NEP_F_SAD_00270,Nepali,0,NEP_F
NEP_F_SAD_00069,Nepali,0,NEP_F
NEP_F_SAD_00140,Nepali,1,NEP_F
NEP_F_SAD_00246,Nepali,0,NEP_F
NEP_F_SAD_00233,Nepali,1,NEP_F
NEP_F_SAD_00012,Nepali,1,NEP_F
NEP_F_SURPRISE_00162,Nepali,0,NEP_F
NEP_F_SURPRISE_00042,Nepali,0,NEP_F
NEP_F_SURPRISE_00255,Nepali,0,NEP_F
NEP_F_SURPRISE_00124,Nepali,1,NEP_F
NEP_F_SURPRISE_00196,Nepali,1,NEP_F
NEP_F_SURPRISE_00295,Nepali,0,NEP_F
NEP_F_SURPRISE_00524,Nepali,1,NEP_F
NEP_F_SURPRISE_00378,Nepali,0,NEP_F
NEP_F_SURPRISE_00289,Nepali,1,NEP_F
NEP_F_SURPRISE_00099,Nepali,1,NEP_F
NEP_F_SURPRISE_00460,Nepali,1,NEP_F
NEP_F_SURPRISE_00428,Nepali,1,NEP_F
NEP_F_SURPRISE_00104,Nepali,0,NEP_F
NEP_F_SURPRISE_00417,Nepali,1,NEP_F
NEP_F_SURPRISE_00326,Nepali,1,NEP_F
NEP_F_SURPRISE_00537,Nepali,1,NEP_F
NEP_F_SURPRISE_00270,Nepali,1,NEP_F
NEP_F_SURPRISE_00328,Nepali,0,NEP_F
NEP_F_SURPRISE_00315,Nepali,1,NEP_F
NEP_F_SURPRISE_00001,Nepali,1,NEP_F
NEP_F_SURPRISE_00088,Nepali,0,NEP_F
NEP_F_SURPRISE_00344,Nepali,1,NEP_F
NEP_F_SURPRISE_00063,Nepali,0,NEP_F
NEP_F_SURPRISE_00052,Nepali,1,NEP_F
NEP_F_SURPRISE_00268,Nepali,0,NEP_F
NEP_F_SURPRISE_00389,Nepali,0,NEP_F
NEP_F_SURPRISE_00094,Nepali,1,NEP_F
NEP_F_SURPRISE_00110,Nepali,1,NEP_F
NEP_F_SURPRISE_00167,Nepali,1,NEP_F
NEP_F_SURPRISE_00015,Nepali,0,NEP_F
NEP_F_SURPRISE_00072,Nepali,1,NEP_F
NEP_F_SURPRISE_00301,Nepali,0,NEP_F
NEP_F_SURPRISE_00473,Nepali,0,NEP_F
NEP_F_SURPRISE_00377,Nepali,1,NEP_F
NEP_F_SURPRISE_00478,Nepali,0,NEP_F
NEP_F_SURPRISE_00405,Nepali,1,NEP_F
NEP_F_SURPRISE_00527,Nepali,1,NEP_F
NEP_F_SURPRISE_00330,Nepali,0,NEP_F
NEP_F_SURPRISE_00103,Nepali,0,NEP_F
NEP_F_SURPRISE_00406,Nepali,0,NEP_F
NEP_F_SURPRISE_00016,Nepali,0,NEP_F
NEP_F_SURPRISE_00495,Nepali,0,NEP_F
NEP_F_SURPRISE_00212,Nepali,0,NEP_F
NEP_F_SURPRISE_00108,Nepali,0,NEP_F
NEP_F_SURPRISE_00355,Nepali,0,NEP_F
NEP_F_SURPRISE_00097,Nepali,0,NEP_F
NEP_F_SURPRISE_00102,Nepali,1,NEP_F
NEP_F_SURPRISE_00314,Nepali,0,NEP_F
NEP_F_SURPRISE_00546,Nepali,0,NEP_F
NEP_F_SURPRISE_00095,Nepali,0,NEP_F
NEP_F_SURPRISE_00179,Nepali,1,NEP_F
NEP_F_SURPRISE_00126,Nepali,1,NEP_F
NEP_F_SURPRISE_00039,Nepali,0,NEP_F
NEP_F_SURPRISE_00037,Nepali,1,NEP_F
NEP_F_SURPRISE_00047,Nepali,1,NEP_F
NEP_F_SURPRISE_00269,Nepali,0,NEP_F
NEP_F_SURPRISE_00402,Nepali,1,NEP_F
NEP_F_SURPRISE_00519,Nepali,0,NEP_F
NEP_F_SURPRISE_00177,Nepali,0,NEP_F
NEP_F_SURPRISE_00021,Nepali,0,NEP_F
NEP_F_SURPRISE_00521,Nepali,1,NEP_F
NEP_F_SURPRISE_00025,Nepali,0,NEP_F
NEP_F_SURPRISE_00222,Nepali,0,NEP_F
NEP_F_SURPRISE_00357,Nepali,0,NEP_F
NEP_F_SURPRISE_00445,Nepali,1,NEP_F
NEP_F_SURPRISE_00028,Nepali,0,NEP_F
NEP_F_SURPRISE_00463,Nepali,0,NEP_F
NEP_F_SURPRISE_00388,Nepali,1,NEP_F
NEP_F_SURPRISE_00071,Nepali,1,NEP_F
NEP_F_SURPRISE_00247,Nepali,0,NEP_F
NEP_F_SURPRISE_00489,Nepali,0,NEP_F
NEP_F_SURPRISE_00470,Nepali,0,NEP_F
NEP_F_SURPRISE_00122,Nepali,0,NEP_F
NEP_F_SURPRISE_00152,Nepali,1,NEP_F
NEP_F_SURPRISE_00498,Nepali,0,NEP_F
NEP_F_SURPRISE_00036,Nepali,0,NEP_F
NEP_F_SURPRISE_00249,Nepali,1,NEP_F
NEP_F_SURPRISE_00261,Nepali,1,NEP_F
NEP_F_SURPRISE_00019,Nepali,1,NEP_F
NEP_F_SURPRISE_00056,Nepali,1,NEP_F
NEP_F_SURPRISE_00233,Nepali,0,NEP_F
NEP_F_SURPRISE_00250,Nepali,1,NEP_F
NEP_F_SURPRISE_00441,Nepali,0,NEP_F
NEP_F_SURPRISE_00449,Nepali,0,NEP_F
NEP_F_SURPRISE_00349,Nepali,1,NEP_F
NEP_F_SURPRISE_00380,Nepali,1,NEP_F
NEP_F_SURPRISE_00033,Nepali,0,NEP_F
NEP_F_SURPRISE_00382,Nepali,1,NEP_F
NEP_F_SURPRISE_00060,Nepali,1,NEP_F
NEP_F_SURPRISE_00138,Nepali,0,NEP_F
NEP_F_SURPRISE_00535,Nepali,1,NEP_F
NEP_F_SURPRISE_00198,Nepali,1,NEP_F
NEP_F_SURPRISE_00494,Nepali,0,NEP_F
NEP_F_SURPRISE_00073,Nepali,0,NEP_F
NEP_F_SURPRISE_00195,Nepali,1,NEP_F
NEP_F_SURPRISE_00372,Nepali,0,NEP_F
NEP_F_SURPRISE_00035,Nepali,0,NEP_F
NEP_F_SURPRISE_00026,Nepali,0,NEP_F
NEP_F_SURPRISE_00082,Nepali,1,NEP_F
NEP_F_SURPRISE_00245,Nepali,0,NEP_F
NEP_F_SURPRISE_00335,Nepali,1,NEP_F
NEP_F_SURPRISE_00044,Nepali,0,NEP_F
NEP_F_SURPRISE_00113,Nepali,0,NEP_F
NEP_F_SURPRISE_00522,Nepali,0,NEP_F
NEP_F_SURPRISE_00170,Nepali,1,NEP_F
NEP_F_SURPRISE_00517,Nepali,0,NEP_F
NEP_F_SURPRISE_00391,Nepali,0,NEP_F
NEP_F_SURPRISE_00127,Nepali,1,NEP_F
NEP_F_SURPRISE_00327,Nepali,0,NEP_F
NEP_F_SURPRISE_00155,Nepali,0,NEP_F
NEP_F_SURPRISE_00156,Nepali,1,NEP_F
NEP_F_SURPRISE_00309,Nepali,1,NEP_F
NEP_F_SURPRISE_00316,Nepali,1,NEP_F
NEP_F_SURPRISE_00142,Nepali,0,NEP_F
NEP_F_SURPRISE_00433,Nepali,1,NEP_F
NEP_F_SURPRISE_00009,Nepali,1,NEP_F
NEP_F_SURPRISE_00057,Nepali,1,NEP_F
NEP_F_SURPRISE_00221,Nepali,0,NEP_F
NEP_F_SURPRISE_00171,Nepali,0,NEP_F
NEP_F_SURPRISE_00511,Nepali,0,NEP_F
NEP_F_SURPRISE_00371,Nepali,1,NEP_F
NEP_F_SURPRISE_00024,Nepali,1,NEP_F
NEP_F_SURPRISE_00547,Nepali,1,NEP_F
NEP_F_SURPRISE_00079,Nepali,0,NEP_F
NEP_F_SURPRISE_00528,Nepali,0,NEP_F
NEP_F_SURPRISE_00006,Nepali,1,NEP_F
NEP_F_SURPRISE_00027,Nepali,1,NEP_F
NEP_F_SURPRISE_00368,Nepali,1,NEP_F
NEP_F_SURPRISE_00076,Nepali,1,NEP_F
NEP_F_SURPRISE_00148,Nepali,1,NEP_F
NEP_F_SURPRISE_00375,Nepali,0,NEP_F
NEP_F_SURPRISE_00425,Nepali,0,NEP_F
NEP_F_SURPRISE_00043,Nepali,1,NEP_F
NEP_F_SURPRISE_00325,Nepali,0,NEP_F
NEP_F_SURPRISE_00188,Nepali,1,NEP_F
NEP_F_SURPRISE_00038,Nepali,1,NEP_F
NEP_F_SURPRISE_00011,Nepali,1,NEP_F
NEP_F_SURPRISE_00539,Nepali,1,NEP_F
NEP_F_SURPRISE_00146,Nepali,1,NEP_F
NEP_F_SURPRISE_00014,Nepali,1,NEP_F
NEP_F_SURPRISE_00017,Nepali,0,NEP_F
NEP_F_SURPRISE_00157,Nepali,1,NEP_F
NEP_F_SURPRISE_00154,Nepali,0,NEP_F
NEP_F_SURPRISE_00194,Nepali,1,NEP_F
NEP_F_SURPRISE_00189,Nepali,1,NEP_F
en_m_EN_E_5465,English,1,en_m
en_m_EN_E_2335,English,1,en_m
en_m_EN_A_5120,English,0,en_m
en_m_EN_A_6872,English,0,en_m
en_m_EN_E_3209,English,1,en_m
en_m_EN_O_361,English,1,en_m
en_m_EN_O_3291,English,0,en_m
en_m_E_P_6175,English,0,en_m
en_m_lj_LJ028-0383,English,0,en_m
en_m_EN_H_2863,English,0,en_m
en_m_EN_E_4941,English,1,en_m
en_m_libri_1183-128659-0010,English,0,en_m
en_m_lj_LJ042-0081,English,1,en_m
en_m_lj_LJ024-0139,English,0,en_m
en_m_EN_W_3544,English,0,en_m
en_m_EN_E_3567,English,0,en_m
en_m_EN_E_2584,English,1,en_m
en_m_EN_P_3845,English,1,en_m
en_m_EN_E_2062,English,0,en_m
en_m_EN_E_3937,English,0,en_m
en_m_E_P_1523,English,1,en_m
en_m_EN_E_3108,English,1,en_m
en_m_EN_E_3171,English,1,en_m
en_m_EN_E_1007,English,0,en_m
en_m_E_P_6281,English,1,en_m
en_m_lj_LJ013-0155,English,1,en_m
en_m_lj_LJ016-0150,English,1,en_m
en_m_lj_LJ040-0125,English,0,en_m
en_m_E_P_3003,English,0,en_m
en_m_EN_H_469,English,1,en_m
en_m_libri_5652-19215-0059,English,1,en_m
en_m_EN_A_1709,English,1,en_m
en_m_libri_839-130898-0007,English,0,en_m
en_m_EN_E_3876,English,0,en_m
en_m_libri_3436-172162-0051,English,1,en_m
en_m_lj_LJ046-0184,English,0,en_m
en_m_E_P_7580,English,0,en_m
en_m_libri_3723-171631-0025,English,0,en_m
en_m_lj_LJ023-0052,English,1,en_m
en_m_EN_H_2651,English,0,en_m
en_m_libri_481-123720-0083,English,0,en_m
en_m_EN_E_5295,English,1,en_m
en_m_EN_A_1596,English,0,en_m
en_m_EN_E_6930,English,1,en_m
en_m_EN_A_5183,English,1,en_m
en_m_EN_A_459,English,0,en_m
en_m_EN_E_6204,English,0,en_m
en_m_libri_5104-33406-0029,English,0,en_m
en_m_EN_H_1420,English,1,en_m
en_m_EN_A_7463,English,0,en_m
en_m_EN_E_1851,English,1,en_m
en_m_libri_78-368-0038,English,0,en_m
en_m_libri_5750-100289-0021,English,0,en_m
en_m_lj_LJ044-0079,English,0,en_m
en_m_EN_E_4213,English,0,en_m
en_m_EN_P_7096,English,0,en_m
en_m_EN_E_4824,English,1,en_m
en_m_lj_LJ037-0123,English,0,en_m
en_m_libri_7190-90542-0005,English,1,en_m
en_m_EN_W_1424,English,0,en_m
en_m_EN_W_6814,English,1,en_m
en_m_EN_F_6984,English,1,en_m
en_m_E_P_2536,English,1,en_m
en_m_E_P_2507,English,0,en_m
en_m_EN_E_353,English,0,en_m
en_m_libri_5652-39938-0062,English,1,en_m
en_m_lj_LJ023-0133,English,0,en_m
en_m_EN_H_338,English,1,en_m
en_m_EN_A_3901,English,1,en_m
en_m_EN_W_5679,English,1,en_m
en_m_EN_O_2422,English,1,en_m
en_m_EN_O_1079,English,0,en_m
en_m_E_P_7808,English,1,en_m
en_m_EN_A_6506,English,0,en_m
en_m_lj_LJ018-0070,English,0,en_m
en_m_EN_W_5898,English,0,en_m
en_m_EN_E_7113,English,0,en_m
en_m_EN_P_6219,English,1,en_m
en_m_EN_P_2771,English,1,en_m
en_m_lj_LJ002-0227,English,0,en_m
en_m_libri_1363-139304-0004,English,1,en_m
en_m_EN_W_6354,English,1,en_m
en_m_lj_LJ008-0196,English,0,en_m
en_m_lj_LJ039-0059,English,0,en_m
en_m_EN_A_1736,English,1,en_m
en_m_EN_A_5839,English,0,en_m
en_m_EN_H_689,English,1,en_m
en_m_lj_LJ015-0304,English,0,en_m
en_m_lj_LJ002-0074,English,0,en_m
en_m_lj_LJ019-0339,English,0,en_m
en_m_lj_LJ036-0169,English,0,en_m
en_m_EN_H_1512,English,0,en_m
en_m_E_P_1359,English,1,en_m
en_m_libri_2289-152258-0012,English,0,en_m
en_m_EN_E_2215,English,1,en_m
en_m_EN_W_6389,English,1,en_m
en_m_EN_W_4678,English,1,en_m
en_m_EN_F_1811,English,0,en_m
en_m_EN_A_4861,English,0,en_m
en_m_E_P_2401,English,1,en_m
en_m_EN_H_324,English,1,en_m
en_m_EN_E_1450,English,1,en_m
en_m_EN_F_3751,English,0,en_m
en_m_EN_W_5682,English,0,en_m
en_m_EN_E_6831,English,1,en_m
en_m_lj_LJ035-0071,English,1,en_m
en_m_EN_O_2023,English,1,en_m
en_m_EN_E_4811,English,1,en_m
en_m_lj_LJ028-0149,English,0,en_m
en_m_lj_LJ040-0186,English,0,en_m
en_m_EN_W_3965,English,1,en_m
en_m_EN_O_3491,English,0,en_m
en_m_EN_F_5739,English,0,en_m
en_m_EN_A_5847,English,0,en_m
en_m_EN_O_3010,English,1,en_m
en_m_EN_W_531,English,0,en_m
en_m_EN_W_5014,English,1,en_m
en_m_EN_P_3198,English,1,en_m
en_m_EN_O_1609,English,1,en_m
en_m_EN_P_26,English,0,en_m
en_m_EN_H_1425,English,0,en_m
en_m_EN_E_2976,English,1,en_m
en_m_libri_4088-158077-0010,English,0,en_m
en_m_libri_6181-216552-0110,English,0,en_m
en_m_EN_E_4152,English,0,en_m
en_m_EN_O_3323,English,1,en_m
en_m_E_P_262,English,0,en_m
en_m_EN_P_2157,English,0,en_m
en_m_lj_LJ004-0103,English,0,en_m
en_m_E_P_2558,English,0,en_m
en_m_E_P_2775,English,0,en_m
en_m_lj_LJ035-0119,English,0,en_m
en_m_EN_O_2406,English,0,en_m
en_m_lj_LJ043-0166,English,1,en_m
en_m_EN_E_2774,English,0,en_m
en_m_EN_P_43,English,1,en_m
en_m_lj_LJ020-0069,English,0,en_m
en_m_lj_LJ010-0187,English,1,en_m
en_m_libri_6476-57446-0032,English,1,en_m
en_m_EN_H_3075,English,1,en_m
en_m_EN_H_2650,English,1,en_m
en_m_EN_A_3196,English,1,en_m
en_m_lj_LJ011-0049,English,1,en_m
en_m_EN_E_287,English,0,en_m
en_m_EN_E_365,English,1,en_m
en_m_E_P_1499,English,1,en_m
en_m_libri_831-130739-0050,English,1,en_m
en_m_EN_O_2250,English,0,en_m
en_m_lj_LJ041-0115,English,1,en_m
en_m_EN_A_5610,English,1,en_m
en_m_EN_E_5915,English,1,en_m
en_m_libri_2092-145706-0024,English,1,en_m
en_m_EN_E_5721,English,0,en_m
en_m_lj_LJ050-0027,English,1,en_m
en_m_EN_A_7008,English,0,en_m
en_m_lj_LJ001-0020,English,0,en_m
en_m_EN_E_487,English,1,en_m
en_m_EN_O_55,English,0,en_m
en_m_EN_E_712,English,0,en_m
en_m_E_P_4801,English,1,en_m
en_m_EN_E_4652,English,0,en_m
en_m_EN_W_2449,English,0,en_m
en_m_EN_A_4931,English,0,en_m
en_m_EN_F_7078,English,0,en_m
en_m_EN_P_4587,English,1,en_m
en_m_lj_LJ018-0133,English,1,en_m
en_m_EN_A_5668,English,1,en_m
en_m_lj_LJ018-0339,English,0,en_m
en_m_EN_H_1242,English,1,en_m
en_m_EN_E_947,English,1,en_m
en_m_EN_O_51,English,0,en_m
en_m_EN_W_92,English,1,en_m
en_m_EN_E_5131,English,1,en_m
en_m_EN_W_2339,English,1,en_m
en_m_lj_LJ016-0265,English,0,en_m
en_m_EN_E_376,English,1,en_m
en_m_EN_O_2632,English,1,en_m
en_m_lj_LJ017-0253,English,1,en_m
en_m_libri_4481-17498-0033,English,0,en_m
en_m_EN_E_1869,English,1,en_m
en_m_libri_8014-280382-0008,English,1,en_m
en_m_EN_A_6296,English,1,en_m
en_m_EN_A_2509,English,1,en_m
en_m_EN_W_370,English,1,en_m
en_m_EN_W_1689,English,1,en_m
en_m_libri_8797-294123-0085,English,1,en_m
en_m_lj_LJ031-0051,English,1,en_m
en_m_EN_A_4714,English,0,en_m
en_m_lj_LJ035-0154,English,1,en_m
en_m_EN_E_3415,English,1,en_m
en_m_EN_A_2370,English,0,en_m
en_m_EN_A_1623,English,0,en_m
en_m_EN_E_5488,English,0,en_m
en_m_EN_E_4352,English,0,en_m
en_m_EN_H_1489,English,0,en_m
en_m_EN_W_3422,English,0,en_m
en_m_EN_E_2323,English,0,en_m
en_m_EN_P_4795,English,0,en_m
en_m_lj_LJ045-0040,English,1,en_m
en_m_lj_LJ041-0174,English,1,en_m
en_m_EN_H_1748,English,0,en_m
en_m_EN_E_5059,English,0,en_m
en_m_EN_E_130,English,0,en_m
en_m_EN_W_6186,English,1,en_m
en_m_EN_E_5120,English,0,en_m
en_m_EN_O_2475,English,0,en_m
en_m_E_P_5814,English,1,en_m
en_m_EN_E_5485,English,1,en_m
en_m_EN_H_3132,English,1,en_m
en_m_EN_E_5573,English,1,en_m
en_m_EN_E_3516,English,1,en_m
en_m_EN_E_7155,English,0,en_m
en_m_EN_F_4333,English,1,en_m
en_m_EN_A_861,English,0,en_m
en_m_lj_LJ040-0028,English,0,en_m
en_m_EN_A_1733,English,0,en_m
en_m_EN_E_3623,English,1,en_m
en_m_EN_E_940,English,0,en_m
en_m_EN_W_1717,English,0,en_m
en_m_EN_E_2183,English,1,en_m
en_m_EN_O_829,English,0,en_m
en_m_EN_E_4986,English,0,en_m
en_m_EN_E_2187,English,0,en_m
en_m_EN_A_4484,English,1,en_m
en_m_EN_E_428,English,1,en_m
en_m_EN_H_422,English,1,en_m
en_m_lj_LJ045-0067,English,0,en_m
en_m_EN_H_4061,English,1,en_m
en_m_lj_LJ029-0211,English,0,en_m
en_m_EN_E_4681,English,0,en_m
en_m_lj_LJ016-0301,English,0,en_m
en_m_EN_A_5441,English,0,en_m
en_m_EN_W_1557,English,1,en_m
en_m_libri_8051-295385-0001,English,1,en_m
en_m_EN_O_2511,English,1,en_m
en_m_lj_LJ035-0134,English,1,en_m
en_m_EN_O_241,English,0,en_m
en_m_EN_E_6280,English,1,en_m
en_m_EN_O_2701,English,1,en_m
en_m_EN_E_1035,English,0,en_m
en_m_EN_E_1446,English,1,en_m
en_m_libri_6476-96661-0011,English,0,en_m
en_m_EN_H_3521,English,0,en_m
en_m_EN_H_383,English,1,en_m
en_m_EN_E_1956,English,0,en_m
en_m_E_P_1691,English,1,en_m
en_m_EN_H_328,English,0,en_m
en_m_EN_A_4115,English,1,en_m
en_m_EN_A_4907,English,1,en_m
en_m_E_P_4351,English,0,en_m
en_m_EN_W_2158,English,1,en_m
en_m_E_P_6471,English,1,en_m
en_m_EN_A_7441,English,0,en_m
en_m_EN_O_3403,English,0,en_m
en_m_EN_P_7049,English,0,en_m
en_m_EN_A_5060,English,1,en_m
en_m_lj_LJ016-0251,English,1,en_m
en_m_lj_LJ003-0187,English,0,en_m
en_m_EN_P_5465,English,1,en_m
en_m_EN_O_1114,English,0,en_m
en_m_libri_5750-100289-0044,English,0,en_m
en_m_EN_A_6129,English,1,en_m
en_m_lj_LJ037-0235,English,1,en_m
en_m_EN_A_7053,English,1,en_m
en_m_EN_E_2985,English,1,en_m
en_m_EN_H_1288,English,1,en_m
en_m_EN_W_4211,English,0,en_m
en_m_EN_H_1694,English,0,en_m
en_m_EN_E_2743,English,0,en_m
en_m_EN_F_468,English,1,en_m
en_m_EN_A_1138,English,0,en_m
en_m_lj_LJ025-0119,English,0,en_m
en_m_EN_A_5278,English,1,en_m
en_m_EN_F_6518,English,0,en_m
en_m_EN_E_2972,English,0,en_m
en_m_lj_LJ004-0131,English,1,en_m
en_m_EN_E_2528,English,0,en_m
en_m_EN_E_441,English,1,en_m
en_m_EN_P_5892,English,0,en_m
en_m_libri_8063-274116-0027,English,0,en_m
en_m_EN_O_1209,English,1,en_m
en_m_EN_H_3158,English,1,en_m
en_m_lj_LJ049-0147,English,0,en_m
en_m_EN_A_192,English,0,en_m
en_m_E_P_5152,English,0,en_m
en_m_EN_O_3364,English,1,en_m
en_m_lj_LJ045-0098,English,0,en_m
en_m_lj_LJ011-0251,English,1,en_m
en_m_lj_LJ009-0029,English,1,en_m
en_m_lj_LJ012-0040,English,0,en_m
en_m_EN_O_690,English,0,en_m
en_m_EN_E_7098,English,0,en_m
en_m_EN_H_3420,English,0,en_m
en_m_lj_LJ045-0012,English,1,en_m
en_m_EN_E_2209,English,0,en_m
en_m_EN_W_6555,English,0,en_m
en_m_EN_E_478,English,0,en_m
en_m_EN_H_3527,English,0,en_m
en_m_EN_E_1423,English,1,en_m
en_m_EN_W_1256,English,1,en_m
en_m_EN_O_2094,English,0,en_m
en_m_EN_W_4550,English,0,en_m
en_m_EN_W_1912,English,1,en_m
en_m_EN_E_3293,English,1,en_m
en_m_EN_O_796,English,1,en_m
en_m_EN_H_1233,English,1,en_m
en_m_EN_O_1013,English,0,en_m
en_m_EN_W_3513,English,0,en_m
en_m_EN_O_2576,English,1,en_m
en_m_EN_W_7184,English,0,en_m
en_m_lj_LJ037-0005,English,0,en_m
en_m_E_P_3,English,0,en_m
en_m_EN_W_3356,English,1,en_m
en_m_lj_LJ014-0339,English,0,en_m
en_m_lj_LJ014-0038,English,1,en_m
en_m_EN_A_1939,English,0,en_m
en_m_EN_E_3079,English,0,en_m
en_m_EN_W_3756,English,1,en_m
en_m_EN_F_875,English,0,en_m
en_m_EN_A_3037,English,0,en_m
en_m_EN_H_2458,English,0,en_m
en_m_lj_LJ006-0113,English,1,en_m
en_m_EN_A_160,English,0,en_m
en_m_lj_LJ001-0169,English,1,en_m
en_m_EN_H_3416,English,0,en_m
en_m_EN_P_358,English,0,en_m
en_m_EN_O_1326,English,1,en_m
en_m_EN_W_5,English,0,en_m
en_m_lj_LJ028-0435,English,1,en_m
en_m_EN_O_2299,English,1,en_m
en_m_EN_W_3646,English,0,en_m
en_m_EN_W_5271,English,1,en_m
en_m_EN_P_4230,English,0,en_m
en_m_lj_LJ022-0201,English,0,en_m
en_m_EN_F_4884,English,0,en_m
en_m_EN_E_3481,English,0,en_m
en_m_lj_LJ014-0112,English,1,en_m
en_m_lj_LJ038-0176,English,1,en_m
en_m_EN_A_3656,English,1,en_m
en_m_EN_O_3343,English,0,en_m
en_m_EN_E_3235,English,0,en_m
en_m_lj_LJ009-0086,English,1,en_m
en_m_EN_E_5576,English,1,en_m
en_m_EN_H_3541,English,0,en_m
en_m_EN_E_5924,English,0,en_m
en_m_EN_E_7430,English,1,en_m
en_m_libri_1040-133433-0019,English,1,en_m
en_m_libri_1116-132851-0001,English,1,en_m
en_m_EN_E_1452,English,1,en_m
en_m_lj_LJ041-0133,English,1,en_m
en_m_EN_E_106,English,0,en_m
en_m_EN_H_3805,English,0,en_m
en_m_EN_E_2993,English,0,en_m
en_m_EN_P_275,English,1,en_m
en_m_EN_H_2233,English,1,en_m
en_m_EN_E_6487,English,1,en_m
en_m_lj_LJ011-0026,English,0,en_m
en_m_EN_H_554,English,1,en_m
en_m_EN_E_6603,English,0,en_m
en_m_libri_1334-135589-0008,English,1,en_m
en_m_EN_A_1630,English,1,en_m
en_m_EN_E_2397,English,0,en_m
en_m_EN_P_5623,English,0,en_m
en_m_EN_H_167,English,1,en_m
en_m_EN_O_1852,English,1,en_m
en_m_libri_39-121915-0023,English,1,en_m
en_m_lj_LJ036-0098,English,0,en_m
en_m_E_P_7991,English,1,en_m
en_m_EN_A_2537,English,1,en_m
en_m_EN_W_2320,English,0,en_m
en_m_EN_O_3221,English,1,en_m
en_m_EN_H_2482,English,0,en_m
en_m_EN_O_10,English,1,en_m
en_m_EN_E_5797,English,0,en_m
en_m_EN_E_209,English,0,en_m
en_m_EN_H_2471,English,0,en_m
en_m_EN_A_4283,English,0,en_m
en_m_EN_W_4688,English,1,en_m
en_m_libri_7367-86737-0007,English,1,en_m
en_m_EN_O_3006,English,0,en_m
en_m_lj_LJ016-0038,English,0,en_m
en_m_EN_O_1349,English,0,en_m
en_m_EN_W_3785,English,1,en_m
en_m_EN_W_6597,English,1,en_m
en_m_EN_E_2189,English,1,en_m
en_m_E_P_8089,English,0,en_m
en_m_EN_E_2039,English,1,en_m
en_m_EN_W_7002,English,1,en_m
en_m_EN_E_2782,English,1,en_m
en_m_EN_E_6013,English,1,en_m
en_m_EN_H_2189,English,0,en_m
en_m_EN_H_2350,English,1,en_m
en_m_EN_A_513,English,1,en_m
en_m_EN_E_2240,English,1,en_m
en_m_EN_E_1945,English,1,en_m
en_m_lj_LJ015-0059,English,0,en_m
en_m_EN_E_4570,English,1,en_m
en_m_EN_F_579,English,0,en_m
en_m_lj_LJ039-0136,English,1,en_m
en_m_EN_A_1517,English,1,en_m
en_m_EN_E_2230,English,0,en_m
en_m_EN_E_1604,English,0,en_m
en_m_EN_P_4784,English,0,en_m
en_m_lj_LJ036-0062,English,1,en_m
en_m_EN_E_3712,English,0,en_m
en_m_EN_H_2245,English,1,en_m
en_m_libri_1363-135842-0012,English,1,en_m
en_m_EN_F_7271,English,1,en_m
en_m_EN_E_4148,English,1,en_m
en_m_lj_LJ024-0124,English,1,en_m
en_m_EN_O_2129,English,0,en_m
en_m_EN_E_6601,English,1,en_m
en_m_EN_E_3055,English,0,en_m
en_m_E_P_6880,English,1,en_m
en_m_EN_A_947,English,1,en_m
en_m_EN_F_5769,English,1,en_m
en_m_EN_E_5148,English,0,en_m
en_m_EN_O_2825,English,1,en_m
en_m_E_P_6959,English,0,en_m
en_m_EN_E_4717,English,0,en_m
en_m_libri_1926-147979-0003,English,1,en_m
en_m_EN_E_5115,English,1,en_m
en_m_EN_H_3378,English,1,en_m
en_m_EN_W_338,English,1,en_m
en_m_EN_O_198,English,0,en_m
en_m_lj_LJ006-0124,English,1,en_m
en_m_EN_E_3977,English,1,en_m
en_m_EN_E_5752,English,1,en_m
en_m_lj_LJ011-0166,English,1,en_m
en_m_lj_LJ026-0162,English,1,en_m
en_m_lj_LJ005-0090,English,0,en_m
en_m_libri_3982-178459-0012,English,1,en_m
en_m_lj_LJ028-0366,English,1,en_m
en_m_EN_O_441,English,1,en_m
en_m_lj_LJ008-0133,English,0,en_m
en_m_lj_LJ007-0047,English,1,en_m
en_m_EN_E_6644,English,0,en_m
en_m_EN_H_652,English,0,en_m
en_m_EN_P_1220,English,1,en_m
en_m_libri_298-126791-0061,English,1,en_m
en_m_EN_E_5397,English,1,en_m
en_m_EN_E_429,English,1,en_m
en_m_libri_1098-133695-0077,English,1,en_m
en_m_EN_E_7462,English,0,en_m
en_m_EN_W_2530,English,0,en_m
en_m_EN_W_4810,English,1,en_m
en_m_EN_E_2979,English,1,en_m
en_m_EN_E_5248,English,0,en_m
en_m_lj_LJ037-0192,English,0,en_m
en_m_EN_E_1839,English,0,en_m
en_m_libri_1723-141149-0076,English,1,en_m
en_m_E_P_4865,English,0,en_m
en_m_EN_A_5059,English,1,en_m
en_m_lj_LJ028-0420,English,1,en_m
en_m_E_P_3546,English,0,en_m
en_m_EN_W_1575,English,0,en_m
en_m_lj_LJ031-0103,English,0,en_m
en_m_EN_E_4701,English,1,en_m
en_m_EN_E_377,English,0,en_m
en_m_lj_LJ019-0255,English,1,en_m
en_m_E_P_6867,English,1,en_m
en_m_EN_H_3923,English,1,en_m
en_m_EN_H_3121,English,0,en_m
en_m_lj_LJ016-0082,English,0,en_m
en_m_EN_E_5458,English,0,en_m
en_m_EN_E_4220,English,0,en_m
en_m_EN_O_850,English,1,en_m
en_m_EN_O_1660,English,1,en_m
en_m_EN_W_6242,English,1,en_m
en_m_libri_5750-100289-0005,English,1,en_m
en_m_lj_LJ038-0279,English,0,en_m
en_m_EN_W_1193,English,1,en_m
en_m_EN_P_3537,English,1,en_m
en_m_EN_W_2360,English,0,en_m
en_m_libri_1447-130552-0018,English,1,en_m
en_m_EN_W_3514,English,0,en_m
en_m_lj_LJ020-0029,English,0,en_m
en_m_EN_H_475,English,0,en_m
en_m_EN_W_2839,English,0,en_m
en_m_EN_E_4184,English,1,en_m
en_m_EN_A_5785,English,1,en_m
en_m_lj_LJ039-0131,English,0,en_m
en_m_EN_E_3873,English,0,en_m
en_m_EN_H_624,English,0,en_m
en_m_lj_LJ049-0142,English,0,en_m
en_m_EN_E_388,English,1,en_m
en_m_EN_E_5872,English,1,en_m
en_m_EN_E_5002,English,1,en_m
en_m_libri_7226-86964-0044,English,0,en_m
en_m_EN_E_5640,English,0,en_m
en_m_EN_F_6479,English,1,en_m
en_m_EN_O_1473,English,0,en_m
en_m_EN_A_2203,English,0,en_m
en_m_EN_A_2161,English,0,en_m
en_m_EN_O_1611,English,1,en_m
en_m_E_P_7843,English,1,en_m
en_m_EN_W_5251,English,0,en_m
en_m_EN_E_1000,English,1,en_m
en_m_EN_E_5154,English,1,en_m
en_m_EN_E_183,English,0,en_m
en_m_libri_2002-139469-0048,English,0,en_m
en_m_EN_E_178,English,1,en_m
en_m_EN_A_631,English,1,en_m
en_m_lj_LJ013-0011,English,1,en_m
en_m_lj_LJ020-0060,English,1,en_m
en_m_EN_E_7177,English,1,en_m
en_m_EN_E_1457,English,0,en_m
en_m_EN_A_1810,English,0,en_m
en_m_lj_LJ019-0297,English,1,en_m
en_m_EN_E_1632,English,0,en_m
en_m_lj_LJ039-0067,English,1,en_m
en_m_EN_F_3505,English,0,en_m
en_m_EN_E_3042,English,0,en_m
en_m_lj_LJ034-0112,English,0,en_m
en_m_EN_H_3318,English,0,en_m
en_m_EN_F_1887,English,0,en_m
en_m_EN_H_2562,English,1,en_m
en_m_EN_O_2720,English,0,en_m
en_m_EN_W_7200,English,1,en_m
en_m_lj_LJ044-0167,English,0,en_m
en_m_lj_LJ006-0193,English,0,en_m
en_m_EN_W_5735,English,0,en_m
en_m_lj_LJ037-0009,English,1,en_m
en_m_EN_E_1863,English,1,en_m
en_m_EN_E_5292,English,1,en_m
en_m_libri_909-131041-0005,English,1,en_m
en_m_EN_W_791,English,0,en_m
en_m_lj_LJ007-0050,English,0,en_m
en_m_E_P_8158,English,1,en_m
en_m_lj_LJ043-0028,English,1,en_m
en_m_EN_W_717,English,1,en_m
en_m_EN_P_2748,English,0,en_m
en_m_EN_A_6400,English,0,en_m
en_m_EN_E_6207,English,1,en_m
en_m_EN_W_3495,English,1,en_m
en_m_libri_2196-174172-0039,English,0,en_m
en_m_lj_LJ037-0026,English,1,en_m
en_m_EN_E_1415,English,0,en_m
en_m_EN_A_5408,English,0,en_m
en_m_lj_LJ050-0131,English,1,en_m
en_m_EN_A_3774,English,1,en_m
en_m_EN_A_1403,English,1,en_m
en_m_libri_5192-19396-0031,English,0,en_m
en_m_EN_A_5681,English,0,en_m
en_m_lj_LJ013-0158,English,0,en_m
en_m_EN_A_3692,English,1,en_m
en_m_lj_LJ018-0281,English,1,en_m
en_m_libri_2514-149482-0053,English,1,en_m
en_m_EN_O_1440,English,0,en_m
en_m_lj_LJ047-0172,English,1,en_m
en_m_EN_E_2614,English,1,en_m
en_m_EN_F_557,English,0,en_m
en_m_EN_A_2465,English,1,en_m
en_m_lj_LJ018-0139,English,1,en_m
en_m_libri_1088-134318-0004,English,0,en_m
en_m_EN_E_5112,English,1,en_m
en_m_EN_F_6678,English,0,en_m
en_m_EN_O_2012,English,1,en_m
en_m_libri_4406-16882-0047,English,1,en_m
en_m_E_P_316,English,0,en_m
en_m_EN_E_2698,English,0,en_m
en_m_lj_LJ045-0092,English,1,en_m
en_m_lj_LJ028-0200,English,1,en_m
en_m_lj_LJ004-0067,English,0,en_m
en_m_E_P_7724,English,0,en_m
en_m_EN_W_1556,English,0,en_m
en_m_lj_LJ013-0146,English,1,en_m
en_m_EN_A_3843,English,1,en_m
en_m_EN_E_525,English,0,en_m
en_m_EN_O_561,English,0,en_m
en_m_EN_A_2107,English,1,en_m
en_m_EN_H_2809,English,1,en_m
en_m_EN_E_6652,English,0,en_m
en_m_libri_7859-102519-0005,English,1,en_m
en_m_EN_O_137,English,0,en_m
en_m_EN_E_5374,English,1,en_m
en_m_EN_E_5494,English,1,en_m
en_m_lj_LJ048-0263,English,1,en_m
en_m_lj_LJ026-0086,English,0,en_m
en_m_EN_H_1845,English,0,en_m
en_m_EN_H_893,English,0,en_m
en_m_EN_E_2921,English,0,en_m
en_m_E_P_3631,English,1,en_m
en_m_EN_W_7472,English,0,en_m
en_m_EN_E_4893,English,0,en_m
en_m_EN_O_1813,English,0,en_m
en_m_lj_LJ012-0043,English,1,en_m
en_m_EN_H_410,English,1,en_m
en_m_EN_A_7499,English,1,en_m
en_m_lj_LJ020-0077,English,1,en_m
en_m_EN_F_4495,English,1,en_m
en_m_EN_E_6163,English,0,en_m
en_m_EN_E_4477,English,1,en_m
en_m_EN_P_5717,English,0,en_m
en_m_EN_W_2550,English,0,en_m
en_m_EN_O_1096,English,1,en_m
en_m_EN_H_1879,English,0,en_m
en_m_lj_LJ049-0052,English,0,en_m
en_m_EN_H_1751,English,1,en_m
en_m_EN_W_26,English,0,en_m
en_m_EN_W_3644,English,1,en_m
en_m_EN_H_4059,English,0,en_m
en_m_EN_W_3815,English,0,en_m
en_m_EN_P_595,English,1,en_m
en_m_EN_E_3017,English,0,en_m
en_m_EN_P_2098,English,1,en_m
en_m_EN_W_2719,English,1,en_m
en_m_lj_LJ016-0405,English,0,en_m
en_m_EN_E_6728,English,1,en_m
en_m_EN_E_7394,English,1,en_m
en_m_EN_P_4092,English,1,en_m
en_m_EN_H_136,English,1,en_m
en_m_lj_LJ031-0221,English,0,en_m
en_m_lj_LJ028-0392,English,0,en_m
en_m_EN_A_7232,English,0,en_m
en_m_EN_O_279,English,0,en_m
en_m_lj_LJ016-0234,English,1,en_m
en_m_libri_8425-246962-0016,English,1,en_m
en_m_EN_E_4919,English,0,en_m
en_m_EN_W_1743,English,0,en_m
en_m_EN_W_7104,English,0,en_m
en_m_EN_H_1535,English,0,en_m
en_m_lj_LJ003-0141,English,0,en_m
en_m_lj_LJ029-0162,English,1,en_m
en_m_EN_H_2936,English,0,en_m
en_m_EN_H_1355,English,0,en_m
en_m_EN_W_4110,English,1,en_m
en_m_EN_E_2159,English,0,en_m
en_m_EN_A_805,English,1,en_m
en_m_EN_E_846,English,0,en_m
en_m_EN_F_2876,English,1,en_m
en_m_EN_A_691,English,1,en_m
en_m_EN_A_597,English,0,en_m
en_m_EN_E_2102,English,1,en_m
en_m_EN_H_3478,English,1,en_m
en_m_lj_LJ016-0422,English,1,en_m
en_m_EN_E_4073,English,0,en_m
en_m_EN_W_2129,English,1,en_m
en_m_lj_LJ019-0229,English,0,en_m
en_m_libri_118-47824-0065,English,1,en_m
en_m_EN_A_4218,English,0,en_m
en_m_EN_P_2023,English,1,en_m
en_m_EN_A_2535,English,1,en_m
en_m_EN_O_2697,English,0,en_m
en_m_EN_E_1335,English,0,en_m
en_m_lj_LJ014-0056,English,0,en_m
en_m_lj_LJ004-0031,English,0,en_m
en_m_E_P_2121,English,0,en_m
en_m_EN_H_2369,English,0,en_m
en_m_EN_O_1294,English,1,en_m
en_m_EN_O_11,English,1,en_m
en_m_libri_1034-121119-0009,English,0,en_m
en_m_EN_E_5724,English,0,en_m
en_m_E_P_2804,English,0,en_m
en_m_E_P_4850,English,0,en_m
en_m_EN_W_3722,English,0,en_m
en_m_EN_E_3202,English,1,en_m
en_m_EN_P_5466,English,1,en_m
en_m_EN_E_4046,English,1,en_m
en_m_EN_E_6476,English,0,en_m
en_m_libri_39-121914-0001,English,1,en_m
en_m_lj_LJ044-0054,English,1,en_m
en_m_E_P_3253,English,0,en_m
en_m_EN_E_6302,English,0,en_m
en_m_EN_O_2541,English,0,en_m
en_m_libri_1447-130551-0013,English,1,en_m
en_m_EN_P_5602,English,0,en_m
en_m_EN_W_5494,English,0,en_m
en_m_EN_P_3943,English,0,en_m
en_m_lj_LJ005-0273,English,1,en_m
en_m_lj_LJ034-0037,English,1,en_m
en_m_EN_P_534,English,0,en_m
en_m_EN_A_6398,English,0,en_m
en_m_EN_E_1575,English,1,en_m
en_m_EN_E_6094,English,1,en_m
en_m_EN_A_5970,English,0,en_m
en_m_EN_E_515,English,0,en_m
en_m_EN_W_7037,English,1,en_m
en_m_EN_A_7399,English,1,en_m
en_m_lj_LJ016-0188,English,1,en_m
en_m_EN_H_1827,English,1,en_m
en_m_EN_W_4532,English,1,en_m
en_m_EN_H_2389,English,0,en_m
en_m_EN_P_376,English,1,en_m
en_m_EN_H_668,English,0,en_m
en_m_libri_2817-142380-0017,English,0,en_m
en_m_EN_P_6717,English,0,en_m
en_m_EN_P_322,English,0,en_m
en_m_EN_E_6405,English,0,en_m
en_m_EN_E_5499,English,1,en_m
en_m_lj_LJ014-0256,English,1,en_m
en_m_EN_A_1771,English,1,en_m
en_m_EN_A_6736,English,0,en_m
en_m_EN_H_3914,English,0,en_m
en_m_lj_LJ033-0043,English,1,en_m
en_m_lj_LJ038-0051,English,0,en_m
en_m_EN_O_3122,English,0,en_m
en_m_EN_W_7291,English,0,en_m
en_m_EN_W_7451,English,0,en_m
en_m_EN_E_5486,English,0,en_m
en_m_lj_LJ021-0143,English,0,en_m
en_m_lj_LJ012-0100,English,0,en_m
en_m_lj_LJ006-0261,English,0,en_m
en_m_libri_6078-54013-0011,English,0,en_m
en_m_lj_LJ045-0120,English,0,en_m
en_m_EN_O_591,English,0,en_m
en_m_EN_A_7093,English,1,en_m
en_m_EN_E_2221,English,1,en_m
en_m_EN_E_6103,English,0,en_m
en_m_EN_H_1784,English,1,en_m
en_m_EN_A_877,English,1,en_m
en_m_lj_LJ003-0242,English,1,en_m
en_m_libri_7113-86041-0049,English,1,en_m
en_m_EN_E_2564,English,0,en_m
en_m_EN_E_2251,English,0,en_m
en_m_EN_H_628,English,0,en_m
en_m_libri_8095-274345-0005,English,0,en_m
en_m_EN_W_280,English,0,en_m
en_m_EN_A_6552,English,0,en_m
en_m_EN_E_1965,English,0,en_m
en_m_EN_A_4245,English,1,en_m
en_m_EN_P_2621,English,0,en_m
en_m_EN_A_5295,English,1,en_m
en_m_lj_LJ040-0042,English,0,en_m
en_m_EN_E_6156,English,0,en_m
en_m_lj_LJ016-0179,English,1,en_m
en_m_EN_A_6280,English,1,en_m
en_m_EN_H_1196,English,1,en_m
en_m_lj_LJ048-0021,English,1,en_m
en_m_libri_6925-80680-0053,English,1,en_m
en_m_EN_A_4016,English,0,en_m
en_m_EN_E_2626,English,0,en_m
en_m_E_P_4157,English,0,en_m
en_m_EN_H_2605,English,0,en_m
en_m_EN_E_6525,English,1,en_m
en_m_EN_E_6288,English,1,en_m
en_m_EN_P_6695,English,0,en_m
en_m_lj_LJ008-0215,English,0,en_m
en_m_libri_8238-274553-0022,English,1,en_m
en_m_lj_LJ028-0061,English,1,en_m
en_m_EN_F_1225,English,1,en_m
en_m_E_P_1655,English,1,en_m
en_m_E_P_846,English,0,en_m
en_m_EN_O_1995,English,1,en_m
en_m_EN_W_3538,English,1,en_m
en_m_EN_W_877,English,0,en_m
en_m_EN_A_6227,English,0,en_m
en_m_EN_O_1830,English,0,en_m
en_m_EN_W_6837,English,0,en_m
en_m_libri_4014-186183-0020,English,0,en_m
en_m_EN_E_4376,English,1,en_m
en_m_EN_A_6851,English,0,en_m
en_m_lj_LJ015-0064,English,1,en_m
en_m_EN_H_34,English,0,en_m
en_m_EN_E_2450,English,0,en_m
en_m_lj_LJ012-0265,English,1,en_m
en_m_EN_A_605,English,1,en_m
en_m_EN_O_3345,English,0,en_m
en_m_EN_F_486,English,0,en_m
en_m_EN_O_269,English,1,en_m
en_m_EN_A_2752,English,1,en_m
en_m_EN_W_3632,English,1,en_m
en_m_EN_W_3741,English,1,en_m
en_m_libri_4813-248638-0055,English,1,en_m
en_m_EN_O_2171,English,0,en_m
en_m_lj_LJ010-0195,English,0,en_m
en_m_EN_H_1939,English,1,en_m
en_m_EN_O_961,English,1,en_m
en_m_EN_H_3351,English,1,en_m
en_m_lj_LJ005-0022,English,1,en_m
en_m_EN_H_575,English,1,en_m
en_m_EN_H_3109,English,0,en_m
en_m_lj_LJ037-0255,English,0,en_m
en_m_EN_E_5666,English,0,en_m
en_m_EN_W_208,English,1,en_m
en_m_EN_A_5225,English,1,en_m
en_m_libri_7078-271888-0013,English,0,en_m
en_m_libri_5393-19218-0060,English,1,en_m
en_m_EN_H_2905,English,1,en_m
en_m_EN_A_2,English,0,en_m
en_m_EN_W_5785,English,1,en_m
en_m_lj_LJ028-0184,English,1,en_m
en_m_EN_A_5658,English,0,en_m
en_m_EN_A_2220,English,0,en_m
en_m_E_P_4844,English,1,en_m
en_m_libri_1088-129236-0029,English,1,en_m
en_m_E_P_937,English,1,en_m
en_m_E_P_1720,English,0,en_m
en_m_E_P_5971,English,0,en_m
en_m_EN_E_4433,English,1,en_m
en_m_EN_P_858,English,1,en_m
en_m_EN_E_476,English,1,en_m
en_m_EN_A_996,English,0,en_m
en_m_EN_O_2629,English,0,en_m
en_m_EN_O_1293,English,1,en_m
en_m_lj_LJ004-0075,English,0,en_m
en_m_libri_3699-19402-0020,English,1,en_m
en_m_EN_W_5578,English,0,en_m
en_m_EN_A_1012,English,1,en_m
en_m_EN_W_3866,English,1,en_m
en_m_libri_3240-131231-0014,English,0,en_m
en_m_EN_O_1874,English,0,en_m
en_m_EN_O_852,English,0,en_m
en_m_EN_O_3489,English,0,en_m
en_m_lj_LJ014-0323,English,1,en_m
en_m_EN_A_7040,English,1,en_m
en_m_EN_E_5786,English,1,en_m
en_m_EN_E_758,English,0,en_m
en_m_lj_LJ016-0264,English,1,en_m
en_m_lj_LJ044-0106,English,1,en_m
en_m_EN_F_3660,English,0,en_m
en_m_lj_LJ026-0133,English,1,en_m
en_m_EN_O_2353,English,0,en_m
en_m_EN_O_1251,English,1,en_m
en_m_EN_O_311,English,0,en_m
en_m_EN_O_3477,English,0,en_m
en_m_EN_W_4342,English,1,en_m
en_m_EN_E_6417,English,0,en_m
en_m_lj_LJ008-0253,English,1,en_m
en_m_lj_LJ010-0165,English,0,en_m
en_m_EN_F_210,English,0,en_m
en_m_libri_3259-158083-0080,English,1,en_m
en_m_lj_LJ012-0252,English,0,en_m
en_m_EN_W_6453,English,0,en_m
en_m_EN_O_346,English,1,en_m
en_m_EN_E_1660,English,1,en_m
en_m_EN_A_1220,English,1,en_m
en_m_libri_2136-5143-0029,English,0,en_m
en_m_EN_E_3006,English,1,en_m
en_m_EN_E_1262,English,1,en_m
en_m_lj_LJ014-0222,English,0,en_m
en_m_EN_E_1260,English,0,en_m
en_m_E_P_5501,English,0,en_m
en_m_lj_LJ013-0089,English,1,en_m
en_m_lj_LJ011-0164,English,1,en_m
en_m_libri_1926-143879-0034,English,0,en_m
en_m_libri_8095-274348-0017,English,1,en_m
en_m_EN_H_1676,English,1,en_m
en_m_lj_LJ043-0082,English,0,en_m
en_m_EN_W_6079,English,1,en_m
en_m_EN_E_5862,English,1,en_m
en_m_lj_LJ038-0118,English,0,en_m
en_m_lj_LJ015-0043,English,1,en_m
en_m_EN_A_4369,English,0,en_m
en_m_EN_W_5545,English,0,en_m
en_m_EN_E_4873,English,1,en_m
en_m_EN_O_2800,English,1,en_m
en_m_EN_A_4460,English,1,en_m
en_m_libri_1355-39947-0013,English,1,en_m
en_m_EN_O_1314,English,0,en_m
en_m_EN_E_6639,English,0,en_m
en_m_EN_E_3386,English,1,en_m
en_m_EN_W_7361,English,0,en_m
en_m_lj_LJ005-0015,English,0,en_m
en_m_libri_6836-61804-0029,English,1,en_m
en_m_libri_8609-262281-0026,English,1,en_m
en_m_EN_W_5688,English,1,en_m
en_m_EN_O_471,English,0,en_m
en_m_lj_LJ017-0238,English,1,en_m
en_m_EN_O_909,English,0,en_m
en_m_EN_E_7227,English,0,en_m
en_m_EN_E_7463,English,1,en_m
en_m_EN_E_1484,English,1,en_m
en_m_EN_E_3467,English,1,en_m
en_m_lj_LJ044-0134,English,0,en_m
en_m_EN_E_4069,English,0,en_m
en_m_EN_O_2098,English,1,en_m
en_m_EN_O_1187,English,1,en_m
en_m_EN_A_4020,English,1,en_m
en_m_EN_F_7030,English,0,en_m
en_m_lj_LJ010-0139,English,0,en_m
en_m_E_P_1619,English,1,en_m
en_m_lj_LJ001-0010,English,0,en_m
en_m_EN_A_1756,English,0,en_m
en_m_EN_O_228,English,0,en_m
en_m_EN_P_3955,English,0,en_m
en_m_EN_A_677,English,0,en_m
en_m_EN_O_1906,English,1,en_m
en_m_EN_E_4137,English,0,en_m
en_m_EN_H_3339,English,0,en_m
en_m_EN_W_4195,English,1,en_m
en_m_EN_H_3068,English,0,en_m
en_m_EN_O_2226,English,1,en_m
en_m_EN_O_2053,English,1,en_m
en_m_EN_E_6557,English,0,en_m
en_m_EN_E_3465,English,1,en_m
en_m_EN_E_3733,English,0,en_m
en_m_EN_O_2137,English,0,en_m
en_m_E_P_4785,English,0,en_m
en_m_EN_W_4758,English,1,en_m
en_m_libri_198-126831-0011,English,1,en_m
en_m_lj_LJ019-0106,English,1,en_m
en_m_lj_LJ040-0012,English,0,en_m
en_m_EN_H_704,English,1,en_m
en_m_EN_H_1707,English,0,en_m
en_m_EN_H_2727,English,0,en_m
en_m_EN_E_4579,English,1,en_m
en_m_EN_W_5001,English,1,en_m
en_m_EN_E_4528,English,1,en_m
en_m_EN_A_3889,English,1,en_m
en_m_lj_LJ010-0255,English,0,en_m
en_m_lj_LJ032-0169,English,1,en_m
en_m_EN_E_1437,English,1,en_m
en_m_EN_W_246,English,1,en_m
en_m_lj_LJ046-0242,English,0,en_m
en_m_EN_H_3900,English,0,en_m
en_m_EN_O_2748,English,1,en_m
en_m_EN_A_3783,English,1,en_m
en_m_libri_839-130898-0056,English,1,en_m
en_m_EN_E_3611,English,1,en_m
en_m_lj_LJ047-0207,English,0,en_m
en_m_EN_E_7193,English,0,en_m
en_m_EN_H_1902,English,1,en_m
en_m_EN_E_1518,English,1,en_m
en_m_EN_O_2193,English,1,en_m
en_m_EN_A_6473,English,0,en_m
en_m_EN_O_17,English,1,en_m
en_m_EN_E_1123,English,0,en_m
en_m_EN_E_7017,English,0,en_m
en_m_libri_198-209-0038,English,0,en_m
en_m_libri_2007-149877-0027,English,1,en_m
en_m_EN_O_2887,English,1,en_m
en_m_EN_A_2872,English,0,en_m
en_m_EN_E_2936,English,0,en_m
en_m_lj_LJ038-0134,English,1,en_m
en_m_EN_A_756,English,1,en_m
en_m_EN_O_3217,English,1,en_m
en_m_EN_F_882,English,0,en_m
en_m_lj_LJ047-0215,English,1,en_m
en_m_libri_5104-33406-0018,English,1,en_m
en_m_EN_E_4154,English,1,en_m
en_m_EN_H_3131,English,0,en_m
en_m_EN_O_2387,English,0,en_m
en_m_libri_8123-275193-0016,English,1,en_m
en_m_EN_W_2639,English,1,en_m
en_m_EN_H_1670,English,0,en_m
en_m_EN_O_1103,English,0,en_m
en_m_EN_A_3392,English,1,en_m
en_m_EN_O_3079,English,1,en_m
en_m_EN_A_2853,English,0,en_m
en_m_EN_H_3845,English,0,en_m
en_m_libri_302-123516-0032,English,0,en_m
en_m_EN_H_3050,English,0,en_m
en_m_EN_P_6537,English,1,en_m
en_m_EN_O_2961,English,1,en_m
en_m_EN_P_6529,English,1,en_m
en_m_lj_LJ050-0157,English,0,en_m
en_m_EN_O_2538,English,1,en_m
en_m_EN_E_1432,English,0,en_m
en_m_libri_4441-76263-0030,English,1,en_m
en_m_lj_LJ040-0132,English,1,en_m
en_m_libri_1502-122619-0087,English,0,en_m
en_m_EN_W_7368,English,1,en_m
en_m_E_P_8342,English,1,en_m
en_m_EN_E_7125,English,0,en_m
en_m_EN_E_1295,English,0,en_m
en_m_EN_W_4545,English,0,en_m
en_m_lj_LJ021-0185,English,1,en_m
en_m_EN_A_5152,English,0,en_m
en_m_libri_1040-133433-0048,English,0,en_m
en_m_EN_H_239,English,1,en_m
en_m_EN_E_625,English,0,en_m
en_m_libri_89-219-0040,English,0,en_m
en_m_EN_A_2385,English,1,en_m
en_m_EN_O_1525,English,0,en_m
en_m_EN_W_7178,English,1,en_m
en_m_lj_LJ019-0383,English,1,en_m
en_m_lj_LJ017-0056,English,0,en_m
en_m_EN_O_3523,English,1,en_m
en_m_EN_P_6422,English,0,en_m
en_m_EN_H_2824,English,1,en_m
en_m_lj_LJ050-0022,English,0,en_m
en_m_EN_W_5194,English,0,en_m
en_m_EN_E_1943,English,0,en_m
en_m_EN_O_2253,English,1,en_m
en_m_EN_H_279,English,0,en_m
en_m_EN_W_5652,English,1,en_m
en_m_lj_LJ028-0016,English,0,en_m
en_m_lj_LJ023-0119,English,0,en_m
en_m_EN_E_6414,English,1,en_m
en_m_EN_E_6564,English,0,en_m
en_m_libri_60-121082-0091,English,1,en_m
en_m_EN_E_5778,English,0,en_m
en_m_EN_E_4355,English,1,en_m
en_m_E_P_4296,English,1,en_m
en_m_lj_LJ010-0045,English,0,en_m
en_m_EN_O_2877,English,1,en_m
en_m_lj_LJ003-0153,English,1,en_m
en_m_EN_W_305,English,0,en_m
en_m_libri_6078-54013-0010,English,1,en_m
en_m_EN_P_798,English,1,en_m
en_m_EN_A_3453,English,1,en_m
en_m_EN_E_4523,English,0,en_m
en_m_EN_O_1911,English,0,en_m
en_m_lj_LJ028-0427,English,0,en_m
en_m_EN_E_503,English,0,en_m
en_m_EN_O_887,English,0,en_m
en_m_EN_O_2007,English,0,en_m
en_m_EN_O_422,English,0,en_m
en_m_EN_H_926,English,0,en_m
te_f_general_01648,Telugu,0,te_f
te_f_politics_01588,Telugu,1,te_f
te_f_education_00437,Telugu,1,te_f
te_f_books_socialscience_03756,Telugu,0,te_f
te_f_general_00801,Telugu,1,te_f
te_f_general_01664,Telugu,1,te_f
te_f_finance_01382,Telugu,0,te_f
te_f_general_00781,Telugu,0,te_f
te_f_books_socialscience_03490,Telugu,1,te_f
te_f_other_01428,Telugu,0,te_f
te_f_books_socialscience_05350,Telugu,1,te_f
te_f_books_socialscience_02932,Telugu,1,te_f
te_f_education_03415,Telugu,1,te_f
te_f_books_socialscience_01073,Telugu,0,te_f
te_f_politics_00648,Telugu,0,te_f
te_f_politics_01317,Telugu,0,te_f
te_f_other_02137,Telugu,0,te_f
te_f_politics_00589,Telugu,1,te_f
te_f_politics_01990,Telugu,0,te_f
te_f_books_socialscience_03821,Telugu,0,te_f
te_f_politics_02358,Telugu,1,te_f
te_f_finance_00466,Telugu,0,te_f
te_f_politics_01038,Telugu,0,te_f
te_f_books_socialscience_02375,Telugu,1,te_f
te_f_other_02675,Telugu,1,te_f
te_f_politics_03614,Telugu,1,te_f
te_f_books_socialscience_06523,Telugu,0,te_f
te_f_education_01057,Telugu,0,te_f
te_f_books_socialscience_02296,Telugu,1,te_f
te_f_books_socialscience_02476,Telugu,1,te_f
te_f_agri_00350,Telugu,0,te_f
te_f_politics_01531,Telugu,0,te_f
te_f_finance_00182,Telugu,0,te_f
te_f_books_socialscience_00883,Telugu,1,te_f
te_f_books_socialscience_02114,Telugu,1,te_f
te_f_books_socialscience_02464,Telugu,1,te_f
te_f_agri_00093,Telugu,0,te_f
te_f_general_00814,Telugu,1,te_f
te_f_other_02884,Telugu,0,te_f
te_f_politics_01556,Telugu,1,te_f
te_f_books_socialscience_03554,Telugu,1,te_f
te_f_other_02043,Telugu,0,te_f
te_f_books_socialscience_03244,Telugu,0,te_f
te_f_politics_03312,Telugu,0,te_f
te_f_books_socialscience_02366,Telugu,1,te_f
te_f_general_02433,Telugu,0,te_f
te_f_books_socialscience_07004,Telugu,0,te_f
te_f_finance_00277,Telugu,0,te_f
te_f_education_02210,Telugu,0,te_f
te_f_books_socialscience_01598,Telugu,0,te_f
te_f_finance_00110,Telugu,0,te_f
te_f_books_socialscience_05882,Telugu,0,te_f
te_f_finance_02507,Telugu,0,te_f
te_f_weather_01799,Telugu,1,te_f
te_f_health_01626,Telugu,0,te_f
te_f_agri_01445,Telugu,1,te_f
te_f_politics_00144,Telugu,1,te_f
te_f_books_socialscience_06570,Telugu,0,te_f
te_f_health_01679,Telugu,0,te_f
te_f_general_02226,Telugu,0,te_f
te_f_books_socialscience_06210,Telugu,1,te_f
te_f_books_socialscience_04851,Telugu,0,te_f
te_f_finance_01534,Telugu,1,te_f
te_f_books_socialscience_07000,Telugu,1,te_f
te_f_finance_00224,Telugu,1,te_f
te_f_books_socialscience_04233,Telugu,1,te_f
te_f_politics_00943,Telugu,0,te_f
te_f_education_02326,Telugu,0,te_f
te_f_weather_01165,Telugu,1,te_f
te_f_agri_01633,Telugu,1,te_f
te_f_health_01590,Telugu,1,te_f
te_f_agri_02788,Telugu,0,te_f
te_f_books_socialscience_04205,Telugu,0,te_f
te_f_education_03382,Telugu,1,te_f
te_f_politics_00804,Telugu,0,te_f
te_f_politics_01643,Telugu,1,te_f
te_f_books_socialscience_01621,Telugu,0,te_f
te_f_education_03598,Telugu,0,te_f
te_f_books_socialscience_00690,Telugu,1,te_f
te_f_politics_01923,Telugu,1,te_f
te_f_books_socialscience_04426,Telugu,0,te_f
te_f_books_socialscience_05673,Telugu,1,te_f
te_f_other_00229,Telugu,0,te_f
te_f_books_socialscience_03447,Telugu,0,te_f
te_f_books_socialscience_06207,Telugu,1,te_f
te_f_books_socialscience_06679,Telugu,1,te_f
te_f_health_01903,Telugu,0,te_f
te_f_books_socialscience_04178,Telugu,0,te_f
te_f_agri_01542,Telugu,1,te_f
te_f_books_socialscience_03028,Telugu,1,te_f
te_f_books_socialscience_01806,Telugu,0,te_f
te_f_books_socialscience_06014,Telugu,1,te_f
te_f_politics_02295,Telugu,1,te_f
te_f_books_socialscience_05305,Telugu,0,te_f
te_f_education_01852,Telugu,0,te_f
te_f_books_socialscience_01760,Telugu,0,te_f
te_f_health_03053,Telugu,0,te_f
te_f_education_02262,Telugu,0,te_f
te_f_books_socialscience_04105,Telugu,0,te_f
te_f_education_01331,Telugu,1,te_f
te_f_health_00025,Telugu,0,te_f
te_f_books_socialscience_04171,Telugu,1,te_f
te_f_politics_00284,Telugu,0,te_f
te_f_other_00876,Telugu,1,te_f
te_f_books_socialscience_05570,Telugu,0,te_f
te_f_other_00071,Telugu,1,te_f
te_f_books_socialscience_02474,Telugu,1,te_f
te_f_finance_01013,Telugu,0,te_f
te_f_agri_02854,Telugu,1,te_f
te_f_agri_01480,Telugu,1,te_f
te_f_books_socialscience_01259,Telugu,1,te_f
te_f_weather_00555,Telugu,1,te_f
te_f_books_socialscience_00017,Telugu,0,te_f
te_f_books_socialscience_05012,Telugu,0,te_f
te_f_books_socialscience_06897,Telugu,1,te_f
te_f_weather_02446,Telugu,1,te_f
te_f_books_socialscience_05599,Telugu,0,te_f
te_f_books_socialscience_01435,Telugu,0,te_f
te_f_weather_00853,Telugu,0,te_f
te_f_other_00717,Telugu,0,te_f
te_f_books_socialscience_04362,Telugu,1,te_f
te_f_books_socialscience_02478,Telugu,0,te_f
te_f_agri_01704,Telugu,1,te_f
te_f_books_socialscience_01393,Telugu,1,te_f
te_f_books_socialscience_06605,Telugu,0,te_f
te_f_books_socialscience_03073,Telugu,1,te_f
te_f_books_socialscience_03976,Telugu,0,te_f
te_f_politics_03681,Telugu,1,te_f
te_f_general_01695,Telugu,1,te_f
te_f_books_socialscience_06464,Telugu,0,te_f
te_f_books_socialscience_03166,Telugu,1,te_f
te_f_politics_02020,Telugu,1,te_f
te_f_books_socialscience_07102,Telugu,0,te_f
te_f_weather_00360,Telugu,0,te_f
te_f_politics_01924,Telugu,1,te_f
te_f_agri_00878,Telugu,1,te_f
te_f_finance_01571,Telugu,1,te_f
te_f_books_socialscience_07504,Telugu,1,te_f
te_f_finance_01732,Telugu,1,te_f
te_f_books_socialscience_01320,Telugu,0,te_f
te_f_books_socialscience_02412,Telugu,1,te_f
te_f_books_socialscience_00458,Telugu,0,te_f
te_f_weather_01305,Telugu,1,te_f
te_f_books_socialscience_02804,Telugu,1,te_f
te_f_finance_00902,Telugu,1,te_f
te_f_education_02097,Telugu,0,te_f
te_f_books_socialscience_02871,Telugu,0,te_f
te_f_education_01839,Telugu,0,te_f
te_f_weather_00952,Telugu,0,te_f
te_f_education_01154,Telugu,0,te_f
te_f_general_01086,Telugu,1,te_f
te_f_politics_00765,Telugu,0,te_f
te_f_books_socialscience_04569,Telugu,0,te_f
te_f_education_01943,Telugu,0,te_f
te_f_general_00226,Telugu,0,te_f
te_f_books_socialscience_00906,Telugu,0,te_f
te_f_books_socialscience_02437,Telugu,0,te_f
te_f_books_socialscience_06588,Telugu,1,te_f
te_f_books_socialscience_02807,Telugu,1,te_f
te_f_books_socialscience_07031,Telugu,0,te_f
te_f_education_02726,Telugu,0,te_f
te_f_books_socialscience_04140,Telugu,0,te_f
te_f_other_01228,Telugu,1,te_f
te_f_general_01869,Telugu,0,te_f
te_f_politics_03464,Telugu,0,te_f
te_f_books_socialscience_03946,Telugu,1,te_f
te_f_books_socialscience_02613,Telugu,1,te_f
te_f_politics_01504,Telugu,0,te_f
te_f_weather_01738,Telugu,0,te_f
te_f_other_00414,Telugu,0,te_f
te_f_books_socialscience_04560,Telugu,1,te_f
te_f_books_socialscience_07218,Telugu,1,te_f
te_f_health_00745,Telugu,0,te_f
te_f_books_socialscience_00514,Telugu,1,te_f
te_f_books_socialscience_00688,Telugu,0,te_f
te_f_books_socialscience_04671,Telugu,1,te_f
te_f_other_01445,Telugu,1,te_f
te_f_books_socialscience_06737,Telugu,1,te_f
te_f_other_02576,Telugu,1,te_f
te_f_education_00253,Telugu,0,te_f
te_f_finance_02671,Telugu,0,te_f
te_f_politics_00544,Telugu,0,te_f
te_f_other_02087,Telugu,0,te_f
te_f_other_02843,Telugu,0,te_f
te_f_books_socialscience_01245,Telugu,1,te_f
te_f_books_socialscience_03441,Telugu,0,te_f
te_f_books_socialscience_03743,Telugu,0,te_f
te_f_politics_01648,Telugu,0,te_f
te_f_agri_00890,Telugu,1,te_f
te_f_books_socialscience_06111,Telugu,1,te_f
te_f_finance_02403,Telugu,0,te_f
te_f_general_01609,Telugu,0,te_f
te_f_politics_01143,Telugu,0,te_f
te_f_books_socialscience_02813,Telugu,1,te_f
te_f_books_socialscience_06690,Telugu,0,te_f
te_f_books_socialscience_02131,Telugu,1,te_f
te_f_books_socialscience_02504,Telugu,1,te_f
te_f_politics_02729,Telugu,1,te_f
te_f_education_01666,Telugu,1,te_f
te_f_books_socialscience_06062,Telugu,1,te_f
te_f_general_00752,Telugu,0,te_f
te_f_books_socialscience_02369,Telugu,1,te_f
te_f_books_socialscience_05057,Telugu,0,te_f
te_f_books_socialscience_04881,Telugu,1,te_f
te_f_books_socialscience_07249,Telugu,1,te_f
te_f_politics_02620,Telugu,1,te_f
te_f_weather_02391,Telugu,0,te_f
te_f_general_02244,Telugu,0,te_f
te_f_general_00794,Telugu,0,te_f
te_f_weather_01057,Telugu,0,te_f
te_f_books_socialscience_04112,Telugu,0,te_f
te_f_finance_01665,Telugu,0,te_f
te_f_education_02643,Telugu,1,te_f
te_f_books_socialscience_06085,Telugu,1,te_f
te_f_politics_03138,Telugu,1,te_f
te_f_books_socialscience_01911,Telugu,1,te_f
te_f_books_socialscience_00482,Telugu,0,te_f
te_f_agri_02975,Telugu,1,te_f
te_f_books_socialscience_04871,Telugu,1,te_f
te_f_agri_01714,Telugu,1,te_f
te_f_finance_01055,Telugu,0,te_f
te_f_finance_00022,Telugu,1,te_f
te_f_books_socialscience_05890,Telugu,1,te_f
te_f_education_01426,Telugu,1,te_f
te_f_other_02599,Telugu,1,te_f
te_f_books_socialscience_00781,Telugu,1,te_f
te_f_weather_02278,Telugu,1,te_f
te_f_books_socialscience_01669,Telugu,1,te_f
te_f_other_03052,Telugu,1,te_f
te_f_books_socialscience_00629,Telugu,1,te_f
te_f_weather_02397,Telugu,0,te_f
te_f_agri_00183,Telugu,0,te_f
te_f_health_00151,Telugu,1,te_f
te_f_books_socialscience_06747,Telugu,0,te_f
te_f_books_socialscience_02719,Telugu,1,te_f
te_f_education_03309,Telugu,1,te_f
te_f_finance_01675,Telugu,0,te_f
te_f_books_socialscience_01978,Telugu,0,te_f
te_f_agri_01405,Telugu,1,te_f
te_f_weather_02682,Telugu,1,te_f
te_f_books_socialscience_03396,Telugu,1,te_f
te_f_politics_02289,Telugu,0,te_f
te_f_health_02036,Telugu,1,te_f
te_f_education_01696,Telugu,0,te_f
te_f_agri_02125,Telugu,0,te_f
te_f_books_socialscience_00835,Telugu,0,te_f
te_f_other_03049,Telugu,1,te_f
te_f_books_socialscience_03707,Telugu,0,te_f
te_f_agri_03023,Telugu,1,te_f
te_f_politics_00274,Telugu,0,te_f
te_f_books_socialscience_05048,Telugu,1,te_f
te_f_health_00752,Telugu,0,te_f
te_f_books_socialscience_06753,Telugu,1,te_f
te_f_finance_00982,Telugu,1,te_f
te_f_books_socialscience_05291,Telugu,0,te_f
te_f_agri_02999,Telugu,1,te_f
te_f_other_01618,Telugu,1,te_f
te_f_other_00752,Telugu,0,te_f
te_f_agri_02817,Telugu,1,te_f
te_f_books_socialscience_06273,Telugu,1,te_f
te_f_general_02328,Telugu,0,te_f
te_f_finance_01599,Telugu,1,te_f
te_f_books_socialscience_06118,Telugu,0,te_f
te_f_books_socialscience_01966,Telugu,1,te_f
te_f_books_socialscience_01492,Telugu,0,te_f
te_f_agri_02677,Telugu,0,te_f
te_f_books_socialscience_02479,Telugu,1,te_f
te_f_books_socialscience_01595,Telugu,0,te_f
te_f_health_02668,Telugu,0,te_f
te_f_other_02064,Telugu,0,te_f
te_f_education_01402,Telugu,0,te_f
te_f_agri_00347,Telugu,1,te_f
te_f_agri_01094,Telugu,0,te_f
te_f_books_socialscience_00933,Telugu,1,te_f
te_f_other_03329,Telugu,1,te_f
te_f_other_02353,Telugu,0,te_f
te_f_books_socialscience_00474,Telugu,0,te_f
te_f_agri_00513,Telugu,1,te_f
te_f_books_socialscience_03703,Telugu,1,te_f
te_f_general_01997,Telugu,0,te_f
te_f_politics_01962,Telugu,0,te_f
te_f_other_02279,Telugu,0,te_f
te_f_finance_00318,Telugu,1,te_f
te_f_books_socialscience_05280,Telugu,0,te_f
te_f_books_socialscience_03896,Telugu,0,te_f
te_f_weather_01919,Telugu,1,te_f
te_f_education_00597,Telugu,0,te_f
te_f_health_02104,Telugu,0,te_f
te_f_books_socialscience_01853,Telugu,1,te_f
te_f_books_socialscience_02996,Telugu,0,te_f
te_f_books_socialscience_07063,Telugu,1,te_f
te_f_finance_00540,Telugu,0,te_f
te_f_books_socialscience_07079,Telugu,0,te_f
te_f_agri_00391,Telugu,0,te_f
te_f_books_socialscience_03666,Telugu,1,te_f
te_f_books_socialscience_07281,Telugu,0,te_f
te_f_education_00717,Telugu,0,te_f
te_f_general_02406,Telugu,1,te_f
te_f_books_socialscience_04888,Telugu,1,te_f
te_f_finance_01296,Telugu,1,te_f
te_f_books_socialscience_05207,Telugu,0,te_f
te_f_politics_00551,Telugu,0,te_f
te_f_finance_00391,Telugu,1,te_f
te_f_finance_01443,Telugu,1,te_f
te_f_books_socialscience_02690,Telugu,0,te_f
te_f_finance_00046,Telugu,1,te_f
te_f_politics_01511,Telugu,1,te_f
te_f_books_socialscience_04986,Telugu,0,te_f
te_f_books_socialscience_01623,Telugu,1,te_f
te_f_agri_02768,Telugu,0,te_f
te_f_books_socialscience_02264,Telugu,0,te_f
te_f_books_socialscience_05444,Telugu,1,te_f
te_f_books_socialscience_05441,Telugu,1,te_f
te_f_education_03240,Telugu,0,te_f
te_f_books_socialscience_05526,Telugu,1,te_f
te_f_books_socialscience_00962,Telugu,1,te_f
te_f_books_socialscience_07458,Telugu,1,te_f
te_f_agri_02963,Telugu,0,te_f
te_f_books_socialscience_02071,Telugu,0,te_f
te_f_finance_01741,Telugu,0,te_f
te_f_books_socialscience_06264,Telugu,0,te_f
te_f_books_socialscience_01972,Telugu,0,te_f
te_f_books_socialscience_07272,Telugu,0,te_f
te_f_books_socialscience_00400,Telugu,0,te_f
te_f_books_socialscience_03358,Telugu,1,te_f
te_f_books_socialscience_06883,Telugu,1,te_f
te_f_education_00486,Telugu,1,te_f
te_f_politics_02567,Telugu,0,te_f
te_f_books_socialscience_00347,Telugu,0,te_f
te_f_finance_01653,Telugu,1,te_f
te_f_books_socialscience_04267,Telugu,1,te_f
te_f_books_socialscience_02117,Telugu,0,te_f
te_f_politics_01810,Telugu,0,te_f
te_f_agri_01075,Telugu,0,te_f
te_f_politics_00277,Telugu,1,te_f
te_f_books_socialscience_01769,Telugu,0,te_f
te_f_other_02017,Telugu,1,te_f
te_f_books_socialscience_02453,Telugu,0,te_f
te_f_other_00280,Telugu,1,te_f
te_f_agri_01064,Telugu,0,te_f
te_f_other_00953,Telugu,1,te_f
te_f_books_socialscience_02538,Telugu,0,te_f
te_f_books_socialscience_06634,Telugu,0,te_f
te_f_books_socialscience_05471,Telugu,1,te_f
te_f_other_02257,Telugu,1,te_f
te_f_weather_02199,Telugu,0,te_f
te_f_other_02470,Telugu,0,te_f
te_f_books_socialscience_01243,Telugu,0,te_f
te_f_education_02647,Telugu,1,te_f
te_f_books_socialscience_00888,Telugu,1,te_f
te_f_agri_02869,Telugu,0,te_f
te_f_finance_02498,Telugu,0,te_f
te_f_other_00121,Telugu,0,te_f
te_f_books_socialscience_01157,Telugu,1,te_f
te_f_books_socialscience_03755,Telugu,1,te_f
te_f_finance_01001,Telugu,1,te_f
te_f_finance_00242,Telugu,1,te_f
te_f_other_00825,Telugu,0,te_f
te_f_agri_02385,Telugu,1,te_f
te_f_politics_01172,Telugu,0,te_f
te_f_books_socialscience_03642,Telugu,0,te_f
te_f_education_02475,Telugu,1,te_f
te_f_other_02444,Telugu,1,te_f
te_f_books_socialscience_01543,Telugu,0,te_f
te_f_politics_00639,Telugu,0,te_f
te_f_education_01532,Telugu,1,te_f
te_f_books_socialscience_06778,Telugu,0,te_f
te_f_books_socialscience_05752,Telugu,1,te_f
te_f_education_00774,Telugu,1,te_f
te_f_finance_02587,Telugu,0,te_f
te_f_finance_01085,Telugu,0,te_f
te_f_education_01600,Telugu,0,te_f
te_f_politics_02641,Telugu,0,te_f
te_f_other_00123,Telugu,0,te_f
te_f_books_socialscience_01397,Telugu,1,te_f
te_f_books_socialscience_06504,Telugu,1,te_f
te_f_books_socialscience_01445,Telugu,1,te_f
te_f_health_00528,Telugu,1,te_f
te_f_finance_01357,Telugu,0,te_f
te_f_finance_02305,Telugu,1,te_f
te_f_agri_02221,Telugu,0,te_f
te_f_finance_02619,Telugu,0,te_f
te_f_education_00120,Telugu,0,te_f
te_f_general_01750,Telugu,1,te_f
te_f_weather_00436,Telugu,0,te_f
te_f_books_socialscience_04932,Telugu,0,te_f
te_f_other_02189,Telugu,0,te_f
te_f_weather_00563,Telugu,1,te_f
te_f_politics_00614,Telugu,1,te_f
te_f_books_socialscience_03130,Telugu,1,te_f
te_f_books_socialscience_05601,Telugu,0,te_f
te_f_general_01186,Telugu,1,te_f
te_f_politics_02757,Telugu,0,te_f
te_f_education_00704,Telugu,0,te_f
te_f_books_socialscience_03077,Telugu,0,te_f
te_f_politics_02834,Telugu,0,te_f
te_f_weather_02306,Telugu,0,te_f
te_f_education_00511,Telugu,0,te_f
te_f_finance_00740,Telugu,0,te_f
te_f_books_socialscience_06086,Telugu,0,te_f
te_f_books_socialscience_07309,Telugu,0,te_f
te_f_education_02809,Telugu,1,te_f
te_f_books_socialscience_05951,Telugu,0,te_f
te_f_books_socialscience_01217,Telugu,1,te_f
te_f_books_socialscience_02370,Telugu,0,te_f
te_f_other_03082,Telugu,0,te_f
te_f_books_socialscience_05627,Telugu,0,te_f
te_f_books_socialscience_01547,Telugu,0,te_f
te_f_finance_01260,Telugu,0,te_f
te_f_education_02123,Telugu,1,te_f
te_f_general_01211,Telugu,1,te_f
te_f_politics_02453,Telugu,1,te_f
te_f_agri_02713,Telugu,1,te_f
te_f_politics_00727,Telugu,0,te_f
te_f_books_socialscience_05150,Telugu,1,te_f
te_f_books_socialscience_06046,Telugu,0,te_f
te_f_books_socialscience_04066,Telugu,1,te_f
te_f_education_01599,Telugu,0,te_f
te_f_books_socialscience_06497,Telugu,0,te_f
te_f_politics_02721,Telugu,0,te_f
te_f_books_socialscience_07097,Telugu,1,te_f
te_f_finance_01872,Telugu,1,te_f
te_f_health_00064,Telugu,0,te_f
te_f_health_02941,Telugu,0,te_f
te_f_agri_00668,Telugu,0,te_f
te_f_books_socialscience_00925,Telugu,0,te_f
te_f_education_00627,Telugu,1,te_f
te_f_politics_02421,Telugu,1,te_f
te_f_agri_01879,Telugu,1,te_f
te_f_books_socialscience_04514,Telugu,1,te_f
te_f_agri_02648,Telugu,0,te_f
te_f_books_socialscience_05875,Telugu,0,te_f
te_f_politics_01413,Telugu,0,te_f
te_f_books_socialscience_00623,Telugu,1,te_f
te_f_agri_02706,Telugu,0,te_f
te_f_weather_01648,Telugu,0,te_f
te_f_politics_02454,Telugu,0,te_f
te_f_politics_03240,Telugu,1,te_f
te_f_general_01483,Telugu,0,te_f
te_f_agri_01254,Telugu,1,te_f
te_f_other_00301,Telugu,1,te_f
te_f_books_socialscience_02953,Telugu,0,te_f
te_f_education_01249,Telugu,1,te_f
te_f_education_01614,Telugu,1,te_f
te_f_books_socialscience_05351,Telugu,0,te_f
te_f_education_01661,Telugu,1,te_f
te_f_education_03064,Telugu,1,te_f
te_f_books_socialscience_01407,Telugu,1,te_f
te_f_weather_01192,Telugu,1,te_f
te_f_finance_01385,Telugu,0,te_f
te_f_agri_00072,Telugu,0,te_f
te_f_politics_01932,Telugu,0,te_f
te_f_books_socialscience_00989,Telugu,0,te_f
te_f_agri_02359,Telugu,1,te_f
te_f_books_socialscience_07402,Telugu,1,te_f
te_f_other_02983,Telugu,1,te_f
te_f_weather_02781,Telugu,0,te_f
te_f_agri_01484,Telugu,1,te_f
te_f_books_socialscience_06142,Telugu,1,te_f
te_f_books_socialscience_01579,Telugu,0,te_f
te_f_general_01485,Telugu,1,te_f
te_f_books_socialscience_05847,Telugu,1,te_f
te_f_politics_00407,Telugu,0,te_f
te_f_weather_01994,Telugu,0,te_f
te_f_finance_02444,Telugu,0,te_f
te_f_books_socialscience_02232,Telugu,0,te_f
te_f_books_socialscience_04990,Telugu,1,te_f
te_f_politics_02077,Telugu,1,te_f
te_f_books_socialscience_03959,Telugu,1,te_f
te_f_books_socialscience_03864,Telugu,0,te_f
te_f_education_01610,Telugu,0,te_f
te_f_finance_01265,Telugu,1,te_f
te_f_books_socialscience_01067,Telugu,0,te_f
te_f_other_01826,Telugu,1,te_f
te_f_books_socialscience_06888,Telugu,0,te_f
te_f_books_socialscience_02480,Telugu,1,te_f
te_f_finance_01973,Telugu,1,te_f
te_f_books_socialscience_01764,Telugu,1,te_f
te_f_general_00854,Telugu,1,te_f
te_f_politics_00699,Telugu,1,te_f
te_f_politics_01291,Telugu,0,te_f
te_f_agri_00207,Telugu,0,te_f
te_f_books_socialscience_02717,Telugu,0,te_f
te_f_health_00173,Telugu,1,te_f
te_f_books_socialscience_06678,Telugu,0,te_f
te_f_books_socialscience_02846,Telugu,0,te_f
te_f_general_02064,Telugu,0,te_f
te_f_weather_02016,Telugu,1,te_f
te_f_books_socialscience_01851,Telugu,1,te_f
te_f_books_socialscience_04348,Telugu,0,te_f
te_f_weather_00925,Telugu,0,te_f
te_f_finance_02034,Telugu,1,te_f
te_f_weather_02100,Telugu,1,te_f
te_f_health_02026,Telugu,1,te_f
te_f_books_socialscience_02791,Telugu,0,te_f
te_f_books_socialscience_01441,Telugu,1,te_f
te_f_books_socialscience_02558,Telugu,0,te_f
te_f_education_03522,Telugu,0,te_f
te_f_books_socialscience_05022,Telugu,0,te_f
te_f_books_socialscience_03943,Telugu,1,te_f
te_f_general_01124,Telugu,1,te_f
te_f_politics_01566,Telugu,1,te_f
te_f_other_02960,Telugu,0,te_f
te_f_books_socialscience_04700,Telugu,0,te_f
te_f_books_socialscience_06261,Telugu,0,te_f
te_f_books_socialscience_00437,Telugu,0,te_f
te_f_books_socialscience_01092,Telugu,0,te_f
te_f_weather_02528,Telugu,1,te_f
te_f_politics_03515,Telugu,1,te_f
te_f_other_00156,Telugu,1,te_f
te_f_education_01708,Telugu,1,te_f
te_f_books_socialscience_06401,Telugu,1,te_f
te_f_books_socialscience_06318,Telugu,0,te_f
te_f_politics_03280,Telugu,1,te_f
te_f_books_socialscience_06519,Telugu,0,te_f
te_f_books_socialscience_06343,Telugu,0,te_f
te_f_agri_00182,Telugu,1,te_f
te_f_finance_02141,Telugu,1,te_f
te_f_books_socialscience_00323,Telugu,0,te_f
te_f_education_01079,Telugu,0,te_f
te_f_books_socialscience_03367,Telugu,0,te_f
te_f_education_00430,Telugu,0,te_f
te_f_books_socialscience_02442,Telugu,1,te_f
te_f_books_socialscience_01765,Telugu,0,te_f
te_f_general_02024,Telugu,1,te_f
te_f_books_socialscience_02368,Telugu,0,te_f
te_f_books_socialscience_01457,Telugu,1,te_f
te_f_books_socialscience_02129,Telugu,1,te_f
te_f_books_socialscience_06920,Telugu,1,te_f
te_f_finance_00478,Telugu,1,te_f
te_f_politics_02046,Telugu,1,te_f
te_f_books_socialscience_07320,Telugu,1,te_f
te_f_books_socialscience_00488,Telugu,1,te_f
te_f_books_socialscience_04306,Telugu,1,te_f
te_f_books_socialscience_00802,Telugu,0,te_f
te_f_agri_00204,Telugu,1,te_f
te_f_agri_02903,Telugu,1,te_f
te_f_politics_01865,Telugu,1,te_f
te_f_finance_01759,Telugu,1,te_f
te_f_books_socialscience_03949,Telugu,1,te_f
te_f_politics_02802,Telugu,0,te_f
te_f_other_01087,Telugu,1,te_f
te_f_books_socialscience_03987,Telugu,1,te_f
te_f_books_socialscience_07356,Telugu,1,te_f
te_f_health_01410,Telugu,1,te_f
te_f_agri_01066,Telugu,0,te_f
te_f_books_socialscience_06340,Telugu,0,te_f
te_f_other_02447,Telugu,1,te_f
te_f_finance_00147,Telugu,1,te_f
te_f_books_socialscience_04496,Telugu,0,te_f
te_f_finance_02177,Telugu,1,te_f
te_f_general_01146,Telugu,0,te_f
te_f_agri_02046,Telugu,1,te_f
te_f_finance_00399,Telugu,1,te_f
te_f_health_02711,Telugu,0,te_f
te_f_politics_02771,Telugu,0,te_f
te_f_books_socialscience_04050,Telugu,0,te_f
te_f_education_00733,Telugu,0,te_f
te_f_other_02093,Telugu,0,te_f
te_f_general_01347,Telugu,1,te_f
te_f_books_socialscience_03682,Telugu,1,te_f
te_f_politics_02971,Telugu,0,te_f
te_f_politics_03688,Telugu,0,te_f
te_f_finance_01667,Telugu,0,te_f
te_f_books_socialscience_00531,Telugu,0,te_f
te_f_politics_01535,Telugu,1,te_f
te_f_politics_03527,Telugu,0,te_f
te_f_books_socialscience_06063,Telugu,1,te_f
te_f_politics_03273,Telugu,0,te_f
te_f_finance_00567,Telugu,1,te_f
te_f_books_socialscience_01063,Telugu,0,te_f
te_f_health_01422,Telugu,1,te_f
te_f_finance_01799,Telugu,0,te_f
te_f_books_socialscience_01464,Telugu,1,te_f
te_f_education_02411,Telugu,0,te_f
te_f_books_socialscience_07119,Telugu,0,te_f
te_f_education_00828,Telugu,1,te_f
te_f_books_socialscience_00822,Telugu,0,te_f
te_f_books_socialscience_00698,Telugu,1,te_f
te_f_books_socialscience_03681,Telugu,1,te_f
te_f_politics_01870,Telugu,1,te_f
te_f_education_00954,Telugu,1,te_f
te_f_finance_01029,Telugu,0,te_f
te_f_books_socialscience_03848,Telugu,0,te_f
te_f_politics_01186,Telugu,0,te_f
te_f_books_socialscience_04123,Telugu,1,te_f
te_f_agri_02769,Telugu,1,te_f
te_f_politics_03435,Telugu,1,te_f
te_f_other_01954,Telugu,1,te_f
te_f_other_00985,Telugu,0,te_f
te_f_education_01805,Telugu,1,te_f
te_f_books_socialscience_00627,Telugu,0,te_f
te_f_finance_01657,Telugu,0,te_f
te_f_education_01716,Telugu,0,te_f
te_f_general_01182,Telugu,0,te_f
te_f_politics_01591,Telugu,1,te_f
te_f_politics_00965,Telugu,1,te_f
te_f_books_socialscience_05042,Telugu,0,te_f
te_f_books_socialscience_00553,Telugu,0,te_f
te_f_general_01522,Telugu,1,te_f
te_f_books_socialscience_01928,Telugu,1,te_f
te_f_books_socialscience_01929,Telugu,1,te_f
te_f_general_01061,Telugu,1,te_f
te_f_books_socialscience_04301,Telugu,1,te_f
te_f_books_socialscience_05782,Telugu,0,te_f
te_f_books_socialscience_03538,Telugu,1,te_f
te_f_finance_01099,Telugu,0,te_f
te_f_books_socialscience_05004,Telugu,0,te_f
te_f_books_socialscience_00073,Telugu,0,te_f
te_f_general_02239,Telugu,1,te_f
te_f_books_socialscience_05844,Telugu,0,te_f
te_f_books_socialscience_01158,Telugu,1,te_f
te_f_other_01243,Telugu,0,te_f
te_f_books_socialscience_01803,Telugu,0,te_f
te_f_politics_02163,Telugu,0,te_f
te_f_books_socialscience_04154,Telugu,0,te_f
te_f_education_01514,Telugu,1,te_f
te_f_agri_02929,Telugu,1,te_f
te_f_politics_03454,Telugu,0,te_f
te_f_education_00603,Telugu,1,te_f
te_f_health_00781,Telugu,1,te_f
te_f_books_socialscience_02655,Telugu,0,te_f
te_f_books_socialscience_02865,Telugu,1,te_f
te_f_books_socialscience_07340,Telugu,1,te_f
te_f_general_00508,Telugu,0,te_f
te_f_agri_02261,Telugu,0,te_f
te_f_books_socialscience_04400,Telugu,1,te_f
te_f_other_02978,Telugu,0,te_f
te_f_finance_00421,Telugu,0,te_f
te_f_books_socialscience_07486,Telugu,1,te_f
te_f_books_socialscience_01098,Telugu,0,te_f
te_f_politics_00548,Telugu,0,te_f
te_f_books_socialscience_06394,Telugu,1,te_f
te_f_books_socialscience_01137,Telugu,1,te_f
te_f_books_socialscience_05493,Telugu,0,te_f
te_f_general_00672,Telugu,0,te_f
te_f_education_01998,Telugu,1,te_f
te_f_general_02076,Telugu,0,te_f
te_f_agri_01007,Telugu,0,te_f
te_f_education_01080,Telugu,1,te_f
te_f_weather_01946,Telugu,1,te_f
te_f_general_01865,Telugu,1,te_f
te_f_general_02101,Telugu,1,te_f
te_f_health_02200,Telugu,0,te_f
te_f_books_socialscience_03539,Telugu,1,te_f
hi_f_weather_02336,Hindi,0,hi_f
hi_f_books_01025,Hindi,0,hi_f
hi_f_weather_03314,Hindi,0,hi_f
hi_f_health_00406,Hindi,1,hi_f
hi_f_agri_00456,Hindi,0,hi_f
hi_f_health_00632,Hindi,1,hi_f
hi_f_finance_00523,Hindi,1,hi_f
hi_f_agri_02407,Hindi,0,hi_f
hi_f_books_08049,Hindi,1,hi_f
hi_f_health_02738,Hindi,1,hi_f
hi_f_books_08063,Hindi,0,hi_f
hi_f_books_02232,Hindi,0,hi_f
hi_f_weather_00467,Hindi,0,hi_f
hi_f_weather_02904,Hindi,0,hi_f
hi_f_general_01017,Hindi,0,hi_f
hi_f_books_03773,Hindi,1,hi_f
hi_f_agri_02309,Hindi,0,hi_f
hi_f_books_04670,Hindi,0,hi_f
hi_f_education_00681,Hindi,1,hi_f
hi_f_other_01351,Hindi,1,hi_f
hi_f_agri_02117,Hindi,1,hi_f
hi_f_books_00550,Hindi,1,hi_f
hi_f_weather_02914,Hindi,0,hi_f
hi_f_politics_00442,Hindi,1,hi_f
hi_f_agri_01156,Hindi,0,hi_f
hi_f_general_00431,Hindi,1,hi_f
hi_f_education_00671,Hindi,1,hi_f
hi_f_general_02637,Hindi,1,hi_f
hi_f_books_02509,Hindi,0,hi_f
hi_f_finance_02097,Hindi,1,hi_f
hi_f_books_08874,Hindi,0,hi_f
hi_f_other_02428,Hindi,0,hi_f
hi_f_other_00350,Hindi,1,hi_f
hi_f_general_02519,Hindi,1,hi_f
hi_f_books_02455,Hindi,1,hi_f
hi_f_general_01688,Hindi,0,hi_f
hi_f_politics_03093,Hindi,0,hi_f
hi_f_education_00484,Hindi,1,hi_f
hi_f_other_04656,Hindi,0,hi_f
hi_f_books_00611,Hindi,1,hi_f
hi_f_other_05338,Hindi,0,hi_f
hi_f_books_04429,Hindi,0,hi_f
hi_f_health_02876,Hindi,1,hi_f
hi_f_books_04684,Hindi,1,hi_f
hi_f_books_06205,Hindi,0,hi_f
hi_f_books_07005,Hindi,1,hi_f
hi_f_education_01638,Hindi,0,hi_f
hi_f_agri_02018,Hindi,1,hi_f
hi_f_education_02736,Hindi,1,hi_f
hi_f_books_04275,Hindi,1,hi_f
hi_f_general_03063,Hindi,1,hi_f
hi_f_other_01276,Hindi,0,hi_f
hi_f_politics_01907,Hindi,0,hi_f
hi_f_education_02330,Hindi,1,hi_f
hi_f_health_01594,Hindi,1,hi_f
hi_f_agri_00320,Hindi,0,hi_f
hi_f_books_04902,Hindi,0,hi_f
hi_f_other_00874,Hindi,1,hi_f
hi_f_other_04925,Hindi,1,hi_f
hi_f_books_01902,Hindi,1,hi_f
hi_f_general_01440,Hindi,1,hi_f
hi_f_finance_02093,Hindi,1,hi_f
hi_f_books_03172,Hindi,0,hi_f
hi_f_other_00128,Hindi,0,hi_f
hi_f_weather_02807,Hindi,1,hi_f
hi_f_books_05273,Hindi,1,hi_f
hi_f_books_03607,Hindi,0,hi_f
hi_f_politics_02353,Hindi,1,hi_f
hi_f_health_00458,Hindi,1,hi_f
hi_f_health_00030,Hindi,0,hi_f
hi_f_other_02898,Hindi,0,hi_f
hi_f_finance_00477,Hindi,1,hi_f
hi_f_books_05181,Hindi,0,hi_f
hi_f_general_00237,Hindi,0,hi_f
hi_f_books_01391,Hindi,0,hi_f
hi_f_education_00307,Hindi,1,hi_f
hi_f_books_05065,Hindi,0,hi_f
hi_f_books_01861,Hindi,1,hi_f
hi_f_education_02655,Hindi,0,hi_f
hi_f_agri_02385,Hindi,0,hi_f
hi_f_weather_02677,Hindi,1,hi_f
hi_f_other_00098,Hindi,0,hi_f
hi_f_finance_00585,Hindi,1,hi_f
hi_f_books_02373,Hindi,0,hi_f
hi_f_general_00700,Hindi,0,hi_f
hi_f_books_06826,Hindi,0,hi_f
hi_f_books_00139,Hindi,1,hi_f
hi_f_weather_02178,Hindi,0,hi_f
hi_f_books_05293,Hindi,0,hi_f
hi_f_education_00645,Hindi,1,hi_f
hi_f_politics_02607,Hindi,0,hi_f
hi_f_books_01191,Hindi,1,hi_f
hi_f_books_01418,Hindi,1,hi_f
hi_f_books_04217,Hindi,1,hi_f
hi_f_books_00966,Hindi,1,hi_f
hi_f_general_01653,Hindi,0,hi_f
hi_f_education_01898,Hindi,0,hi_f
hi_f_weather_01155,Hindi,0,hi_f
hi_f_weather_01959,Hindi,0,hi_f
hi_f_agri_02149,Hindi,1,hi_f
hi_f_finance_00411,Hindi,1,hi_f
hi_f_other_03287,Hindi,1,hi_f
hi_f_education_02702,Hindi,0,hi_f
hi_f_education_01707,Hindi,1,hi_f
hi_f_books_03741,Hindi,1,hi_f
hi_f_finance_01142,Hindi,0,hi_f
hi_f_general_00506,Hindi,0,hi_f
hi_f_politics_03782,Hindi,0,hi_f
hi_f_politics_03502,Hindi,1,hi_f
hi_f_other_03846,Hindi,0,hi_f
hi_f_weather_00488,Hindi,0,hi_f
hi_f_politics_02876,Hindi,0,hi_f
hi_f_weather_02718,Hindi,0,hi_f
hi_f_weather_02454,Hindi,0,hi_f
hi_f_other_02964,Hindi,0,hi_f
hi_f_other_05282,Hindi,0,hi_f
hi_f_politics_01089,Hindi,1,hi_f
hi_f_general_00393,Hindi,0,hi_f
hi_f_other_04446,Hindi,0,hi_f
hi_f_other_00068,Hindi,0,hi_f
hi_f_books_00627,Hindi,1,hi_f
hi_f_education_01764,Hindi,1,hi_f
hi_f_books_01787,Hindi,0,hi_f
hi_f_education_00720,Hindi,0,hi_f
hi_f_education_01817,Hindi,1,hi_f
hi_f_general_03105,Hindi,0,hi_f
hi_f_other_00423,Hindi,0,hi_f
hi_f_weather_02916,Hindi,0,hi_f
hi_f_books_01023,Hindi,0,hi_f
hi_f_education_00790,Hindi,0,hi_f
hi_f_education_02770,Hindi,1,hi_f
hi_f_books_05283,Hindi,0,hi_f
hi_f_education_00762,Hindi,1,hi_f
hi_f_books_07061,Hindi,0,hi_f
hi_f_other_02094,Hindi,1,hi_f
hi_f_other_01019,Hindi,1,hi_f
hi_f_weather_02576,Hindi,0,hi_f
hi_f_weather_02470,Hindi,0,hi_f
hi_f_finance_00764,Hindi,0,hi_f
hi_f_books_04488,Hindi,0,hi_f
hi_f_books_05290,Hindi,1,hi_f
hi_f_health_00038,Hindi,1,hi_f
hi_f_other_03887,Hindi,0,hi_f
hi_f_books_04677,Hindi,1,hi_f
hi_f_politics_03946,Hindi,0,hi_f
hi_f_weather_01546,Hindi,1,hi_f
hi_f_education_01548,Hindi,0,hi_f
hi_f_general_02781,Hindi,1,hi_f
hi_f_weather_02246,Hindi,1,hi_f
hi_f_books_01852,Hindi,0,hi_f
hi_f_general_00135,Hindi,1,hi_f
hi_f_books_01300,Hindi,1,hi_f
hi_f_politics_04183,Hindi,0,hi_f
hi_f_other_04855,Hindi,1,hi_f
hi_f_general_03097,Hindi,0,hi_f
hi_f_books_05078,Hindi,1,hi_f
hi_f_books_06924,Hindi,0,hi_f
hi_f_education_01451,Hindi,1,hi_f
hi_f_politics_00566,Hindi,0,hi_f
hi_f_books_00928,Hindi,1,hi_f
hi_f_books_03106,Hindi,1,hi_f
hi_f_general_01293,Hindi,1,hi_f
hi_f_books_04970,Hindi,1,hi_f
hi_f_general_02616,Hindi,1,hi_f
hi_f_health_02330,Hindi,1,hi_f
hi_f_education_01918,Hindi,1,hi_f
hi_f_finance_01919,Hindi,0,hi_f
hi_f_books_05957,Hindi,0,hi_f
hi_f_general_02084,Hindi,0,hi_f
hi_f_other_01875,Hindi,1,hi_f
hi_f_books_02966,Hindi,1,hi_f
hi_f_general_00806,Hindi,0,hi_f
hi_f_general_02150,Hindi,0,hi_f
hi_f_politics_01272,Hindi,1,hi_f
hi_f_health_01213,Hindi,1,hi_f
hi_f_other_01539,Hindi,1,hi_f
hi_f_books_04631,Hindi,1,hi_f
hi_f_general_02254,Hindi,0,hi_f
hi_f_weather_02937,Hindi,1,hi_f
hi_f_health_02955,Hindi,0,hi_f
hi_f_other_01083,Hindi,1,hi_f
hi_f_general_02310,Hindi,1,hi_f
hi_f_education_00589,Hindi,0,hi_f
hi_f_health_00999,Hindi,1,hi_f
hi_f_other_04150,Hindi,0,hi_f
hi_f_books_03717,Hindi,1,hi_f
hi_f_weather_02732,Hindi,0,hi_f
hi_f_books_08413,Hindi,0,hi_f
hi_f_books_02424,Hindi,1,hi_f
hi_f_books_06720,Hindi,1,hi_f
hi_f_education_00631,Hindi,1,hi_f
hi_f_books_06170,Hindi,1,hi_f
hi_f_agri_01793,Hindi,1,hi_f
hi_f_education_01117,Hindi,0,hi_f
hi_f_politics_03348,Hindi,0,hi_f
hi_f_weather_00193,Hindi,0,hi_f
hi_f_other_02302,Hindi,0,hi_f
hi_f_other_02238,Hindi,1,hi_f
hi_f_other_01157,Hindi,0,hi_f
hi_f_health_02047,Hindi,1,hi_f
hi_f_agri_01383,Hindi,0,hi_f
hi_f_politics_03659,Hindi,1,hi_f
hi_f_books_02467,Hindi,0,hi_f
hi_f_other_00349,Hindi,0,hi_f
hi_f_politics_03387,Hindi,0,hi_f
hi_f_weather_02636,Hindi,1,hi_f
hi_f_books_00610,Hindi,1,hi_f
hi_f_books_07138,Hindi,1,hi_f
hi_f_books_05178,Hindi,0,hi_f
hi_f_health_00127,Hindi,1,hi_f
hi_f_weather_03094,Hindi,1,hi_f
hi_f_health_02654,Hindi,0,hi_f
hi_f_books_08949,Hindi,1,hi_f
hi_f_weather_03373,Hindi,1,hi_f
hi_f_books_03484,Hindi,1,hi_f
hi_f_books_01584,Hindi,1,hi_f
hi_f_books_00908,Hindi,1,hi_f
hi_f_education_02388,Hindi,0,hi_f
hi_f_books_05828,Hindi,1,hi_f
hi_f_education_01965,Hindi,0,hi_f
hi_f_books_05678,Hindi,0,hi_f
hi_f_general_00742,Hindi,0,hi_f
hi_f_other_00830,Hindi,1,hi_f
hi_f_general_01478,Hindi,0,hi_f
hi_f_books_02095,Hindi,1,hi_f
hi_f_agri_00865,Hindi,1,hi_f
hi_f_books_05300,Hindi,1,hi_f
hi_f_books_05588,Hindi,0,hi_f
hi_f_books_08170,Hindi,1,hi_f
hi_f_weather_02584,Hindi,0,hi_f
hi_f_weather_02504,Hindi,1,hi_f
hi_f_books_08029,Hindi,0,hi_f
hi_f_finance_01248,Hindi,0,hi_f
hi_f_politics_01438,Hindi,1,hi_f
hi_f_general_01992,Hindi,0,hi_f
hi_f_books_05136,Hindi,1,hi_f
hi_f_general_00221,Hindi,0,hi_f
hi_f_weather_00679,Hindi,0,hi_f
hi_f_finance_00655,Hindi,0,hi_f
hi_f_agri_01922,Hindi,1,hi_f
hi_f_books_05098,Hindi,0,hi_f
hi_f_education_02587,Hindi,0,hi_f
hi_f_other_01987,Hindi,1,hi_f
hi_f_weather_03037,Hindi,0,hi_f
hi_f_weather_01478,Hindi,0,hi_f
hi_f_weather_00480,Hindi,1,hi_f
hi_f_weather_01927,Hindi,0,hi_f
hi_f_finance_01311,Hindi,0,hi_f
hi_f_weather_02549,Hindi,0,hi_f
hi_f_books_04390,Hindi,0,hi_f
hi_f_politics_01176,Hindi,1,hi_f
hi_f_politics_04047,Hindi,0,hi_f
hi_f_books_05886,Hindi,0,hi_f
hi_f_politics_03316,Hindi,0,hi_f
hi_f_books_03071,Hindi,0,hi_f
hi_f_general_01217,Hindi,1,hi_f
hi_f_books_08240,Hindi,1,hi_f
hi_f_weather_01470,Hindi,1,hi_f
hi_f_other_03796,Hindi,0,hi_f
hi_f_other_02224,Hindi,0,hi_f
hi_f_books_05554,Hindi,1,hi_f
hi_f_politics_04110,Hindi,0,hi_f
hi_f_agri_00711,Hindi,0,hi_f
hi_f_other_03190,Hindi,0,hi_f
hi_f_education_00225,Hindi,0,hi_f
hi_f_education_02310,Hindi,1,hi_f
hi_f_other_00421,Hindi,0,hi_f
hi_f_education_02626,Hindi,1,hi_f
hi_f_books_02052,Hindi,1,hi_f
hi_f_weather_03310,Hindi,0,hi_f
hi_f_books_04569,Hindi,0,hi_f
hi_f_other_01216,Hindi,1,hi_f
hi_f_books_02454,Hindi,1,hi_f
hi_f_books_01515,Hindi,1,hi_f
hi_f_other_01814,Hindi,1,hi_f
hi_f_books_00641,Hindi,1,hi_f
hi_f_finance_00623,Hindi,1,hi_f
hi_f_general_00706,Hindi,1,hi_f
hi_f_books_08203,Hindi,1,hi_f
hi_f_books_02046,Hindi,1,hi_f
hi_f_health_00381,Hindi,1,hi_f
hi_f_other_00762,Hindi,1,hi_f
hi_f_education_00275,Hindi,1,hi_f
hi_f_books_04028,Hindi,1,hi_f
hi_f_agri_02296,Hindi,0,hi_f
hi_f_weather_00170,Hindi,0,hi_f
hi_f_general_02379,Hindi,0,hi_f
hi_f_other_02503,Hindi,1,hi_f
hi_f_other_00314,Hindi,0,hi_f
hi_f_books_04146,Hindi,0,hi_f
hi_f_books_01180,Hindi,1,hi_f
hi_f_books_02362,Hindi,1,hi_f
hi_f_general_01103,Hindi,1,hi_f
hi_f_agri_00639,Hindi,0,hi_f
hi_f_books_00933,Hindi,0,hi_f
hi_f_weather_00827,Hindi,1,hi_f
hi_f_general_02202,Hindi,1,hi_f
hi_f_general_00286,Hindi,1,hi_f
hi_f_health_00462,Hindi,0,hi_f
hi_f_weather_01781,Hindi,1,hi_f
hi_f_general_01719,Hindi,0,hi_f
hi_f_health_01062,Hindi,0,hi_f
hi_f_other_05180,Hindi,1,hi_f
hi_f_books_05793,Hindi,1,hi_f
hi_f_other_01990,Hindi,0,hi_f
hi_f_other_01181,Hindi,1,hi_f
hi_f_general_00557,Hindi,1,hi_f
hi_f_agri_01335,Hindi,1,hi_f
hi_f_health_00882,Hindi,0,hi_f
hi_f_weather_00522,Hindi,0,hi_f
hi_f_books_05826,Hindi,1,hi_f
hi_f_politics_01582,Hindi,1,hi_f
hi_f_other_05157,Hindi,1,hi_f
hi_f_finance_01817,Hindi,1,hi_f
hi_f_education_02729,Hindi,1,hi_f
hi_f_books_06733,Hindi,1,hi_f
hi_f_education_02281,Hindi,0,hi_f
hi_f_books_03795,Hindi,0,hi_f
hi_f_politics_04420,Hindi,0,hi_f
hi_f_books_02729,Hindi,0,hi_f
hi_f_finance_02240,Hindi,0,hi_f
hi_f_books_00018,Hindi,1,hi_f
hi_f_books_06493,Hindi,1,hi_f
hi_f_weather_03374,Hindi,1,hi_f
hi_f_education_00338,Hindi,0,hi_f
hi_f_politics_01841,Hindi,0,hi_f
hi_f_other_01934,Hindi,1,hi_f
hi_f_politics_01868,Hindi,1,hi_f
hi_f_weather_01442,Hindi,1,hi_f
hi_f_books_05918,Hindi,0,hi_f
hi_f_books_08532,Hindi,1,hi_f
hi_f_books_01382,Hindi,0,hi_f
hi_f_finance_00188,Hindi,1,hi_f
hi_f_politics_03770,Hindi,1,hi_f
hi_f_general_00320,Hindi,0,hi_f
hi_f_general_00130,Hindi,0,hi_f
hi_f_agri_01498,Hindi,0,hi_f
hi_f_politics_01270,Hindi,0,hi_f
hi_f_finance_01646,Hindi,1,hi_f
hi_f_politics_03597,Hindi,0,hi_f
hi_f_politics_03831,Hindi,1,hi_f
hi_f_books_08341,Hindi,0,hi_f
hi_f_other_01387,Hindi,0,hi_f
hi_f_general_01220,Hindi,1,hi_f
hi_f_education_01319,Hindi,0,hi_f
hi_f_books_04844,Hindi,1,hi_f
hi_f_general_01581,Hindi,0,hi_f
hi_f_education_00444,Hindi,0,hi_f
hi_f_health_02639,Hindi,1,hi_f
hi_f_agri_00849,Hindi,0,hi_f
hi_f_general_01377,Hindi,0,hi_f
hi_f_books_03065,Hindi,0,hi_f
hi_f_education_01310,Hindi,1,hi_f
hi_f_politics_02306,Hindi,1,hi_f
hi_f_general_00319,Hindi,1,hi_f
hi_f_books_06052,Hindi,0,hi_f
hi_f_other_00724,Hindi,1,hi_f
hi_f_education_00226,Hindi,0,hi_f
hi_f_other_04700,Hindi,1,hi_f
hi_f_weather_02765,Hindi,1,hi_f
hi_f_books_05121,Hindi,0,hi_f
hi_f_books_00880,Hindi,1,hi_f
hi_f_health_02607,Hindi,0,hi_f
hi_f_finance_00865,Hindi,0,hi_f
hi_f_politics_02207,Hindi,0,hi_f
hi_f_books_06264,Hindi,1,hi_f
hi_f_weather_02412,Hindi,0,hi_f
hi_f_agri_00031,Hindi,1,hi_f
hi_f_books_02406,Hindi,1,hi_f
hi_f_politics_03422,Hindi,1,hi_f
hi_f_finance_00662,Hindi,1,hi_f
hi_f_general_02483,Hindi,1,hi_f
hi_f_other_04068,Hindi,0,hi_f
hi_f_health_00240,Hindi,1,hi_f
hi_f_education_00506,Hindi,0,hi_f
hi_f_politics_01485,Hindi,1,hi_f
hi_f_education_01857,Hindi,0,hi_f
hi_f_general_02995,Hindi,1,hi_f
hi_f_books_04988,Hindi,1,hi_f
hi_f_agri_02400,Hindi,1,hi_f
hi_f_health_00809,Hindi,0,hi_f
hi_f_education_00195,Hindi,1,hi_f
hi_f_agri_00169,Hindi,1,hi_f
hi_f_weather_00575,Hindi,0,hi_f
hi_f_books_08727,Hindi,0,hi_f
hi_f_other_01139,Hindi,1,hi_f
hi_f_politics_01992,Hindi,1,hi_f
hi_f_agri_00585,Hindi,0,hi_f
hi_f_health_02028,Hindi,1,hi_f
hi_f_finance_00774,Hindi,1,hi_f
hi_f_books_00148,Hindi,1,hi_f
hi_f_other_01346,Hindi,1,hi_f
hi_f_agri_01246,Hindi,1,hi_f
hi_f_books_05017,Hindi,0,hi_f
hi_f_agri_00796,Hindi,1,hi_f
hi_f_general_02622,Hindi,0,hi_f
hi_f_weather_03355,Hindi,0,hi_f
hi_f_books_05213,Hindi,1,hi_f
hi_f_books_04012,Hindi,0,hi_f
hi_f_general_03211,Hindi,1,hi_f
hi_f_politics_01115,Hindi,0,hi_f
hi_f_other_02493,Hindi,1,hi_f
hi_f_agri_00815,Hindi,1,hi_f
hi_f_weather_01108,Hindi,1,hi_f
hi_f_weather_02882,Hindi,1,hi_f
hi_f_general_02942,Hindi,1,hi_f
hi_f_agri_00488,Hindi,1,hi_f
hi_f_books_01591,Hindi,0,hi_f
hi_f_education_02755,Hindi,1,hi_f
hi_f_finance_00142,Hindi,1,hi_f
hi_f_health_00181,Hindi,0,hi_f
hi_f_agri_00355,Hindi,1,hi_f
hi_f_health_00479,Hindi,0,hi_f
hi_f_books_04285,Hindi,1,hi_f
hi_f_books_03238,Hindi,0,hi_f
hi_f_politics_00167,Hindi,0,hi_f
hi_f_education_02363,Hindi,0,hi_f
hi_f_general_01417,Hindi,1,hi_f
hi_f_education_00825,Hindi,0,hi_f
hi_f_books_02588,Hindi,1,hi_f
hi_f_other_01379,Hindi,1,hi_f
hi_f_general_02284,Hindi,0,hi_f
hi_f_politics_04155,Hindi,1,hi_f
hi_f_health_00933,Hindi,0,hi_f
hi_f_books_04182,Hindi,1,hi_f
hi_f_education_01920,Hindi,0,hi_f
hi_f_health_01212,Hindi,0,hi_f
hi_f_education_01036,Hindi,1,hi_f
hi_f_health_02085,Hindi,0,hi_f
hi_f_books_04387,Hindi,0,hi_f
hi_f_books_09026,Hindi,1,hi_f
hi_f_books_04519,Hindi,1,hi_f
hi_f_books_08564,Hindi,1,hi_f
hi_f_general_01621,Hindi,0,hi_f
hi_f_general_00948,Hindi,1,hi_f
hi_f_agri_01288,Hindi,0,hi_f
hi_f_books_01722,Hindi,0,hi_f
hi_f_weather_02193,Hindi,1,hi_f
hi_f_other_01842,Hindi,0,hi_f
hi_f_general_01144,Hindi,0,hi_f
hi_f_education_01131,Hindi,0,hi_f
hi_f_books_04562,Hindi,1,hi_f
hi_f_education_01217,Hindi,1,hi_f
hi_f_health_01357,Hindi,1,hi_f
hi_f_politics_02903,Hindi,1,hi_f
hi_f_health_01456,Hindi,0,hi_f
hi_f_books_04090,Hindi,1,hi_f
hi_f_agri_00073,Hindi,1,hi_f
hi_f_other_04207,Hindi,1,hi_f
hi_f_agri_00593,Hindi,0,hi_f
hi_f_agri_01974,Hindi,0,hi_f
hi_f_books_04136,Hindi,0,hi_f
hi_f_agri_00450,Hindi,0,hi_f
hi_f_health_00718,Hindi,1,hi_f
hi_f_books_02568,Hindi,1,hi_f
hi_f_books_01228,Hindi,0,hi_f
hi_f_education_00532,Hindi,1,hi_f
hi_f_other_05283,Hindi,0,hi_f
hi_f_weather_03265,Hindi,0,hi_f
hi_f_agri_02138,Hindi,1,hi_f
hi_f_agri_00754,Hindi,1,hi_f
hi_f_books_01917,Hindi,0,hi_f
hi_f_weather_02615,Hindi,0,hi_f
hi_f_finance_01501,Hindi,1,hi_f
hi_f_general_03015,Hindi,1,hi_f
hi_f_books_04427,Hindi,0,hi_f
hi_f_general_00414,Hindi,0,hi_f
hi_f_other_01587,Hindi,1,hi_f
hi_f_general_02902,Hindi,1,hi_f
hi_f_finance_01856,Hindi,0,hi_f
hi_f_finance_00967,Hindi,0,hi_f
hi_f_other_00176,Hindi,0,hi_f
hi_f_other_02211,Hindi,1,hi_f
hi_f_weather_03377,Hindi,1,hi_f
hi_f_books_00703,Hindi,0,hi_f
hi_f_books_00727,Hindi,0,hi_f
hi_f_general_00672,Hindi,1,hi_f
hi_f_books_03632,Hindi,1,hi_f
hi_f_books_05035,Hindi,0,hi_f
hi_f_education_01794,Hindi,0,hi_f
hi_f_weather_02395,Hindi,1,hi_f
hi_f_health_00150,Hindi,1,hi_f
hi_f_education_00055,Hindi,1,hi_f
hi_f_finance_01150,Hindi,0,hi_f
hi_f_books_04396,Hindi,0,hi_f
hi_f_books_04553,Hindi,0,hi_f
hi_f_books_03844,Hindi,1,hi_f
hi_f_other_04831,Hindi,1,hi_f
hi_f_general_01158,Hindi,1,hi_f
hi_f_education_02743,Hindi,0,hi_f
hi_f_politics_04162,Hindi,0,hi_f
hi_f_weather_01859,Hindi,1,hi_f
hi_f_books_04648,Hindi,0,hi_f
hi_f_weather_02873,Hindi,0,hi_f
hi_f_education_00125,Hindi,1,hi_f
hi_f_politics_00909,Hindi,0,hi_f
hi_f_weather_01473,Hindi,1,hi_f
hi_f_weather_00511,Hindi,1,hi_f
hi_f_education_00716,Hindi,0,hi_f
hi_f_other_05310,Hindi,0,hi_f
hi_f_education_00394,Hindi,1,hi_f
hi_f_health_02114,Hindi,0,hi_f
hi_f_weather_03294,Hindi,1,hi_f
hi_f_books_08322,Hindi,1,hi_f
hi_f_education_01502,Hindi,1,hi_f
hi_f_general_01061,Hindi,0,hi_f
hi_f_education_00607,Hindi,1,hi_f
hi_f_books_07112,Hindi,0,hi_f
hi_f_general_03070,Hindi,1,hi_f
hi_f_other_01775,Hindi,0,hi_f
hi_f_politics_02687,Hindi,1,hi_f
hi_f_education_02100,Hindi,1,hi_f
hi_f_health_02090,Hindi,0,hi_f
hi_f_education_02577,Hindi,0,hi_f
hi_f_agri_00625,Hindi,1,hi_f
hi_f_education_00029,Hindi,1,hi_f
hi_f_health_02118,Hindi,0,hi_f
hi_f_politics_00545,Hindi,1,hi_f
hi_f_weather_02875,Hindi,0,hi_f
hi_f_other_05261,Hindi,0,hi_f
hi_f_other_04944,Hindi,0,hi_f
hi_f_weather_02074,Hindi,1,hi_f
hi_f_other_00364,Hindi,0,hi_f
hi_f_general_01509,Hindi,1,hi_f
hi_f_general_01398,Hindi,0,hi_f
hi_f_education_01387,Hindi,1,hi_f
hi_f_politics_01523,Hindi,1,hi_f
hi_f_general_01094,Hindi,1,hi_f
hi_f_weather_00309,Hindi,0,hi_f
hi_f_books_02328,Hindi,1,hi_f
hi_f_health_00774,Hindi,0,hi_f
hi_f_education_01184,Hindi,1,hi_f
hi_f_books_03582,Hindi,0,hi_f
hi_f_books_02777,Hindi,0,hi_f
hi_f_health_00880,Hindi,0,hi_f
hi_f_books_04011,Hindi,0,hi_f
hi_f_weather_01588,Hindi,1,hi_f
hi_f_finance_01059,Hindi,0,hi_f
hi_f_books_00535,Hindi,0,hi_f
hi_f_finance_00862,Hindi,0,hi_f
hi_f_general_03079,Hindi,1,hi_f
hi_f_books_03087,Hindi,0,hi_f
hi_f_books_01306,Hindi,1,hi_f
hi_f_agri_01828,Hindi,0,hi_f
hi_f_weather_02857,Hindi,1,hi_f
hi_f_general_00052,Hindi,0,hi_f
hi_f_politics_00792,Hindi,0,hi_f
hi_f_general_01637,Hindi,1,hi_f
hi_f_other_00811,Hindi,0,hi_f
hi_f_health_00323,Hindi,0,hi_f
hi_f_books_06785,Hindi,0,hi_f
hi_f_weather_03262,Hindi,1,hi_f
hi_f_weather_03396,Hindi,1,hi_f
hi_f_weather_02696,Hindi,1,hi_f
hi_f_health_02101,Hindi,0,hi_f
hi_f_education_00274,Hindi,1,hi_f
hi_f_politics_01681,Hindi,1,hi_f
hi_f_health_00143,Hindi,0,hi_f
hi_f_books_06550,Hindi,1,hi_f
hi_f_books_00184,Hindi,0,hi_f
hi_f_books_00667,Hindi,0,hi_f
hi_f_other_02173,Hindi,0,hi_f
hi_f_books_05193,Hindi,1,hi_f
hi_f_weather_02632,Hindi,0,hi_f
hi_f_weather_02403,Hindi,0,hi_f
hi_f_health_00321,Hindi,1,hi_f
hi_f_weather_02249,Hindi,0,hi_f
hi_f_health_01987,Hindi,0,hi_f
hi_f_books_07447,Hindi,0,hi_f
hi_f_health_02843,Hindi,1,hi_f
hi_f_politics_03254,Hindi,0,hi_f
hi_f_books_04460,Hindi,1,hi_f
hi_f_other_03183,Hindi,1,hi_f
hi_f_education_01136,Hindi,0,hi_f
hi_f_books_04753,Hindi,1,hi_f
hi_f_weather_02656,Hindi,1,hi_f
hi_f_other_02779,Hindi,1,hi_f
hi_f_general_01668,Hindi,1,hi_f
hi_f_other_02125,Hindi,1,hi_f
hi_f_books_06250,Hindi,1,hi_f
hi_f_other_04849,Hindi,1,hi_f
hi_f_other_02548,Hindi,1,hi_f
hi_f_other_04304,Hindi,0,hi_f
hi_f_education_00726,Hindi,1,hi_f
hi_f_books_04870,Hindi,0,hi_f
hi_f_other_02496,Hindi,1,hi_f
hi_f_books_02482,Hindi,0,hi_f
hi_f_politics_04187,Hindi,0,hi_f
hi_f_weather_00789,Hindi,0,hi_f
hi_f_books_00591,Hindi,1,hi_f
hi_f_books_02101,Hindi,0,hi_f
hi_f_books_00989,Hindi,1,hi_f
hi_f_general_02411,Hindi,1,hi_f
hi_f_weather_02730,Hindi,0,hi_f
hi_f_education_00417,Hindi,1,hi_f
hi_f_other_01203,Hindi,0,hi_f
hi_f_weather_03315,Hindi,1,hi_f
hi_f_general_02249,Hindi,1,hi_f
hi_f_other_04770,Hindi,1,hi_f
hi_f_other_01320,Hindi,1,hi_f
hi_f_books_01522,Hindi,1,hi_f
hi_f_finance_00684,Hindi,1,hi_f
hi_f_agri_02070,Hindi,0,hi_f
hi_f_general_02156,Hindi,1,hi_f
hi_f_books_03414,Hindi,1,hi_f
hi_f_education_01889,Hindi,0,hi_f
hi_f_education_02108,Hindi,0,hi_f
hi_f_finance_00537,Hindi,1,hi_f
hi_f_general_03004,Hindi,1,hi_f
hi_f_agri_01221,Hindi,0,hi_f
hi_f_other_02097,Hindi,1,hi_f
hi_f_general_01887,Hindi,1,hi_f
hi_f_politics_01242,Hindi,0,hi_f
hi_f_general_02701,Hindi,1,hi_f
hi_f_weather_01773,Hindi,0,hi_f
hi_f_books_08198,Hindi,1,hi_f
hi_f_politics_00117,Hindi,0,hi_f
hi_f_books_05888,Hindi,1,hi_f
hi_f_education_00221,Hindi,1,hi_f
hi_f_books_05403,Hindi,0,hi_f
hi_f_books_00205,Hindi,1,hi_f
hi_f_politics_01257,Hindi,0,hi_f
hi_f_education_00903,Hindi,1,hi_f
hi_f_other_02831,Hindi,1,hi_f
hi_f_books_02596,Hindi,1,hi_f
hi_f_general_00503,Hindi,1,hi_f
hi_f_health_00356,Hindi,0,hi_f
hi_f_books_05186,Hindi,1,hi_f
hi_f_politics_03934,Hindi,1,hi_f
hi_f_health_02292,Hindi,0,hi_f
hi_f_books_08060,Hindi,1,hi_f
hi_f_politics_00150,Hindi,0,hi_f
hi_f_agri_01203,Hindi,0,hi_f
hi_f_other_01136,Hindi,1,hi_f
hi_f_weather_01291,Hindi,1,hi_f
hi_f_weather_01514,Hindi,0,hi_f
hi_f_books_03814,Hindi,1,hi_f
hi_f_general_00888,Hindi,1,hi_f
hi_f_other_00204,Hindi,0,hi_f
hi_f_books_00977,Hindi,0,hi_f
hi_f_other_03804,Hindi,0,hi_f
hi_f_books_03595,Hindi,1,hi_f
hi_f_education_00340,Hindi,0,hi_f
hi_f_other_01845,Hindi,1,hi_f
hi_f_weather_03345,Hindi,1,hi_f
hi_f_agri_02243,Hindi,0,hi_f
hi_f_weather_02982,Hindi,0,hi_f
hi_f_weather_02466,Hindi,0,hi_f
hi_f_weather_02947,Hindi,1,hi_f
hi_f_weather_00698,Hindi,0,hi_f
hi_f_finance_01554,Hindi,1,hi_f
hi_f_health_02991,Hindi,1,hi_f
hi_f_other_03794,Hindi,1,hi_f
hi_f_books_05082,Hindi,0,hi_f
hi_f_weather_00545,Hindi,1,hi_f
hi_f_general_00498,Hindi,1,hi_f
hi_f_books_02210,Hindi,1,hi_f
hi_f_education_02819,Hindi,0,hi_f
hi_f_education_00766,Hindi,1,hi_f
hi_f_books_05752,Hindi,1,hi_f
hi_f_books_03292,Hindi,1,hi_f
hi_f_books_01851,Hindi,1,hi_f
hi_f_general_00892,Hindi,1,hi_f
hi_f_health_01163,Hindi,1,hi_f
hi_f_other_03409,Hindi,0,hi_f
hi_f_health_00216,Hindi,1,hi_f
hi_f_general_02207,Hindi,0,hi_f
hi_f_weather_00521,Hindi,0,hi_f
hi_f_finance_02015,Hindi,1,hi_f
hi_f_other_00332,Hindi,0,hi_f
hi_f_other_01423,Hindi,0,hi_f
hi_f_education_00203,Hindi,0,hi_f
hi_f_health_01856,Hindi,0,hi_f
hi_f_politics_00012,Hindi,1,hi_f
hi_f_finance_00916,Hindi,0,hi_f
hi_f_education_00613,Hindi,1,hi_f
hi_f_books_04913,Hindi,0,hi_f
hi_f_books_05086,Hindi,0,hi_f
hi_f_general_00402,Hindi,0,hi_f
hi_f_education_00302,Hindi,0,hi_f
hi_f_weather_00106,Hindi,0,hi_f
hi_f_books_04442,Hindi,1,hi_f
hi_f_weather_00373,Hindi,1,hi_f
hi_f_other_02018,Hindi,1,hi_f
hi_f_books_02748,Hindi,1,hi_f
hi_f_education_02457,Hindi,0,hi_f
hi_f_agri_00389,Hindi,0,hi_f
hi_f_books_03835,Hindi,1,hi_f
hi_f_education_00529,Hindi,1,hi_f
hi_f_health_02677,Hindi,1,hi_f
hi_f_agri_01945,Hindi,0,hi_f
hi_f_health_00410,Hindi,0,hi_f
hi_f_books_05012,Hindi,0,hi_f
hi_f_books_04830,Hindi,0,hi_f
hi_f_finance_01475,Hindi,0,hi_f
hi_f_health_00983,Hindi,1,hi_f
hi_f_books_00776,Hindi,1,hi_f
hi_f_education_01637,Hindi,1,hi_f
hi_f_other_05320,Hindi,1,hi_f
hi_f_politics_03489,Hindi,0,hi_f
hi_f_books_02941,Hindi,0,hi_f
hi_f_general_00976,Hindi,1,hi_f
hi_f_general_01898,Hindi,1,hi_f
hi_f_general_01315,Hindi,1,hi_f
hi_f_other_03534,Hindi,0,hi_f
hi_f_health_00833,Hindi,1,hi_f
hi_f_politics_00034,Hindi,0,hi_f
hi_f_other_04785,Hindi,0,hi_f
hi_f_other_05344,Hindi,1,hi_f
hi_f_other_01236,Hindi,1,hi_f
hi_f_general_01820,Hindi,1,hi_f
hi_f_books_03147,Hindi,0,hi_f
hi_f_other_00240,Hindi,1,hi_f
hi_f_education_00730,Hindi,0,hi_f
hi_f_general_01405,Hindi,0,hi_f
hi_f_general_01211,Hindi,1,hi_f
hi_f_general_02627,Hindi,1,hi_f
hi_f_weather_03361,Hindi,0,hi_f
hi_f_books_08175,Hindi,0,hi_f
hi_f_other_00662,Hindi,1,hi_f
hi_f_books_03282,Hindi,0,hi_f
hi_f_books_00813,Hindi,0,hi_f
hi_f_education_01951,Hindi,1,hi_f
hi_f_agri_00692,Hindi,0,hi_f
hi_f_other_01575,Hindi,0,hi_f
hi_f_weather_00686,Hindi,1,hi_f
hi_f_health_01698,Hindi,1,hi_f
hi_f_general_03108,Hindi,0,hi_f
hi_f_books_07098,Hindi,0,hi_f
hi_f_finance_02213,Hindi,0,hi_f
hi_f_books_03392,Hindi,0,hi_f
hi_f_books_04832,Hindi,1,hi_f
hi_f_general_00287,Hindi,0,hi_f
hi_f_other_00241,Hindi,1,hi_f
hi_f_weather_00523,Hindi,0,hi_f
hi_f_agri_01668,Hindi,1,hi_f
hi_f_agri_02374,Hindi,1,hi_f
hi_f_education_01344,Hindi,1,hi_f
hi_f_agri_00935,Hindi,0,hi_f
hi_f_books_00337,Hindi,0,hi_f
hi_f_books_02126,Hindi,1,hi_f
hi_f_weather_03416,Hindi,1,hi_f
hi_f_politics_00464,Hindi,1,hi_f
hi_f_education_02486,Hindi,0,hi_f
hi_f_politics_00266,Hindi,0,hi_f
hi_f_general_00207,Hindi,1,hi_f
hi_f_politics_00924,Hindi,1,hi_f
hi_f_other_02028,Hindi,0,hi_f
hi_f_weather_03008,Hindi,1,hi_f
hi_f_books_00335,Hindi,0,hi_f
hi_f_finance_01168,Hindi,0,hi_f
hi_f_books_00003,Hindi,0,hi_f
hi_f_general_01438,Hindi,1,hi_f
hi_f_general_01262,Hindi,0,hi_f
hi_f_books_02173,Hindi,1,hi_f
hi_f_politics_00741,Hindi,0,hi_f
hi_f_books_08761,Hindi,0,hi_f
hi_f_weather_02437,Hindi,0,hi_f
hi_f_agri_00319,Hindi,1,hi_f
hi_f_weather_03191,Hindi,0,hi_f
hi_f_agri_01017,Hindi,1,hi_f
hi_f_books_04626,Hindi,1,hi_f
hi_f_general_00178,Hindi,1,hi_f
hi_f_other_00972,Hindi,1,hi_f
hi_f_books_01738,Hindi,0,hi_f
hi_f_education_02032,Hindi,1,hi_f
hi_f_books_03046,Hindi,0,hi_f
hi_f_weather_01472,Hindi,1,hi_f
hi_f_other_00106,Hindi,0,hi_f
hi_f_education_00244,Hindi,0,hi_f
hi_f_politics_02100,Hindi,1,hi_f
hi_f_education_02044,Hindi,0,hi_f
hi_f_other_01518,Hindi,1,hi_f
hi_f_books_01283,Hindi,0,hi_f
hi_f_health_00711,Hindi,0,hi_f
hi_f_books_04405,Hindi,1,hi_f
hi_f_education_02575,Hindi,1,hi_f
hi_f_books_01204,Hindi,0,hi_f
hi_f_general_01366,Hindi,0,hi_f
hi_f_books_03852,Hindi,0,hi_f
hi_f_agri_01086,Hindi,0,hi_f
hi_f_books_00147,Hindi,1,hi_f
hi_f_agri_01134,Hindi,1,hi_f
hi_f_education_02158,Hindi,0,hi_f
hi_f_weather_01630,Hindi,0,hi_f
hi_f_general_00445,Hindi,1,hi_f
hi_f_books_08475,Hindi,0,hi_f
hi_f_agri_02328,Hindi,0,hi_f
hi_f_books_02431,Hindi,0,hi_f
hi_f_weather_00474,Hindi,0,hi_f
hi_f_books_02464,Hindi,0,hi_f
hi_f_education_02431,Hindi,1,hi_f
hi_f_books_05113,Hindi,0,hi_f
hi_f_books_01793,Hindi,1,hi_f
hi_f_education_01981,Hindi,0,hi_f
hi_f_other_00601,Hindi,0,hi_f
hi_f_weather_03212,Hindi,1,hi_f
hi_f_health_00935,Hindi,0,hi_f
hi_f_other_00358,Hindi,0,hi_f
hi_f_finance_02023,Hindi,1,hi_f
hi_f_general_01505,Hindi,0,hi_f
hi_f_education_01473,Hindi,0,hi_f
hi_f_general_00855,Hindi,1,hi_f
hi_f_other_05092,Hindi,0,hi_f
hi_f_other_00127,Hindi,1,hi_f
hi_f_education_00161,Hindi,0,hi_f
hi_f_education_02721,Hindi,0,hi_f
hi_f_other_00092,Hindi,0,hi_f
hi_f_politics_01371,Hindi,1,hi_f
hi_f_education_00374,Hindi,1,hi_f
hi_f_other_00161,Hindi,1,hi_f
hi_f_general_00169,Hindi,0,hi_f
hi_f_general_02856,Hindi,0,hi_f
hi_f_other_01348,Hindi,1,hi_f
hi_f_finance_01187,Hindi,1,hi_f
hi_f_general_00218,Hindi,1,hi_f
hi_f_books_00520,Hindi,0,hi_f
hi_f_finance_01359,Hindi,0,hi_f
hi_f_books_05109,Hindi,0,hi_f
hi_f_general_01603,Hindi,1,hi_f
hi_f_politics_01416,Hindi,0,hi_f
hi_f_general_01057,Hindi,1,hi_f
hi_f_books_01183,Hindi,0,hi_f
hi_f_agri_01274,Hindi,0,hi_f
hi_f_education_02652,Hindi,1,hi_f
hi_f_other_04943,Hindi,0,hi_f
hi_f_general_01001,Hindi,0,hi_f
hi_f_general_00324,Hindi,1,hi_f
hi_f_books_01698,Hindi,1,hi_f
hi_f_books_05106,Hindi,1,hi_f
hi_f_politics_00482,Hindi,0,hi_f
hi_f_other_01611,Hindi,1,hi_f
hi_f_general_00091,Hindi,0,hi_f
hi_f_books_04439,Hindi,1,hi_f
hi_f_books_02459,Hindi,0,hi_f
hi_f_politics_03235,Hindi,1,hi_f
hi_f_general_02941,Hindi,1,hi_f
hi_f_politics_00086,Hindi,0,hi_f
hi_f_finance_01854,Hindi,1,hi_f
hi_f_books_03563,Hindi,0,hi_f
hi_f_health_02071,Hindi,0,hi_f
hi_f_education_01826,Hindi,1,hi_f
hi_f_other_05188,Hindi,0,hi_f
hi_f_finance_00571,Hindi,0,hi_f
hi_f_health_01106,Hindi,0,hi_f
hi_f_weather_02630,Hindi,0,hi_f
hi_f_agri_01315,Hindi,0,hi_f
hi_f_other_01974,Hindi,0,hi_f
hi_f_weather_02693,Hindi,0,hi_f
hi_f_books_04542,Hindi,1,hi_f
hi_f_agri_02255,Hindi,0,hi_f
hi_f_education_00977,Hindi,0,hi_f
hi_f_finance_01420,Hindi,0,hi_f
hi_f_agri_00817,Hindi,1,hi_f
hi_f_health_01159,Hindi,0,hi_f
hi_f_finance_01556,Hindi,1,hi_f
hi_f_general_01274,Hindi,1,hi_f
hi_f_education_00251,Hindi,1,hi_f
hi_f_general_01600,Hindi,0,hi_f
hi_f_books_02695,Hindi,0,hi_f
hi_f_weather_03417,Hindi,0,hi_f
hi_f_general_03027,Hindi,0,hi_f
hi_f_education_02346,Hindi,0,hi_f
hi_f_weather_00707,Hindi,1,hi_f
hi_f_books_06685,Hindi,0,hi_f
hi_f_politics_03275,Hindi,1,hi_f
hi_f_books_06911,Hindi,0,hi_f
hi_f_books_05993,Hindi,0,hi_f
hi_f_politics_00101,Hindi,1,hi_f
hi_f_general_02551,Hindi,0,hi_f
hi_f_books_00761,Hindi,1,hi_f
hi_f_weather_03213,Hindi,1,hi_f
hi_f_education_00285,Hindi,1,hi_f
hi_f_books_00807,Hindi,0,hi_f
hi_f_other_02651,Hindi,0,hi_f
hi_f_other_04667,Hindi,1,hi_f
hi_f_agri_01462,Hindi,1,hi_f
hi_f_books_02279,Hindi,0,hi_f
hi_f_books_03311,Hindi,1,hi_f
hi_f_books_03056,Hindi,1,hi_f
hi_f_education_02180,Hindi,1,hi_f
hi_f_other_00286,Hindi,1,hi_f
hi_f_books_04624,Hindi,0,hi_f
hi_f_general_01579,Hindi,0,hi_f
hi_f_weather_02415,Hindi,0,hi_f
hi_f_education_01814,Hindi,1,hi_f
hi_f_education_01411,Hindi,0,hi_f
hi_f_other_01058,Hindi,1,hi_f
hi_f_agri_00381,Hindi,1,hi_f
hi_f_weather_00202,Hindi,1,hi_f
hi_f_politics_03977,Hindi,1,hi_f
hi_f_other_00834,Hindi,1,hi_f
hi_f_health_02746,Hindi,0,hi_f
hi_f_books_03138,Hindi,0,hi_f
hi_f_agri_01341,Hindi,1,hi_f
hi_f_other_01688,Hindi,1,hi_f
hi_f_general_01289,Hindi,0,hi_f
hi_f_politics_02902,Hindi,0,hi_f
hi_f_general_01290,Hindi,1,hi_f
hi_f_other_02255,Hindi,1,hi_f
hi_f_books_00686,Hindi,1,hi_f
hi_f_finance_02007,Hindi,0,hi_f
hi_f_agri_00218,Hindi,1,hi_f
hi_f_other_01640,Hindi,1,hi_f
hi_f_other_03622,Hindi,1,hi_f
hi_f_education_02309,Hindi,0,hi_f
hi_f_books_06539,Hindi,1,hi_f
hi_f_agri_00423,Hindi,0,hi_f
hi_f_weather_02832,Hindi,0,hi_f
hi_f_health_00497,Hindi,0,hi_f
hi_f_health_01454,Hindi,1,hi_f
hi_f_education_02438,Hindi,1,hi_f
hi_f_books_02797,Hindi,0,hi_f
hi_f_agri_02369,Hindi,0,hi_f
hi_f_education_01626,Hindi,0,hi_f
hi_f_general_01935,Hindi,1,hi_f
hi_f_books_04278,Hindi,1,hi_f
hi_f_books_06029,Hindi,1,hi_f
hi_f_books_04630,Hindi,0,hi_f
hi_f_general_02730,Hindi,1,hi_f
hi_f_books_02977,Hindi,1,hi_f
hi_f_health_02589,Hindi,1,hi_f
hi_f_education_00723,Hindi,0,hi_f
hi_f_finance_00793,Hindi,0,hi_f
hi_f_books_02815,Hindi,1,hi_f
hi_f_books_05236,Hindi,0,hi_f
hi_f_politics_00421,Hindi,0,hi_f
hi_f_weather_00240,Hindi,0,hi_f
hi_f_general_02404,Hindi,0,hi_f
hi_f_health_00872,Hindi,0,hi_f
hi_f_finance_01544,Hindi,0,hi_f
hi_f_books_01554,Hindi,1,hi_f
hi_f_education_00663,Hindi,0,hi_f
hi_f_other_05333,Hindi,1,hi_f
hi_f_books_01831,Hindi,0,hi_f
hi_f_general_01191,Hindi,0,hi_f
hi_f_books_02486,Hindi,1,hi_f
hi_f_education_02423,Hindi,1,hi_f
hi_f_books_05362,Hindi,1,hi_f
hi_f_general_00253,Hindi,0,hi_f
hi_f_health_00418,Hindi,1,hi_f
hi_f_politics_03426,Hindi,1,hi_f
hi_f_education_00644,Hindi,0,hi_f
hi_f_other_05173,Hindi,0,hi_f
hi_f_other_02280,Hindi,1,hi_f
hi_f_finance_01181,Hindi,0,hi_f
hi_f_health_00644,Hindi,1,hi_f
hi_f_books_08775,Hindi,0,hi_f
hi_f_books_05183,Hindi,1,hi_f
hi_f_weather_02788,Hindi,1,hi_f
hi_f_other_01017,Hindi,1,hi_f
hi_f_general_00191,Hindi,1,hi_f
hi_f_health_01582,Hindi,0,hi_f
hi_f_books_00096,Hindi,0,hi_f
hi_f_education_01691,Hindi,0,hi_f
hi_f_agri_02339,Hindi,0,hi_f
hi_f_agri_02288,Hindi,0,hi_f
hi_f_politics_00895,Hindi,0,hi_f
hi_f_agri_00055,Hindi,0,hi_f
hi_f_politics_04275,Hindi,0,hi_f
hi_f_education_02621,Hindi,0,hi_f
hi_f_books_02690,Hindi,1,hi_f
hi_f_education_02079,Hindi,1,hi_f
hi_f_other_00851,Hindi,0,hi_f
hi_f_agri_01176,Hindi,0,hi_f
hi_f_other_00393,Hindi,1,hi_f
hi_f_books_05647,Hindi,1,hi_f
hi_f_health_00413,Hindi,0,hi_f
hi_f_finance_00325,Hindi,0,hi_f
hi_f_weather_02538,Hindi,1,hi_f
hi_f_politics_01546,Hindi,0,hi_f
hi_f_politics_01182,Hindi,1,hi_f
hi_f_general_00818,Hindi,0,hi_f
hi_f_books_03966,Hindi,0,hi_f
hi_f_finance_00153,Hindi,0,hi_f
hi_f_general_00412,Hindi,1,hi_f
hi_f_finance_00540,Hindi,0,hi_f
hi_f_books_02471,Hindi,0,hi_f
hi_f_other_00077,Hindi,0,hi_f
hi_f_general_02799,Hindi,0,hi_f
hi_f_health_01563,Hindi,0,hi_f
hi_f_other_04672,Hindi,1,hi_f
hi_f_books_02642,Hindi,0,hi_f
hi_f_general_01154,Hindi,1,hi_f
hi_f_education_01987,Hindi,1,hi_f
hi_f_politics_04394,Hindi,0,hi_f
hi_f_health_00338,Hindi,1,hi_f
hi_f_education_01176,Hindi,0,hi_f
hi_f_books_00521,Hindi,1,hi_f
hi_f_books_04385,Hindi,0,hi_f
hi_f_general_02924,Hindi,0,hi_f
hi_f_general_03112,Hindi,1,hi_f
hi_f_finance_01676,Hindi,1,hi_f
hi_f_health_02442,Hindi,0,hi_f
hi_f_general_00251,Hindi,1,hi_f
hi_f_politics_01292,Hindi,1,hi_f
hi_f_general_03005,Hindi,1,hi_f
hi_f_books_05258,Hindi,0,hi_f
hi_f_finance_01867,Hindi,0,hi_f
hi_f_other_01283,Hindi,0,hi_f
text3617,Odia,0,text3617
text0746,Odia,1,text0746
text1068,Odia,0,text1068
text3500,Odia,1,text3500
text0424,Odia,1,text0424
text4939,Odia,0,text4939
text0817,Odia,0,text0817
text3502,Odia,0,text3502
text4234,Odia,0,text4234
text4198,Odia,1,text4198
text4717,Odia,0,text4717
text3754,Odia,1,text3754
text3472,Odia,1,text3472
text4211,Odia,1,text4211
text4003,Odia,0,text4003
text3303,Odia,1,text3303
text5612,Odia,0,text5612
text4637,Odia,0,text4637
text1051,Odia,1,text1051
text4625,Odia,1,text4625
text4576,Odia,0,text4576
text5150,Odia,1,text5150
text5729,Odia,0,text5729
text4910,Odia,0,text4910
text3579,Odia,1,text3579
text3582,Odia,1,text3582
text1134,Odia,1,text1134
text5156,Odia,0,text5156
text4179,Odia,1,text4179
text0364,Odia,1,text0364
text4456,Odia,0,text4456
text4230,Odia,1,text4230
text4599,Odia,1,text4599
text2810,Odia,0,text2810
text3190,Odia,1,text3190
text2849,Odia,0,text2849
text3164,Odia,0,text3164
text4087,Odia,0,text4087
text5411,Odia,0,text5411
text0084,Odia,0,text0084
text4295,Odia,0,text4295
text2258,Odia,0,text2258
text3662,Odia,1,text3662
text3580,Odia,1,text3580
text1786,Odia,0,text1786
text0704,Odia,0,text0704
text0455,Odia,1,text0455
text4365,Odia,0,text4365
text0988,Odia,1,text0988
text1331,Odia,1,text1331
text4831,Odia,0,text4831
text5705,Odia,1,text5705
text2915,Odia,0,text2915
text0255,Odia,0,text0255
text5927,Odia,0,text5927
text5766,Odia,0,text5766
text1836,Odia,0,text1836
text4723,Odia,0,text4723
text5660,Odia,1,text5660
text3280,Odia,0,text3280
text2908,Odia,1,text2908
text5833,Odia,0,text5833
text3021,Odia,1,text3021
text5538,Odia,1,text5538
text4028,Odia,0,text4028
text5839,Odia,1,text5839
text1369,Odia,0,text1369
text0111,Odia,1,text0111
text3172,Odia,1,text3172
text0032,Odia,1,text0032
text3039,Odia,0,text3039
text0246,Odia,0,text0246
text4328,Odia,0,text4328
text2436,Odia,0,text2436
text0306,Odia,1,text0306
text5517,Odia,1,text5517
text0617,Odia,1,text0617
text0734,Odia,0,text0734
text5127,Odia,0,text5127
text2923,Odia,0,text2923
text0645,Odia,0,text0645
text3235,Odia,0,text3235
text5781,Odia,1,text5781
text5592,Odia,1,text5592
text2956,Odia,1,text2956
text1979,Odia,1,text1979
text4836,Odia,0,text4836
text1971,Odia,0,text1971
text0913,Odia,0,text0913
text2019,Odia,1,text2019
text1176,Odia,1,text1176
text2579,Odia,1,text2579
text0871,Odia,0,text0871
text3351,Odia,0,text3351
text3626,Odia,0,text3626
text3693,Odia,1,text3693
text4859,Odia,1,text4859
text4362,Odia,0,text4362
text1678,Odia,0,text1678
text4100,Odia,1,text4100
text0163,Odia,1,text0163
text0069,Odia,0,text0069
text1233,Odia,1,text1233
text1080,Odia,1,text1080
text4018,Odia,1,text4018
text4593,Odia,1,text4593
text5178,Odia,1,text5178
text4387,Odia,1,text4387
text5224,Odia,0,text5224
text5064,Odia,1,text5064
text2553,Odia,1,text2553
text4243,Odia,1,text4243
text5227,Odia,1,text5227
text5668,Odia,1,text5668
text0765,Odia,0,text0765
text4706,Odia,0,text4706
text0889,Odia,0,text0889
text0157,Odia,1,text0157
text0995,Odia,0,text0995
text5608,Odia,1,text5608
text5353,Odia,0,text5353
text2318,Odia,0,text2318
text4565,Odia,1,text4565
text3400,Odia,0,text3400
text5844,Odia,0,text5844
text3383,Odia,1,text3383
text4413,Odia,1,text4413
text1265,Odia,0,text1265
text5414,Odia,1,text5414
text1049,Odia,0,text1049
text3219,Odia,0,text3219
text1651,Odia,1,text1651
text3137,Odia,0,text3137
text0810,Odia,1,text0810
text0514,Odia,0,text0514
text4141,Odia,0,text4141
text4193,Odia,1,text4193
text5514,Odia,0,text5514
text1772,Odia,1,text1772
text0258,Odia,0,text0258
text5945,Odia,1,text5945
text1817,Odia,0,text1817
text0786,Odia,0,text0786
text0233,Odia,1,text0233
text2344,Odia,1,text2344
text0469,Odia,1,text0469
text3241,Odia,1,text3241
text5014,Odia,0,text5014
text3569,Odia,0,text3569
text3162,Odia,1,text3162
text3344,Odia,1,text3344
text0861,Odia,0,text0861
text4254,Odia,0,text4254
text0788,Odia,0,text0788
text3313,Odia,1,text3313
text4725,Odia,1,text4725
text0301,Odia,1,text0301
text3637,Odia,0,text3637
text5601,Odia,1,text5601
text5759,Odia,0,text5759
text3704,Odia,0,text3704
text1105,Odia,1,text1105
text0713,Odia,1,text0713
text4642,Odia,1,text4642
text1295,Odia,0,text1295
text1132,Odia,0,text1132
text0799,Odia,1,text0799
text5450,Odia,1,text5450
text5189,Odia,0,text5189
text2257,Odia,1,text2257
text2947,Odia,0,text2947
text3035,Odia,1,text3035
text5410,Odia,0,text5410
text0205,Odia,1,text0205
text5954,Odia,1,text5954
text3683,Odia,1,text3683
text4258,Odia,1,text4258
text2821,Odia,1,text2821
text2967,Odia,1,text2967
text3469,Odia,0,text3469
text0508,Odia,1,text0508
text2087,Odia,0,text2087
text5952,Odia,1,text5952
text0106,Odia,1,text0106
text1226,Odia,0,text1226
text0618,Odia,0,text0618
text3309,Odia,0,text3309
text3735,Odia,0,text3735
text0110,Odia,0,text0110
text5001,Odia,0,text5001
text0675,Odia,0,text0675
text5463,Odia,1,text5463
text1627,Odia,1,text1627
text2568,Odia,1,text2568
text5313,Odia,1,text5313
text5591,Odia,1,text5591
text4541,Odia,1,text4541
text5467,Odia,1,text5467
text1200,Odia,0,text1200
text1474,Odia,1,text1474
text1117,Odia,0,text1117
text2761,Odia,0,text2761
text4247,Odia,0,text4247
text4809,Odia,1,text4809
text5487,Odia,1,text5487
text2875,Odia,1,text2875
text0431,Odia,1,text0431
text4520,Odia,0,text4520
text4627,Odia,1,text4627
text3547,Odia,1,text3547
text5211,Odia,1,text5211
text5505,Odia,1,text5505
text4615,Odia,0,text4615
text3562,Odia,0,text3562
text0185,Odia,1,text0185
text4755,Odia,1,text4755
text4273,Odia,1,text4273
text1025,Odia,1,text1025
text5962,Odia,1,text5962
text4314,Odia,1,text4314
text4779,Odia,0,text4779
text5694,Odia,0,text5694
text3220,Odia,1,text3220
text1545,Odia,1,text1545
text0484,Odia,1,text0484
text1221,Odia,1,text1221
text1126,Odia,1,text1126
text1031,Odia,1,text1031
text1227,Odia,1,text1227
text4618,Odia,0,text4618
text2719,Odia,0,text2719
text0644,Odia,0,text0644
text2508,Odia,0,text2508
text1696,Odia,0,text1696
text0252,Odia,1,text0252
text3532,Odia,0,text3532
text4664,Odia,1,text4664
text4589,Odia,1,text4589
text0489,Odia,1,text0489
text3159,Odia,0,text3159
text4640,Odia,0,text4640
text5037,Odia,0,text5037
text5046,Odia,1,text5046
text1889,Odia,1,text1889
text4416,Odia,0,text4416
text0769,Odia,0,text0769
text1643,Odia,0,text1643
text3069,Odia,0,text3069
text4780,Odia,0,text4780
text4778,Odia,0,text4778
text5492,Odia,0,text5492
text5784,Odia,1,text5784
text4396,Odia,1,text4396
text5442,Odia,0,text5442
text3253,Odia,0,text3253
text3566,Odia,0,text3566
text0503,Odia,0,text0503
text5546,Odia,0,text5546
text5543,Odia,0,text5543
text3699,Odia,1,text3699
text0261,Odia,1,text0261
text2661,Odia,0,text2661
text5762,Odia,0,text5762
text1003,Odia,1,text1003
text5035,Odia,1,text5035
text0571,Odia,0,text0571
text2758,Odia,0,text2758
text0833,Odia,1,text0833
text2441,Odia,1,text2441
text5159,Odia,1,text5159
text3324,Odia,0,text3324
text3347,Odia,1,text3347
text5765,Odia,1,text5765
text3070,Odia,1,text3070
text4245,Odia,0,text4245
text0770,Odia,0,text0770
text4913,Odia,0,text4913
text4274,Odia,0,text4274
text5468,Odia,0,text5468
text2731,Odia,0,text2731
text4054,Odia,0,text4054
text2129,Odia,0,text2129
text0234,Odia,0,text0234
text3501,Odia,0,text3501
text5235,Odia,1,text5235
text4267,Odia,0,text4267
text1704,Odia,1,text1704
text5483,Odia,1,text5483
text0019,Odia,0,text0019
text4088,Odia,0,text4088
text5348,Odia,1,text5348
text0459,Odia,1,text0459
text1575,Odia,0,text1575
text0040,Odia,0,text0040
text4372,Odia,1,text4372
text2780,Odia,1,text2780
text0917,Odia,1,text0917
text5716,Odia,0,text5716
text2422,Odia,0,text2422
text5456,Odia,1,text5456
text5832,Odia,0,text5832
text3644,Odia,1,text3644
text5950,Odia,1,text5950
text5166,Odia,0,text5166
text0901,Odia,1,text0901
text4080,Odia,1,text4080
text0092,Odia,0,text0092
text5619,Odia,1,text5619
text0718,Odia,0,text0718
text5400,Odia,1,text5400
text3536,Odia,0,text3536
text0927,Odia,0,text0927
text5684,Odia,0,text5684
text3589,Odia,1,text3589
text0150,Odia,0,text0150
text0939,Odia,1,text0939
text5795,Odia,0,text5795
text0771,Odia,0,text0771
text3450,Odia,0,text3450
text4726,Odia,1,text4726
text1356,Odia,0,text1356
text4224,Odia,0,text4224
text0502,Odia,1,text0502
text3260,Odia,1,text3260
text2298,Odia,0,text2298
text3677,Odia,0,text3677
text5553,Odia,0,text5553
text4559,Odia,1,text4559
text3413,Odia,0,text3413
text5780,Odia,0,text5780
text5073,Odia,1,text5073
text1456,Odia,1,text1456
text5072,Odia,1,text5072
text4950,Odia,1,text4950
text5369,Odia,1,text5369
text0104,Odia,0,text0104
text4346,Odia,0,text4346
text1205,Odia,1,text1205
text1020,Odia,1,text1020
text4152,Odia,0,text4152
text1258,Odia,1,text1258
text5454,Odia,0,text5454
text1214,Odia,0,text1214
text4386,Odia,1,text4386
text3119,Odia,1,text3119
text0114,Odia,1,text0114
text2772,Odia,1,text2772
text5445,Odia,1,text5445
text2382,Odia,0,text2382
text2885,Odia,1,text2885
text2224,Odia,1,text2224
text5544,Odia,1,text5544
text1368,Odia,1,text1368
text4822,Odia,1,text4822
text4345,Odia,0,text4345
text3356,Odia,1,text3356
text1078,Odia,1,text1078
text5959,Odia,0,text5959
text5669,Odia,0,text5669
text0956,Odia,0,text0956
text2336,Odia,0,text2336
text0931,Odia,0,text0931
text5867,Odia,0,text5867
text2832,Odia,1,text2832
text4266,Odia,0,text4266
text5117,Odia,0,text5117
text4893,Odia,0,text4893
text2701,Odia,1,text2701
text1468,Odia,0,text1468
text0240,Odia,1,text0240
text3463,Odia,0,text3463
text4795,Odia,1,text4795
text5606,Odia,0,text5606
text1195,Odia,0,text1195
text3612,Odia,1,text3612
text0757,Odia,0,text0757
text3154,Odia,0,text3154
text0047,Odia,0,text0047
text5370,Odia,0,text5370
text0454,Odia,1,text0454
text2293,Odia,1,text2293
text4184,Odia,0,text4184
text4400,Odia,0,text4400
text2736,Odia,0,text2736
text0155,Odia,1,text0155
text5559,Odia,1,text5559
text0013,Odia,1,text0013
text0097,Odia,1,text0097
text5576,Odia,0,text5576
text0189,Odia,1,text0189
text0662,Odia,1,text0662
text5664,Odia,1,text5664
text5104,Odia,0,text5104
text1104,Odia,0,text1104
text1246,Odia,0,text1246
text5637,Odia,0,text5637
text3350,Odia,0,text3350
text0733,Odia,1,text0733
text2673,Odia,1,text2673
text5243,Odia,0,text5243
text0673,Odia,1,text0673
text2626,Odia,1,text2626
text5340,Odia,1,text5340
text0920,Odia,1,text0920
text2939,Odia,1,text2939
text3165,Odia,0,text3165
text0066,Odia,0,text0066
text0823,Odia,0,text0823
text0835,Odia,0,text0835
text5228,Odia,0,text5228
text0949,Odia,0,text0949
text2804,Odia,1,text2804
text5702,Odia,1,text5702
text4036,Odia,1,text4036
text5160,Odia,1,text5160
text4241,Odia,0,text4241
text0743,Odia,0,text0743
text5842,Odia,0,text5842
text5424,Odia,1,text5424
text5569,Odia,1,text5569
text4053,Odia,1,text4053
text4775,Odia,0,text4775
text3085,Odia,0,text3085
text3701,Odia,0,text3701
text2938,Odia,1,text2938
text5590,Odia,0,text5590
text5049,Odia,0,text5049
text2646,Odia,1,text2646
text4624,Odia,0,text4624
text1597,Odia,1,text1597
text5814,Odia,1,text5814
text3300,Odia,0,text3300
text0830,Odia,0,text0830
text3412,Odia,1,text3412
text0787,Odia,0,text0787
text2162,Odia,1,text2162
text3449,Odia,0,text3449
text4721,Odia,1,text4721
text0950,Odia,0,text0950
text2248,Odia,1,text2248
text2770,Odia,1,text2770
text1054,Odia,1,text1054
text5110,Odia,0,text5110
text4856,Odia,1,text4856
text3499,Odia,0,text3499
text2964,Odia,1,text2964
text1148,Odia,0,text1148
text3705,Odia,0,text3705
text0834,Odia,1,text0834
text4628,Odia,0,text4628
text3595,Odia,0,text3595
text2961,Odia,1,text2961
text4979,Odia,1,text4979
text2109,Odia,1,text2109
text4102,Odia,1,text4102
text3673,Odia,0,text3673
text3634,Odia,0,text3634
text1153,Odia,0,text1153
text4216,Odia,0,text4216
text0880,Odia,1,text0880
text0259,Odia,1,text0259
text0674,Odia,1,text0674
text3326,Odia,0,text3326
text4899,Odia,0,text4899
text5170,Odia,0,text5170
text0473,Odia,1,text0473
text5516,Odia,0,text5516
text5607,Odia,1,text5607
text0094,Odia,1,text0094
text0821,Odia,1,text0821
text1249,Odia,0,text1249
text3053,Odia,0,text3053
text3721,Odia,1,text3721
text0029,Odia,1,text0029
text2523,Odia,1,text2523
text3197,Odia,1,text3197
text0187,Odia,1,text0187
text5605,Odia,0,text5605
text0271,Odia,0,text0271
text3716,Odia,0,text3716
text4949,Odia,0,text4949
text2997,Odia,0,text2997
text1386,Odia,1,text1386
text3306,Odia,1,text3306
text4337,Odia,0,text4337
text4524,Odia,1,text4524
text5379,Odia,1,text5379
text3093,Odia,1,text3093
text5107,Odia,0,text5107
text5700,Odia,0,text5700
text5197,Odia,1,text5197
text3664,Odia,1,text3664
text5785,Odia,1,text5785
text4878,Odia,1,text4878
text5000,Odia,1,text5000
text4609,Odia,0,text4609
text3006,Odia,1,text3006
text0073,Odia,0,text0073
text4471,Odia,1,text4471
text3408,Odia,1,text3408
text0696,Odia,0,text0696
text4799,Odia,0,text4799
text5854,Odia,1,text5854
text5397,Odia,1,text5397
text5396,Odia,0,text5396
text0209,Odia,0,text0209
text1158,Odia,1,text1158
text0352,Odia,0,text0352
text4047,Odia,1,text4047
text5209,Odia,1,text5209
text0401,Odia,0,text0401
text5135,Odia,1,text5135
text4729,Odia,0,text4729
text2477,Odia,0,text2477
text4990,Odia,0,text4990
text4302,Odia,1,text4302
text1161,Odia,0,text1161
text5587,Odia,1,text5587
text5848,Odia,1,text5848
text5745,Odia,1,text5745
text1254,Odia,0,text1254
text0227,Odia,0,text0227
text0697,Odia,0,text0697
text1088,Odia,1,text1088
text1061,Odia,0,text1061
text0828,Odia,1,text0828
text5118,Odia,1,text5118
text3191,Odia,0,text3191
text1257,Odia,0,text1257
text4321,Odia,0,text4321
text4805,Odia,1,text4805
text3366,Odia,0,text3366
text1579,Odia,0,text1579
text0935,Odia,0,text0935
text4703,Odia,1,text4703
text5378,Odia,0,text5378
text0183,Odia,0,text0183
text4756,Odia,0,text4756
text5062,Odia,1,text5062
text5066,Odia,1,text5066
text4512,Odia,0,text4512
text5828,Odia,1,text5828
text4278,Odia,0,text4278
text4190,Odia,0,text4190
text3452,Odia,1,text3452
text3073,Odia,0,text3073
text0756,Odia,0,text0756
text0624,Odia,1,text0624
text4366,Odia,1,text4366
text5409,Odia,0,text5409
text5937,Odia,0,text5937
text5390,Odia,0,text5390
text4866,Odia,1,text4866
text3180,Odia,0,text3180
text4660,Odia,0,text4660
text0544,Odia,0,text0544
text4263,Odia,1,text4263
text3402,Odia,0,text3402
text4009,Odia,0,text4009
text5525,Odia,1,text5525
text0702,Odia,1,text0702
text1941,Odia,1,text1941
text3355,Odia,1,text3355
text3551,Odia,0,text3551
text5714,Odia,1,text5714
text2856,Odia,1,text2856
text0826,Odia,0,text0826
text3250,Odia,1,text3250
text3302,Odia,0,text3302
text2839,Odia,1,text2839
text3656,Odia,1,text3656
text4902,Odia,0,text4902
text4781,Odia,1,text4781
text0225,Odia,0,text0225
text2016,Odia,1,text2016
text5918,Odia,1,text5918
text2020,Odia,1,text2020
text1067,Odia,1,text1067
text0046,Odia,1,text0046
text2855,Odia,1,text2855
text0216,Odia,0,text0216
text4044,Odia,0,text4044
text1121,Odia,1,text1121
text5272,Odia,0,text5272
text4390,Odia,0,text4390
text0496,Odia,1,text0496
text1806,Odia,0,text1806
text0852,Odia,1,text0852
text5894,Odia,0,text5894
text2599,Odia,0,text2599
text1160,Odia,1,text1160
text5204,Odia,0,text5204
text5420,Odia,0,text5420
text0141,Odia,0,text0141
text1880,Odia,1,text1880
text0050,Odia,1,text0050
text0740,Odia,0,text0740
text1232,Odia,0,text1232
text4206,Odia,1,text4206
text3044,Odia,0,text3044
text0690,Odia,0,text0690
text5541,Odia,0,text5541
text5124,Odia,1,text5124
text4753,Odia,1,text4753
text5364,Odia,1,text5364
text0064,Odia,1,text0064
text3575,Odia,1,text3575
text1306,Odia,1,text1306
text0099,Odia,0,text0099
text2800,Odia,0,text2800
text0495,Odia,1,text0495
text0126,Odia,1,text0126
text0865,Odia,0,text0865
text1884,Odia,1,text1884
text4381,Odia,1,text4381
text3367,Odia,1,text3367
text2330,Odia,1,text2330
text1555,Odia,0,text1555
text2078,Odia,1,text2078
text5777,Odia,0,text5777
text0715,Odia,1,text0715
text4598,Odia,0,text4598
text1433,Odia,0,text1433
text0332,Odia,0,text0332
text4025,Odia,1,text4025
text4693,Odia,1,text4693
text3340,Odia,0,text3340
text3531,Odia,0,text3531
text3643,Odia,1,text3643
text5038,Odia,1,text5038
text3278,Odia,0,text3278
text0856,Odia,1,text0856
text3756,Odia,0,text3756
text1909,Odia,1,text1909
text4015,Odia,0,text4015
text0754,Odia,0,text0754
text0909,Odia,1,text0909
text3314,Odia,0,text3314
text0103,Odia,1,text0103
text4796,Odia,1,text4796
text0170,Odia,0,text0170
text5673,Odia,1,text5673
text2648,Odia,1,text2648
text4777,Odia,0,text4777
text0599,Odia,0,text0599
text4475,Odia,0,text4475
text2954,Odia,1,text2954
text4498,Odia,0,text4498
text5356,Odia,1,text5356
text5391,Odia,1,text5391
text5598,Odia,1,text5598
text4298,Odia,1,text4298
text1215,Odia,0,text1215
text3778,Odia,1,text3778
text3214,Odia,0,text3214
text3655,Odia,1,text3655
text3801,Odia,1,text3801
text5374,Odia,0,text5374
text2364,Odia,1,text2364
text3758,Odia,1,text3758
text3424,Odia,1,text3424
text0081,Odia,1,text0081
text2994,Odia,1,text2994
text0134,Odia,0,text0134
text1035,Odia,1,text1035
text5661,Odia,0,text5661
text2853,Odia,0,text2853
text3298,Odia,0,text3298
text0933,Odia,1,text0933
text5581,Odia,0,text5581
text5368,Odia,0,text5368
text0307,Odia,1,text0307
text4221,Odia,1,text4221
text4562,Odia,1,text4562
text4169,Odia,0,text4169
text1027,Odia,0,text1027
text4827,Odia,0,text4827
text0815,Odia,1,text0815
text1085,Odia,0,text1085
text0235,Odia,0,text0235
text0839,Odia,1,text0839
text1746,Odia,1,text1746
text0822,Odia,0,text0822
text5866,Odia,1,text5866
text4819,Odia,1,text4819
text4806,Odia,1,text4806
text4966,Odia,1,text4966
text2960,Odia,0,text2960
text0442,Odia,1,text0442
text5536,Odia,0,text5536
text1060,Odia,1,text1060
text5398,Odia,0,text5398
text0024,Odia,0,text0024
text3857,Odia,0,text3857
text5157,Odia,0,text5157
text0386,Odia,1,text0386
text3621,Odia,0,text3621
text0082,Odia,1,text0082
text3445,Odia,1,text3445
text5665,Odia,1,text5665
text5730,Odia,1,text5730
text4075,Odia,0,text4075
text0647,Odia,0,text0647
text0636,Odia,1,text0636
text3049,Odia,0,text3049
text1922,Odia,0,text1922
text0612,Odia,1,text0612
text4791,Odia,1,text4791
text4782,Odia,1,text4782
text0791,Odia,0,text0791
text3228,Odia,0,text3228
text4395,Odia,0,text4395
text3458,Odia,0,text3458
text4192,Odia,0,text4192
text4673,Odia,1,text4673
text1075,Odia,0,text1075
text4293,Odia,0,text4293
text5520,Odia,1,text5520
text3479,Odia,1,text3479
text0180,Odia,1,text0180
text2543,Odia,0,text2543
text5875,Odia,1,text5875
text5485,Odia,0,text5485
text3529,Odia,1,text3529
text3204,Odia,1,text3204
text0171,Odia,1,text0171
text3914,Odia,0,text3914
text2976,Odia,0,text2976
text3192,Odia,0,text3192
text4675,Odia,0,text4675
text5240,Odia,0,text5240
text5080,Odia,0,text5080
text0034,Odia,1,text0034
text4004,Odia,1,text4004
text4937,Odia,0,text4937
text4384,Odia,0,text4384
text5834,Odia,1,text5834
text0470,Odia,0,text0470
text2799,Odia,1,text2799
text0482,Odia,1,text0482
text1212,Odia,0,text1212
text4023,Odia,0,text4023
text2920,Odia,1,text2920
text5091,Odia,0,text5091
text2617,Odia,0,text2617
text3296,Odia,0,text3296
text3012,Odia,0,text3012
text2878,Odia,0,text2878
text1337,Odia,0,text1337
text5860,Odia,0,text5860
text4501,Odia,1,text4501
text3088,Odia,0,text3088
text3824,Odia,1,text3824
text5474,Odia,0,text5474
text3276,Odia,1,text3276
text3898,Odia,1,text3898
text2595,Odia,1,text2595
text1859,Odia,0,text1859
text0159,Odia,1,text0159
text1167,Odia,0,text1167
text3919,Odia,0,text3919
text3525,Odia,1,text3525
text0607,Odia,0,text0607
text4312,Odia,0,text4312
text5579,Odia,1,text5579
text4339,Odia,1,text4339
text5588,Odia,0,text5588
text3291,Odia,1,text3291
text0926,Odia,0,text0926
text5657,Odia,0,text5657
text3512,Odia,1,text3512
text4847,Odia,1,text4847
text1139,Odia,1,text1139
text1111,Odia,0,text1111
text3305,Odia,1,text3305
text1109,Odia,1,text1109
text2667,Odia,0,text2667
text5554,Odia,1,text5554
text4542,Odia,0,text4542
text2152,Odia,0,text2152
text5007,Odia,0,text5007
text2496,Odia,1,text2496
text2520,Odia,1,text2520
text0716,Odia,1,text0716
text4718,Odia,0,text4718
text5429,Odia,1,text5429
text5545,Odia,1,text5545
text0016,Odia,1,text0016
text2450,Odia,0,text2450
text5350,Odia,1,text5350
text0634,Odia,1,text0634
text1009,Odia,0,text1009
text3218,Odia,0,text3218
text5405,Odia,0,text5405
text3224,Odia,0,text3224
text5219,Odia,1,text5219
text4857,Odia,1,text4857
text3223,Odia,0,text3223
text0086,Odia,0,text0086
text4478,Odia,1,text4478
text0937,Odia,1,text0937
text5697,Odia,1,text5697
text2605,Odia,1,text2605
text0456,Odia,0,text0456
text2149,Odia,1,text2149
text3667,Odia,1,text3667
text2826,Odia,0,text2826
text5238,Odia,1,text5238
text2402,Odia,1,text2402
text2842,Odia,0,text2842
text3640,Odia,1,text3640
text5511,Odia,1,text5511
text4586,Odia,1,text4586
text4257,Odia,1,text4257
text4238,Odia,1,text4238
text5004,Odia,0,text5004
text3279,Odia,0,text3279
text0621,Odia,1,text0621
text4077,Odia,0,text4077
text3319,Odia,0,text3319
text4790,Odia,0,text4790
text1151,Odia,0,text1151
text1166,Odia,0,text1166
text4595,Odia,1,text4595
text1220,Odia,0,text1220
text4483,Odia,0,text4483
text3196,Odia,0,text3196
text0700,Odia,1,text0700
text3098,Odia,0,text3098
text1631,Odia,0,text1631
text0941,Odia,0,text0941
text0679,Odia,0,text0679
text0345,Odia,0,text0345
text3910,Odia,0,text3910
text0773,Odia,0,text0773
text4385,Odia,1,text4385
text4998,Odia,1,text4998
text0840,Odia,0,text0840
text3916,Odia,1,text3916
text1712,Odia,1,text1712
text4367,Odia,0,text4367
text1069,Odia,0,text1069
text1377,Odia,0,text1377
text3433,Odia,1,text3433
text4150,Odia,1,text4150
text0750,Odia,1,text0750
text3769,Odia,1,text3769
text4872,Odia,1,text4872
text5892,Odia,0,text5892
text2006,Odia,1,text2006
text0289,Odia,0,text0289
text0137,Odia,0,text0137
text3254,Odia,0,text3254
text4992,Odia,0,text4992
text3133,Odia,1,text3133
text2754,Odia,1,text2754
text4573,Odia,0,text4573
text1083,Odia,0,text1083
text1730,Odia,0,text1730
text3357,Odia,0,text3357
text3320,Odia,0,text3320
text4851,Odia,1,text4851
text3913,Odia,0,text3913
text2044,Odia,0,text2044
text0123,Odia,1,text0123
text2988,Odia,0,text2988
text1482,Odia,0,text1482
text4371,Odia,0,text4371
text3795,Odia,1,text3795
text4057,Odia,1,text4057
text5807,Odia,0,text5807
text3690,Odia,1,text3690
text3711,Odia,0,text3711
text5310,Odia,0,text5310
text4613,Odia,1,text4613
text4972,Odia,1,text4972
text3738,Odia,0,text3738
text1029,Odia,0,text1029
text2928,Odia,0,text2928
text1347,Odia,0,text1347
text3906,Odia,0,text3906
text0248,Odia,1,text0248
text1082,Odia,0,text1082
text0559,Odia,0,text0559
text0737,Odia,1,text0737
text3114,Odia,0,text3114
text1055,Odia,1,text1055
text3095,Odia,0,text3095
text4924,Odia,0,text4924
text3713,Odia,0,text3713
text4572,Odia,0,text4572
text0464,Odia,1,text0464
text5173,Odia,0,text5173
text4195,Odia,0,text4195
text3506,Odia,0,text3506
text3138,Odia,1,text3138
text3837,Odia,0,text3837
text3593,Odia,1,text3593
text0213,Odia,0,text0213
text3476,Odia,1,text3476
text3806,Odia,1,text3806
text0730,Odia,0,text0730
text0256,Odia,0,text0256
text5186,Odia,1,text5186
text4286,Odia,0,text4286
text3815,Odia,0,text3815
text3141,Odia,0,text3141
text5826,Odia,0,text5826
text5180,Odia,1,text5180
text3419,Odia,1,text3419
text3417,Odia,1,text3417
text0907,Odia,1,text0907
text4115,Odia,1,text4115
text1237,Odia,0,text1237
text0438,Odia,0,text0438
text2536,Odia,1,text2536
text0109,Odia,0,text0109
text0030,Odia,0,text0030
text3730,Odia,1,text3730
text1766,Odia,0,text1766
text4272,Odia,1,text4272
text2877,Odia,0,text2877
text3535,Odia,0,text3535
text0707,Odia,0,text0707
text4818,Odia,1,text4818
text3481,Odia,1,text3481
text5280,Odia,1,text5280
text4407,Odia,1,text4407
text4107,Odia,0,text4107
text0204,Odia,1,text0204
text4168,Odia,0,text4168
text1522,Odia,1,text1522
text1011,Odia,0,text1011
text5473,Odia,1,text5473
text2276,Odia,1,text2276
text0622,Odia,0,text0622
text3929,Odia,1,text3929
text5522,Odia,0,text5522
text1283,Odia,0,text1283
text2177,Odia,1,text2177
text2953,Odia,0,text2953
text4620,Odia,1,text4620
text4472,Odia,1,text4472
text5905,Odia,1,text5905
text0793,Odia,0,text0793
text3178,Odia,1,text3178
text3841,Odia,1,text3841
text0070,Odia,1,text0070
text5155,Odia,0,text5155
text4911,Odia,1,text4911
text1133,Odia,0,text1133
text1590,Odia,0,text1590
text0804,Odia,1,text0804
text3179,Odia,1,text3179
text4954,Odia,0,text4954
text3015,Odia,0,text3015
text3121,Odia,0,text3121
text3409,Odia,0,text3409
text0792,Odia,1,text0792
text0486,Odia,1,text0486
text4453,Odia,1,text4453
text2812,Odia,0,text2812
text4582,Odia,1,text4582
text0253,Odia,0,text0253
text0380,Odia,1,text0380
text0736,Odia,0,text0736
text4349,Odia,1,text4349
text0984,Odia,1,text0984
text1550,Odia,1,text1550
text4635,Odia,1,text4635
text5345,Odia,1,text5345
text4078,Odia,1,text4078
text3528,Odia,1,text3528
text4666,Odia,1,text4666
text4919,Odia,0,text4919
text0153,Odia,0,text0153
text0763,Odia,1,text0763
text5815,Odia,0,text5815
text5250,Odia,0,text5250
text1145,Odia,0,text1145
text5206,Odia,0,text5206
text4040,Odia,1,text4040
text3923,Odia,0,text3923
text1252,Odia,0,text1252
text0511,Odia,0,text0511
text1440,Odia,1,text1440
text4347,Odia,0,text4347
text5518,Odia,1,text5518
text1976,Odia,0,text1976
text4146,Odia,0,text4146
text3728,Odia,0,text3728
text4574,Odia,1,text4574
text0962,Odia,1,text0962
text0232,Odia,0,text0232
text3338,Odia,0,text3338
text4784,Odia,1,text4784
text5778,Odia,0,text5778
text0649,Odia,0,text0649
text2786,Odia,1,text2786
text5775,Odia,0,text5775
text4549,Odia,0,text4549
text4604,Odia,0,text4604
text5735,Odia,1,text5735
text4148,Odia,0,text4148
text4630,Odia,0,text4630
text1571,Odia,1,text1571
text1363,Odia,1,text1363
text1001,Odia,0,text1001
text3418,Odia,0,text3418
text0777,Odia,1,text0777
text4217,Odia,1,text4217
text5582,Odia,1,text5582
text4454,Odia,1,text4454
text3763,Odia,1,text3763
text4680,Odia,0,text4680
text2819,Odia,0,text2819
text3571,Odia,1,text3571
text1202,Odia,0,text1202
text3552,Odia,1,text3552
text4711,Odia,1,text4711
text4445,Odia,0,text4445
text3029,Odia,1,text3029
text5094,Odia,1,text5094
text1663,Odia,1,text1663
text3510,Odia,0,text3510
text3285,Odia,1,text3285
text0108,Odia,0,text0108
text4958,Odia,1,text4958
text1234,Odia,1,text1234
text4655,Odia,1,text4655
text2694,Odia,0,text2694
text3151,Odia,0,text3151
text3083,Odia,1,text3083
text1606,Odia,0,text1606
text0705,Odia,1,text0705
text5573,Odia,0,text5573
text0586,Odia,1,text0586
text5628,Odia,1,text5628
text0182,Odia,1,text0182
text3058,Odia,0,text3058
text0895,Odia,0,text0895
text5903,Odia,0,text5903
text3933,Odia,0,text3933
text3341,Odia,0,text3341
text0628,Odia,1,text0628
text5437,Odia,0,text5437
text2390,Odia,1,text2390
text0517,Odia,0,text0517
text4341,Odia,0,text4341
text2655,Odia,0,text2655
text2749,Odia,0,text2749
text5079,Odia,0,text5079
text0490,Odia,0,text0490
text3354,Odia,1,text3354
text5804,Odia,0,text5804
text4250,Odia,1,text4250
text0491,Odia,1,text0491
text5314,Odia,0,text5314
text4636,Odia,1,text4636
text4533,Odia,0,text4533
text4736,Odia,1,text4736
text3609,Odia,0,text3609
text3755,Odia,0,text3755
text2682,Odia,1,text2682
text3817,Odia,1,text3817
text0648,Odia,0,text0648
text3770,Odia,0,text3770
text1623,Odia,0,text1623
text4585,Odia,1,text4585
text0721,Odia,1,text0721
text0811,Odia,0,text0811
text0505,Odia,0,text0505
text3507,Odia,1,text3507
text4834,Odia,1,text4834
text1264,Odia,0,text1264
text3935,Odia,1,text3935
text0262,Odia,0,text0262
text5551,Odia,0,text5551
text2904,Odia,1,text2904
text1394,Odia,1,text1394
text4738,Odia,0,text4738
text3831,Odia,1,text3831
text3000,Odia,0,text3000
text5723,Odia,1,text5723
text1182,Odia,1,text1182
text4591,Odia,1,text4591
text5111,Odia,0,text5111
text5316,Odia,1,text5316
text4804,Odia,0,text4804
text5717,Odia,0,text5717
text3570,Odia,0,text3570
text1611,Odia,1,text1611
text1057,Odia,0,text1057
text1137,Odia,0,text1137
text5478,Odia,0,text5478
text2473,Odia,0,text2473
text1120,Odia,1,text1120
text2169,Odia,0,text2169
text5067,Odia,0,text5067
text4294,Odia,0,text4294
text0072,Odia,0,text0072
text4844,Odia,0,text4844
text1584,Odia,1,text1584
text3723,Odia,0,text3723
text2262,Odia,1,text2262
text5236,Odia,1,text5236
text5199,Odia,0,text5199
text3899,Odia,1,text3899
text3056,Odia,0,text3056
text3625,Odia,1,text3625
text0018,Odia,1,text0018
text3560,Odia,1,text3560
text5677,Odia,1,text5677
text0460,Odia,1,text0460
text0038,Odia,1,text0038
text3894,Odia,1,text3894
text5632,Odia,0,text5632
text5083,Odia,0,text5083
text1530,Odia,1,text1530
text4114,Odia,0,text4114
text3153,Odia,0,text3153
text5773,Odia,1,text5773
text4503,Odia,1,text4503
text1110,Odia,1,text1110
text4140,Odia,0,text4140
text1225,Odia,0,text1225
text0090,Odia,0,text0090
text4444,Odia,0,text4444
text5436,Odia,1,text5436
text4323,Odia,0,text4323
text4816,Odia,1,text4816
text0760,Odia,0,text0760
text1260,Odia,1,text1260
text3896,Odia,0,text3896
text0146,Odia,1,text0146
text3791,Odia,0,text3791
text3018,Odia,1,text3018
text2980,Odia,1,text2980
text3473,Odia,1,text3473
text2941,Odia,1,text2941
text5054,Odia,1,text5054
text0504,Odia,0,text0504
text1222,Odia,1,text1222
text5644,Odia,0,text5644
text2751,Odia,1,text2751
text4506,Odia,1,text4506
text1211,Odia,1,text1211
text0031,Odia,1,text0031
text3429,Odia,0,text3429
text4159,Odia,0,text4159
text4523,Odia,0,text4523
text4538,Odia,0,text4538
text0919,Odia,0,text0919
text5185,Odia,1,text5185
text0102,Odia,0,text0102
text2889,Odia,1,text2889
text2029,Odia,0,text2029
text5699,Odia,1,text5699
text1422,Odia,1,text1422
text5419,Odia,1,text5419
text3078,Odia,0,text3078
text2183,Odia,1,text2183
text5203,Odia,1,text5203
text1074,Odia,1,text1074
text4945,Odia,0,text4945
text3102,Odia,1,text3102
text5883,Odia,0,text5883
text0876,Odia,1,text0876
text4194,Odia,1,text4194
text3843,Odia,0,text3843
text2724,Odia,1,text2724
text5631,Odia,1,text5631
text3027,Odia,1,text3027
text3031,Odia,0,text3031
text5550,Odia,0,text5550
text3561,Odia,0,text3561
text5515,Odia,1,text5515
text3747,Odia,0,text3747
text0837,Odia,0,text0837
text0945,Odia,1,text0945
text3816,Odia,0,text3816
text0319,Odia,0,text0319
text0768,Odia,0,text0768
text5810,Odia,0,text5810
text0996,Odia,1,text0996
text3123,Odia,1,text3123
text1122,Odia,0,text1122
text5565,Odia,0,text5565
text0272,Odia,0,text0272
text5373,Odia,0,text5373
text3681,Odia,1,text3681
text4889,Odia,1,text4889
text0239,Odia,1,text0239
text0911,Odia,1,text0911
text3526,Odia,1,text3526
text3620,Odia,1,text3620
text3854,Odia,0,text3854
text5756,Odia,0,text5756
text3583,Odia,1,text3583
text3893,Odia,1,text3893
text2229,Odia,0,text2229
text1992,Odia,0,text1992
text4570,Odia,0,text4570
text0045,Odia,0,text0045
text0772,Odia,0,text0772
text0857,Odia,1,text0857
text5333,Odia,0,text5333
text1951,Odia,1,text1951
text0923,Odia,1,text0923
text4379,Odia,0,text4379
text2879,Odia,1,text2879
text0151,Odia,0,text0151
text0838,Odia,0,text0838
text0609,Odia,0,text0609
text5531,Odia,0,text5531
text0453,Odia,0,text0453
text1130,Odia,1,text1130
text4489,Odia,1,text4489
text4677,Odia,0,text4677
text2871,Odia,0,text2871
text0095,Odia,1,text0095
text4282,Odia,1,text4282
text5570,Odia,1,text5570
text0666,Odia,1,text0666
text3239,Odia,1,text3239
text0226,Odia,1,text0226
text3034,Odia,1,text3034
text1256,Odia,1,text1256
text4324,Odia,0,text4324
text1660,Odia,0,text1660
text4353,Odia,1,text4353
text3258,Odia,1,text3258
text5336,Odia,0,text5336
text1093,Odia,0,text1093
text5034,Odia,0,text5034
text2848,Odia,1,text2848
text0677,Odia,1,text0677
text1239,Odia,0,text1239
text3614,Odia,1,text3614
text4906,Odia,1,text4906
text3464,Odia,1,text3464
text1123,Odia,0,text1123
text4262,Odia,0,text4262
text0268,Odia,0,text0268
text0866,Odia,1,text0866
text4699,Odia,0,text4699
text2563,Odia,0,text2563
text3131,Odia,0,text3131
text0885,Odia,1,text0885
text5190,Odia,1,text5190
text2924,Odia,1,text2924
text2937,Odia,1,text2937
text5609,Odia,0,text5609
text4076,Odia,1,text4076
text3030,Odia,0,text3030
text4099,Odia,0,text4099
text0747,Odia,1,text0747
text5539,Odia,1,text5539
text4255,Odia,1,text4255
text0297,Odia,0,text0297
text5154,Odia,1,text5154
text4113,Odia,1,text4113
text3261,Odia,1,text3261
text5444,Odia,1,text5444
text4364,Odia,0,text4364
text3360,Odia,1,text3360
text2837,Odia,0,text2837
text4242,Odia,1,text4242
text3692,Odia,1,text3692
text4499,Odia,0,text4499
text5560,Odia,0,text5560
text2759,Odia,1,text2759
text3897,Odia,0,text3897
text1449,Odia,1,text1449
text3437,Odia,0,text3437
text0215,Odia,1,text0215
text0048,Odia,1,text0048
text4019,Odia,1,text4019
text4511,Odia,1,text4511
text1091,Odia,0,text1091
text5130,Odia,0,text5130
text2944,Odia,0,text2944
text3001,Odia,1,text3001
text1870,Odia,1,text1870
text3602,Odia,1,text3602
text3023,Odia,1,text3023
text1513,Odia,0,text1513
text5446,Odia,0,text5446
text2712,Odia,1,text2712
text3391,Odia,1,text3391
text5769,Odia,1,text5769
text4771,Odia,1,text4771
text2914,Odia,1,text2914
text4176,Odia,0,text4176
text3866,Odia,0,text3866
text4072,Odia,0,text4072
text1828,Odia,1,text1828
text5174,Odia,1,text5174
text1791,Odia,0,text1791
text4922,Odia,1,text4922
text5435,Odia,1,text5435
train_manipurimale_07733,Manipuri,1,train_manipurimale
train_manipurimale_03724,Manipuri,0,train_manipurimale
train_manipurimale_09648,Manipuri,1,train_manipurimale
train_manipurimale_06829,Manipuri,0,train_manipurimale
train_manipurimale_03431,Manipuri,1,train_manipurimale
train_manipurimale_08072,Manipuri,1,train_manipurimale
train_manipurimale_04762,Manipuri,0,train_manipurimale
train_manipurimale_00773,Manipuri,0,train_manipurimale
train_manipurimale_03272,Manipuri,1,train_manipurimale
train_manipurimale_09442,Manipuri,1,train_manipurimale
train_manipurimale_06820,Manipuri,1,train_manipurimale
train_manipurimale_06953,Manipuri,0,train_manipurimale
train_manipurimale_04462,Manipuri,0,train_manipurimale
train_manipurimale_07957,Manipuri,0,train_manipurimale
train_manipurimale_08663,Manipuri,1,train_manipurimale
train_manipurimale_08235,Manipuri,1,train_manipurimale
train_manipurimale_05852,Manipuri,1,train_manipurimale
train_manipurimale_05555,Manipuri,1,train_manipurimale
train_manipurimale_08157,Manipuri,0,train_manipurimale
train_manipurimale_03784,Manipuri,0,train_manipurimale
train_manipurimale_00474,Manipuri,1,train_manipurimale
train_manipurimale_06868,Manipuri,0,train_manipurimale
train_manipurimale_05595,Manipuri,0,train_manipurimale
train_manipurimale_04622,Manipuri,0,train_manipurimale
train_manipurimale_08331,Manipuri,0,train_manipurimale
train_manipurimale_04731,Manipuri,1,train_manipurimale
train_manipurimale_08918,Manipuri,0,train_manipurimale
train_manipurimale_06993,Manipuri,1,train_manipurimale
train_manipurimale_07274,Manipuri,1,train_manipurimale
train_manipurimale_04673,Manipuri,1,train_manipurimale
train_manipurimale_07267,Manipuri,1,train_manipurimale
train_manipurimale_02625,Manipuri,1,train_manipurimale
train_manipurimale_04972,Manipuri,0,train_manipurimale
train_manipurimale_05425,Manipuri,1,train_manipurimale
train_manipurimale_02379,Manipuri,0,train_manipurimale
train_manipurimale_03236,Manipuri,1,train_manipurimale
train_manipurimale_07377,Manipuri,0,train_manipurimale
train_manipurimale_00703,Manipuri,0,train_manipurimale
train_manipurimale_05344,Manipuri,1,train_manipurimale
train_manipurimale_04957,Manipuri,1,train_manipurimale
train_manipurimale_07582,Manipuri,1,train_manipurimale
train_manipurimale_02556,Manipuri,0,train_manipurimale
train_manipurimale_05593,Manipuri,1,train_manipurimale
train_manipurimale_07389,Manipuri,0,train_manipurimale
train_manipurimale_04530,Manipuri,0,train_manipurimale
train_manipurimale_00084,Manipuri,0,train_manipurimale
train_manipurimale_07617,Manipuri,0,train_manipurimale
train_manipurimale_04192,Manipuri,0,train_manipurimale
train_manipurimale_05590,Manipuri,1,train_manipurimale
train_manipurimale_00547,Manipuri,1,train_manipurimale
train_manipurimale_05937,Manipuri,0,train_manipurimale
train_manipurimale_04294,Manipuri,0,train_manipurimale
train_manipurimale_07701,Manipuri,0,train_manipurimale
train_manipurimale_00485,Manipuri,0,train_manipurimale
train_manipurimale_08577,Manipuri,1,train_manipurimale
train_manipurimale_08479,Manipuri,0,train_manipurimale
train_manipurimale_04159,Manipuri,1,train_manipurimale
train_manipurimale_06144,Manipuri,1,train_manipurimale
train_manipurimale_07619,Manipuri,1,train_manipurimale
train_manipurimale_06978,Manipuri,1,train_manipurimale
train_manipurimale_03714,Manipuri,1,train_manipurimale
train_manipurimale_05372,Manipuri,1,train_manipurimale
train_manipurimale_06838,Manipuri,0,train_manipurimale
train_manipurimale_08754,Manipuri,0,train_manipurimale
train_manipurimale_05459,Manipuri,1,train_manipurimale
train_manipurimale_02909,Manipuri,1,train_manipurimale
train_manipurimale_03377,Manipuri,1,train_manipurimale
train_manipurimale_04099,Manipuri,0,train_manipurimale
train_manipurimale_06656,Manipuri,1,train_manipurimale
train_manipurimale_08982,Manipuri,0,train_manipurimale
train_manipurimale_07592,Manipuri,1,train_manipurimale
train_manipurimale_03306,Manipuri,0,train_manipurimale
train_manipurimale_07278,Manipuri,1,train_manipurimale
train_manipurimale_00899,Manipuri,0,train_manipurimale
train_manipurimale_04587,Manipuri,1,train_manipurimale
train_manipurimale_03534,Manipuri,0,train_manipurimale
train_manipurimale_05471,Manipuri,1,train_manipurimale
train_manipurimale_06111,Manipuri,0,train_manipurimale
train_manipurimale_06383,Manipuri,0,train_manipurimale
train_manipurimale_06544,Manipuri,0,train_manipurimale
train_manipurimale_01754,Manipuri,0,train_manipurimale
train_manipurimale_05107,Manipuri,0,train_manipurimale
train_manipurimale_01718,Manipuri,0,train_manipurimale
train_manipurimale_02514,Manipuri,1,train_manipurimale
train_manipurimale_01483,Manipuri,0,train_manipurimale
train_manipurimale_00688,Manipuri,1,train_manipurimale
train_manipurimale_06056,Manipuri,0,train_manipurimale
train_manipurimale_07608,Manipuri,1,train_manipurimale
train_manipurimale_02062,Manipuri,0,train_manipurimale
train_manipurimale_03321,Manipuri,1,train_manipurimale
train_manipurimale_00093,Manipuri,1,train_manipurimale
train_manipurimale_09552,Manipuri,1,train_manipurimale
train_manipurimale_03088,Manipuri,0,train_manipurimale
train_manipurimale_02908,Manipuri,0,train_manipurimale
train_manipurimale_02080,Manipuri,1,train_manipurimale
train_manipurimale_08318,Manipuri,1,train_manipurimale
train_manipurimale_05277,Manipuri,1,train_manipurimale
train_manipurimale_04067,Manipuri,0,train_manipurimale
train_manipurimale_09602,Manipuri,0,train_manipurimale
train_manipurimale_01471,Manipuri,1,train_manipurimale
train_manipurimale_04574,Manipuri,1,train_manipurimale
train_manipurimale_00335,Manipuri,1,train_manipurimale
train_manipurimale_03293,Manipuri,1,train_manipurimale
train_manipurimale_08410,Manipuri,1,train_manipurimale
train_manipurimale_00770,Manipuri,0,train_manipurimale
train_manipurimale_05066,Manipuri,1,train_manipurimale
train_manipurimale_07954,Manipuri,0,train_manipurimale
train_manipurimale_02209,Manipuri,0,train_manipurimale
train_manipurimale_02358,Manipuri,0,train_manipurimale
train_manipurimale_05986,Manipuri,0,train_manipurimale
train_manipurimale_07694,Manipuri,1,train_manipurimale
train_manipurimale_00080,Manipuri,0,train_manipurimale
train_manipurimale_03187,Manipuri,0,train_manipurimale
train_manipurimale_08823,Manipuri,0,train_manipurimale
train_manipurimale_07646,Manipuri,0,train_manipurimale
train_manipurimale_04672,Manipuri,1,train_manipurimale
train_manipurimale_02835,Manipuri,0,train_manipurimale
train_manipurimale_01956,Manipuri,0,train_manipurimale
train_manipurimale_06499,Manipuri,1,train_manipurimale
train_manipurimale_03583,Manipuri,0,train_manipurimale
train_manipurimale_08818,Manipuri,1,train_manipurimale
train_manipurimale_01654,Manipuri,0,train_manipurimale
train_manipurimale_07767,Manipuri,0,train_manipurimale
train_manipurimale_07855,Manipuri,0,train_manipurimale
train_manipurimale_05800,Manipuri,1,train_manipurimale
train_manipurimale_09026,Manipuri,0,train_manipurimale
train_manipurimale_06502,Manipuri,0,train_manipurimale
train_manipurimale_07709,Manipuri,1,train_manipurimale
train_manipurimale_08060,Manipuri,0,train_manipurimale
train_manipurimale_08793,Manipuri,0,train_manipurimale
train_manipurimale_01100,Manipuri,1,train_manipurimale
train_manipurimale_04322,Manipuri,0,train_manipurimale
train_manipurimale_01140,Manipuri,0,train_manipurimale
train_manipurimale_00338,Manipuri,1,train_manipurimale
train_manipurimale_03243,Manipuri,0,train_manipurimale
train_manipurimale_02397,Manipuri,1,train_manipurimale
train_manipurimale_08188,Manipuri,1,train_manipurimale
train_manipurimale_09091,Manipuri,0,train_manipurimale
train_manipurimale_05040,Manipuri,0,train_manipurimale
train_manipurimale_06620,Manipuri,0,train_manipurimale
train_manipurimale_01655,Manipuri,0,train_manipurimale
train_manipurimale_07670,Manipuri,0,train_manipurimale
train_manipurimale_02976,Manipuri,1,train_manipurimale
train_manipurimale_04997,Manipuri,1,train_manipurimale
train_manipurimale_02233,Manipuri,0,train_manipurimale
train_manipurimale_09010,Manipuri,1,train_manipurimale
train_manipurimale_00868,Manipuri,1,train_manipurimale
train_manipurimale_09255,Manipuri,0,train_manipurimale
train_manipurimale_02050,Manipuri,0,train_manipurimale
train_manipurimale_09152,Manipuri,1,train_manipurimale
train_manipurimale_08368,Manipuri,1,train_manipurimale
train_manipurimale_01185,Manipuri,0,train_manipurimale
train_manipurimale_00800,Manipuri,0,train_manipurimale
train_manipurimale_07666,Manipuri,1,train_manipurimale
train_manipurimale_00101,Manipuri,0,train_manipurimale
train_manipurimale_06004,Manipuri,1,train_manipurimale
train_manipurimale_07778,Manipuri,0,train_manipurimale
train_manipurimale_04076,Manipuri,1,train_manipurimale
train_manipurimale_09155,Manipuri,0,train_manipurimale
train_manipurimale_06063,Manipuri,1,train_manipurimale
train_manipurimale_00956,Manipuri,1,train_manipurimale
train_manipurimale_00657,Manipuri,0,train_manipurimale
train_manipurimale_00599,Manipuri,0,train_manipurimale
train_manipurimale_03787,Manipuri,1,train_manipurimale
train_manipurimale_06682,Manipuri,1,train_manipurimale
train_manipurimale_07700,Manipuri,0,train_manipurimale
train_manipurimale_09739,Manipuri,0,train_manipurimale
train_manipurimale_07385,Manipuri,1,train_manipurimale
train_manipurimale_07505,Manipuri,0,train_manipurimale
train_manipurimale_00282,Manipuri,0,train_manipurimale
train_manipurimale_01244,Manipuri,0,train_manipurimale
train_manipurimale_04130,Manipuri,1,train_manipurimale
train_manipurimale_00655,Manipuri,0,train_manipurimale
train_manipurimale_00263,Manipuri,0,train_manipurimale
train_manipurimale_02210,Manipuri,1,train_manipurimale
train_manipurimale_04899,Manipuri,0,train_manipurimale
train_manipurimale_02032,Manipuri,1,train_manipurimale
train_manipurimale_05319,Manipuri,1,train_manipurimale
train_manipurimale_04581,Manipuri,0,train_manipurimale
train_manipurimale_07779,Manipuri,1,train_manipurimale
train_manipurimale_06612,Manipuri,0,train_manipurimale
train_manipurimale_04982,Manipuri,1,train_manipurimale
train_manipurimale_07710,Manipuri,0,train_manipurimale
train_manipurimale_05556,Manipuri,0,train_manipurimale
train_manipurimale_00127,Manipuri,0,train_manipurimale
train_manipurimale_03572,Manipuri,0,train_manipurimale
train_manipurimale_06201,Manipuri,0,train_manipurimale
train_manipurimale_06589,Manipuri,1,train_manipurimale
train_manipurimale_04092,Manipuri,1,train_manipurimale
train_manipurimale_03235,Manipuri,0,train_manipurimale
train_manipurimale_05699,Manipuri,0,train_manipurimale
train_manipurimale_06924,Manipuri,1,train_manipurimale
train_manipurimale_06501,Manipuri,1,train_manipurimale
train_manipurimale_02178,Manipuri,1,train_manipurimale
train_manipurimale_01626,Manipuri,0,train_manipurimale
train_manipurimale_09745,Manipuri,0,train_manipurimale
train_manipurimale_06062,Manipuri,1,train_manipurimale
train_manipurimale_06163,Manipuri,0,train_manipurimale
train_manipurimale_04984,Manipuri,1,train_manipurimale
train_manipurimale_04120,Manipuri,0,train_manipurimale
train_manipurimale_02388,Manipuri,1,train_manipurimale
train_manipurimale_06175,Manipuri,0,train_manipurimale
train_manipurimale_05837,Manipuri,0,train_manipurimale
train_manipurimale_06968,Manipuri,0,train_manipurimale
train_manipurimale_04191,Manipuri,0,train_manipurimale
train_manipurimale_04860,Manipuri,1,train_manipurimale
train_manipurimale_05625,Manipuri,0,train_manipurimale
train_manipurimale_09192,Manipuri,1,train_manipurimale
train_manipurimale_06990,Manipuri,1,train_manipurimale
train_manipurimale_05282,Manipuri,1,train_manipurimale
train_manipurimale_03921,Manipuri,1,train_manipurimale
train_manipurimale_05594,Manipuri,0,train_manipurimale
train_manipurimale_08519,Manipuri,0,train_manipurimale
train_manipurimale_00784,Manipuri,0,train_manipurimale
train_manipurimale_05673,Manipuri,0,train_manipurimale
train_manipurimale_03650,Manipuri,0,train_manipurimale
train_manipurimale_02516,Manipuri,0,train_manipurimale
train_manipurimale_05432,Manipuri,0,train_manipurimale
train_manipurimale_05696,Manipuri,0,train_manipurimale
train_manipurimale_06107,Manipuri,1,train_manipurimale
train_manipurimale_04303,Manipuri,0,train_manipurimale
train_manipurimale_05707,Manipuri,0,train_manipurimale
train_manipurimale_07147,Manipuri,0,train_manipurimale
train_manipurimale_01146,Manipuri,0,train_manipurimale
train_manipurimale_01143,Manipuri,0,train_manipurimale
train_manipurimale_06020,Manipuri,0,train_manipurimale
train_manipurimale_03118,Manipuri,1,train_manipurimale
train_manipurimale_06515,Manipuri,1,train_manipurimale
train_manipurimale_01123,Manipuri,1,train_manipurimale
train_manipurimale_04421,Manipuri,1,train_manipurimale
train_manipurimale_04754,Manipuri,0,train_manipurimale
train_manipurimale_04844,Manipuri,0,train_manipurimale
train_manipurimale_03557,Manipuri,1,train_manipurimale
train_manipurimale_06559,Manipuri,1,train_manipurimale
train_manipurimale_00223,Manipuri,1,train_manipurimale
train_manipurimale_07006,Manipuri,1,train_manipurimale
train_manipurimale_08061,Manipuri,0,train_manipurimale
train_manipurimale_04017,Manipuri,0,train_manipurimale
train_manipurimale_07087,Manipuri,1,train_manipurimale
train_manipurimale_00618,Manipuri,1,train_manipurimale
train_manipurimale_02261,Manipuri,1,train_manipurimale
train_manipurimale_06759,Manipuri,1,train_manipurimale
train_manipurimale_06930,Manipuri,0,train_manipurimale
train_manipurimale_06570,Manipuri,1,train_manipurimale
train_manipurimale_00114,Manipuri,1,train_manipurimale
train_manipurimale_01186,Manipuri,0,train_manipurimale
train_manipurimale_08005,Manipuri,1,train_manipurimale
train_manipurimale_06198,Manipuri,1,train_manipurimale
train_manipurimale_01634,Manipuri,1,train_manipurimale
train_manipurimale_06446,Manipuri,0,train_manipurimale
train_manipurimale_05672,Manipuri,1,train_manipurimale
train_manipurimale_07478,Manipuri,1,train_manipurimale
train_manipurimale_01071,Manipuri,0,train_manipurimale
train_manipurimale_03019,Manipuri,0,train_manipurimale
train_manipurimale_02355,Manipuri,1,train_manipurimale
train_manipurimale_03505,Manipuri,0,train_manipurimale
train_manipurimale_09654,Manipuri,1,train_manipurimale
train_manipurimale_00253,Manipuri,1,train_manipurimale
train_manipurimale_04316,Manipuri,0,train_manipurimale
train_manipurimale_06722,Manipuri,0,train_manipurimale
train_manipurimale_00236,Manipuri,1,train_manipurimale
train_manipurimale_05735,Manipuri,0,train_manipurimale
train_manipurimale_04321,Manipuri,1,train_manipurimale
train_manipurimale_08430,Manipuri,0,train_manipurimale
train_manipurimale_02800,Manipuri,0,train_manipurimale
train_manipurimale_05996,Manipuri,0,train_manipurimale
train_manipurimale_00139,Manipuri,0,train_manipurimale
train_manipurimale_05472,Manipuri,0,train_manipurimale
train_manipurimale_02425,Manipuri,0,train_manipurimale
train_manipurimale_08416,Manipuri,1,train_manipurimale
train_manipurimale_06885,Manipuri,0,train_manipurimale
train_manipurimale_07069,Manipuri,1,train_manipurimale
train_manipurimale_03812,Manipuri,1,train_manipurimale
train_manipurimale_02410,Manipuri,1,train_manipurimale
train_manipurimale_04390,Manipuri,0,train_manipurimale
train_manipurimale_09088,Manipuri,1,train_manipurimale
train_manipurimale_07705,Manipuri,0,train_manipurimale
train_manipurimale_04815,Manipuri,0,train_manipurimale
train_manipurimale_02902,Manipuri,0,train_manipurimale
train_manipurimale_07160,Manipuri,0,train_manipurimale
train_manipurimale_00594,Manipuri,1,train_manipurimale
train_manipurimale_08323,Manipuri,0,train_manipurimale
train_manipurimale_07203,Manipuri,0,train_manipurimale
train_manipurimale_03163,Manipuri,1,train_manipurimale
train_manipurimale_02082,Manipuri,0,train_manipurimale
train_manipurimale_04215,Manipuri,0,train_manipurimale
train_manipurimale_05575,Manipuri,0,train_manipurimale
train_manipurimale_03973,Manipuri,1,train_manipurimale
train_manipurimale_00798,Manipuri,0,train_manipurimale
train_manipurimale_07345,Manipuri,0,train_manipurimale
train_manipurimale_07111,Manipuri,1,train_manipurimale
train_manipurimale_08941,Manipuri,0,train_manipurimale
train_manipurimale_06574,Manipuri,0,train_manipurimale
train_manipurimale_07310,Manipuri,0,train_manipurimale
train_manipurimale_00097,Manipuri,1,train_manipurimale
train_manipurimale_00585,Manipuri,0,train_manipurimale
train_manipurimale_08465,Manipuri,0,train_manipurimale
train_manipurimale_02965,Manipuri,0,train_manipurimale
train_manipurimale_06881,Manipuri,1,train_manipurimale
train_manipurimale_03924,Manipuri,1,train_manipurimale
train_manipurimale_00381,Manipuri,1,train_manipurimale
train_manipurimale_04582,Manipuri,1,train_manipurimale
train_manipurimale_09037,Manipuri,1,train_manipurimale
train_manipurimale_04609,Manipuri,0,train_manipurimale
train_manipurimale_06987,Manipuri,1,train_manipurimale
train_manipurimale_05154,Manipuri,0,train_manipurimale
train_manipurimale_00540,Manipuri,1,train_manipurimale
train_manipurimale_07322,Manipuri,0,train_manipurimale
train_manipurimale_09202,Manipuri,0,train_manipurimale
train_manipurimale_05675,Manipuri,1,train_manipurimale
train_manipurimale_02095,Manipuri,1,train_manipurimale
train_manipurimale_03604,Manipuri,1,train_manipurimale
train_manipurimale_05170,Manipuri,0,train_manipurimale
train_manipurimale_08740,Manipuri,1,train_manipurimale
train_manipurimale_02859,Manipuri,0,train_manipurimale
train_manipurimale_02184,Manipuri,0,train_manipurimale
train_manipurimale_01386,Manipuri,0,train_manipurimale
train_manipurimale_08032,Manipuri,0,train_manipurimale
train_manipurimale_01379,Manipuri,0,train_manipurimale
train_manipurimale_06275,Manipuri,1,train_manipurimale
train_manipurimale_09044,Manipuri,0,train_manipurimale
train_manipurimale_06723,Manipuri,0,train_manipurimale
train_manipurimale_06018,Manipuri,1,train_manipurimale
train_manipurimale_01607,Manipuri,1,train_manipurimale
train_manipurimale_01500,Manipuri,1,train_manipurimale
train_manipurimale_04214,Manipuri,0,train_manipurimale
train_manipurimale_01451,Manipuri,0,train_manipurimale
train_manipurimale_08312,Manipuri,1,train_manipurimale
train_manipurimale_00341,Manipuri,1,train_manipurimale
train_manipurimale_04057,Manipuri,1,train_manipurimale
train_manipurimale_03976,Manipuri,1,train_manipurimale
train_manipurimale_04160,Manipuri,0,train_manipurimale
train_manipurimale_05428,Manipuri,1,train_manipurimale
train_manipurimale_08086,Manipuri,1,train_manipurimale
train_manipurimale_00743,Manipuri,0,train_manipurimale
train_manipurimale_08103,Manipuri,0,train_manipurimale
train_manipurimale_07248,Manipuri,0,train_manipurimale
train_manipurimale_09022,Manipuri,1,train_manipurimale
train_manipurimale_05987,Manipuri,1,train_manipurimale
train_manipurimale_05893,Manipuri,0,train_manipurimale
train_manipurimale_06429,Manipuri,0,train_manipurimale
train_manipurimale_01045,Manipuri,0,train_manipurimale
train_manipurimale_04913,Manipuri,1,train_manipurimale
train_manipurimale_00767,Manipuri,0,train_manipurimale
train_manipurimale_07291,Manipuri,1,train_manipurimale
train_manipurimale_02827,Manipuri,0,train_manipurimale
train_manipurimale_05043,Manipuri,0,train_manipurimale
train_manipurimale_01110,Manipuri,1,train_manipurimale
train_manipurimale_08830,Manipuri,0,train_manipurimale
train_manipurimale_07758,Manipuri,1,train_manipurimale
train_manipurimale_08250,Manipuri,0,train_manipurimale
train_manipurimale_09017,Manipuri,0,train_manipurimale
train_manipurimale_07243,Manipuri,1,train_manipurimale
train_manipurimale_09528,Manipuri,1,train_manipurimale
train_manipurimale_07023,Manipuri,0,train_manipurimale
train_manipurimale_00735,Manipuri,1,train_manipurimale
train_manipurimale_02058,Manipuri,0,train_manipurimale
train_manipurimale_05215,Manipuri,0,train_manipurimale
train_manipurimale_03338,Manipuri,1,train_manipurimale
train_manipurimale_00050,Manipuri,1,train_manipurimale
train_manipurimale_02343,Manipuri,1,train_manipurimale
train_manipurimale_02268,Manipuri,1,train_manipurimale
train_manipurimale_02655,Manipuri,1,train_manipurimale
train_manipurimale_03986,Manipuri,1,train_manipurimale
train_manipurimale_06870,Manipuri,0,train_manipurimale
train_manipurimale_07073,Manipuri,1,train_manipurimale
train_manipurimale_06667,Manipuri,1,train_manipurimale
train_manipurimale_00969,Manipuri,0,train_manipurimale
train_manipurimale_04874,Manipuri,1,train_manipurimale
train_manipurimale_02031,Manipuri,0,train_manipurimale
train_manipurimale_00827,Manipuri,1,train_manipurimale
train_manipurimale_05095,Manipuri,1,train_manipurimale
train_manipurimale_09613,Manipuri,0,train_manipurimale
train_manipurimale_01378,Manipuri,1,train_manipurimale
train_manipurimale_07883,Manipuri,1,train_manipurimale
train_manipurimale_00801,Manipuri,0,train_manipurimale
train_manipurimale_03317,Manipuri,1,train_manipurimale
train_manipurimale_01440,Manipuri,0,train_manipurimale
train_manipurimale_04154,Manipuri,1,train_manipurimale
train_manipurimale_08392,Manipuri,0,train_manipurimale
train_manipurimale_03670,Manipuri,1,train_manipurimale
train_manipurimale_08734,Manipuri,0,train_manipurimale
train_manipurimale_07972,Manipuri,0,train_manipurimale
train_manipurimale_09321,Manipuri,0,train_manipurimale
train_manipurimale_04144,Manipuri,0,train_manipurimale
train_manipurimale_05438,Manipuri,1,train_manipurimale
train_manipurimale_05363,Manipuri,1,train_manipurimale
train_manipurimale_00350,Manipuri,1,train_manipurimale
train_manipurimale_08755,Manipuri,1,train_manipurimale
train_manipurimale_06658,Manipuri,0,train_manipurimale
train_manipurimale_06249,Manipuri,1,train_manipurimale
train_manipurimale_01415,Manipuri,1,train_manipurimale
train_manipurimale_08985,Manipuri,0,train_manipurimale
train_manipurimale_03907,Manipuri,0,train_manipurimale
train_manipurimale_05195,Manipuri,0,train_manipurimale
train_manipurimale_04051,Manipuri,0,train_manipurimale
train_manipurimale_03111,Manipuri,1,train_manipurimale
train_manipurimale_08598,Manipuri,1,train_manipurimale
train_manipurimale_02620,Manipuri,0,train_manipurimale
train_manipurimale_02342,Manipuri,0,train_manipurimale
train_manipurimale_09510,Manipuri,0,train_manipurimale
train_manipurimale_06447,Manipuri,0,train_manipurimale
train_manipurimale_00112,Manipuri,0,train_manipurimale
train_manipurimale_07515,Manipuri,0,train_manipurimale
train_manipurimale_09690,Manipuri,1,train_manipurimale
train_manipurimale_01695,Manipuri,1,train_manipurimale
train_manipurimale_05947,Manipuri,0,train_manipurimale
train_manipurimale_02310,Manipuri,1,train_manipurimale
train_manipurimale_01837,Manipuri,0,train_manipurimale
train_manipurimale_00015,Manipuri,1,train_manipurimale
train_manipurimale_07629,Manipuri,0,train_manipurimale
train_manipurimale_07387,Manipuri,0,train_manipurimale
train_manipurimale_02359,Manipuri,0,train_manipurimale
train_manipurimale_02054,Manipuri,0,train_manipurimale
train_manipurimale_06830,Manipuri,0,train_manipurimale
train_manipurimale_00302,Manipuri,0,train_manipurimale
train_manipurimale_08714,Manipuri,0,train_manipurimale
train_manipurimale_02914,Manipuri,0,train_manipurimale
train_manipurimale_01469,Manipuri,1,train_manipurimale
train_manipurimale_01377,Manipuri,1,train_manipurimale
train_manipurimale_03126,Manipuri,0,train_manipurimale
train_manipurimale_04297,Manipuri,1,train_manipurimale
train_manipurimale_02729,Manipuri,0,train_manipurimale
train_manipurimale_04111,Manipuri,1,train_manipurimale
train_manipurimale_06776,Manipuri,1,train_manipurimale
train_manipurimale_02457,Manipuri,0,train_manipurimale
train_manipurimale_07966,Manipuri,1,train_manipurimale
train_manipurimale_01970,Manipuri,1,train_manipurimale
train_manipurimale_08814,Manipuri,0,train_manipurimale
train_manipurimale_09646,Manipuri,0,train_manipurimale
train_manipurimale_03199,Manipuri,1,train_manipurimale
train_manipurimale_01222,Manipuri,1,train_manipurimale
train_manipurimale_08858,Manipuri,0,train_manipurimale
train_manipurimale_05836,Manipuri,1,train_manipurimale
train_manipurimale_09144,Manipuri,0,train_manipurimale
train_manipurimale_01392,Manipuri,1,train_manipurimale
train_manipurimale_08189,Manipuri,1,train_manipurimale
train_manipurimale_05250,Manipuri,1,train_manipurimale
train_manipurimale_03451,Manipuri,0,train_manipurimale
train_manipurimale_09712,Manipuri,1,train_manipurimale
train_manipurimale_02815,Manipuri,0,train_manipurimale
train_manipurimale_02600,Manipuri,0,train_manipurimale
train_manipurimale_04175,Manipuri,0,train_manipurimale
train_manipurimale_07622,Manipuri,0,train_manipurimale
train_manipurimale_02412,Manipuri,0,train_manipurimale
train_manipurimale_08139,Manipuri,0,train_manipurimale
train_manipurimale_05620,Manipuri,0,train_manipurimale
train_manipurimale_08257,Manipuri,1,train_manipurimale
train_manipurimale_06504,Manipuri,1,train_manipurimale
train_manipurimale_07237,Manipuri,1,train_manipurimale
train_manipurimale_01437,Manipuri,1,train_manipurimale
train_manipurimale_01593,Manipuri,1,train_manipurimale
train_manipurimale_01053,Manipuri,0,train_manipurimale
train_manipurimale_02842,Manipuri,0,train_manipurimale
train_manipurimale_01098,Manipuri,1,train_manipurimale
train_manipurimale_03956,Manipuri,0,train_manipurimale
train_manipurimale_00652,Manipuri,0,train_manipurimale
train_manipurimale_04038,Manipuri,0,train_manipurimale
train_manipurimale_02384,Manipuri,0,train_manipurimale
train_manipurimale_06780,Manipuri,0,train_manipurimale
train_manipurimale_07195,Manipuri,0,train_manipurimale
train_manipurimale_09676,Manipuri,0,train_manipurimale
train_manipurimale_02662,Manipuri,1,train_manipurimale
train_manipurimale_09672,Manipuri,0,train_manipurimale
train_manipurimale_01729,Manipuri,1,train_manipurimale
train_manipurimale_04786,Manipuri,0,train_manipurimale
train_manipurimale_01911,Manipuri,1,train_manipurimale
train_manipurimale_03584,Manipuri,1,train_manipurimale
train_manipurimale_01871,Manipuri,1,train_manipurimale
train_manipurimale_02234,Manipuri,1,train_manipurimale
train_manipurimale_00681,Manipuri,0,train_manipurimale
train_manipurimale_02778,Manipuri,1,train_manipurimale
train_manipurimale_03044,Manipuri,1,train_manipurimale
train_manipurimale_01586,Manipuri,1,train_manipurimale
train_manipurimale_02738,Manipuri,0,train_manipurimale
train_manipurimale_05899,Manipuri,0,train_manipurimale
train_manipurimale_07801,Manipuri,0,train_manipurimale
train_manipurimale_01682,Manipuri,1,train_manipurimale
train_manipurimale_01061,Manipuri,1,train_manipurimale
train_manipurimale_07155,Manipuri,0,train_manipurimale
train_manipurimale_08708,Manipuri,1,train_manipurimale
train_manipurimale_03227,Manipuri,0,train_manipurimale
train_manipurimale_08583,Manipuri,1,train_manipurimale
train_manipurimale_02475,Manipuri,0,train_manipurimale
train_manipurimale_09079,Manipuri,1,train_manipurimale
train_manipurimale_01544,Manipuri,1,train_manipurimale
train_manipurimale_08881,Manipuri,1,train_manipurimale
train_manipurimale_03095,Manipuri,0,train_manipurimale
train_manipurimale_01551,Manipuri,0,train_manipurimale
train_manipurimale_02442,Manipuri,0,train_manipurimale
train_manipurimale_00234,Manipuri,1,train_manipurimale
train_manipurimale_08620,Manipuri,0,train_manipurimale
train_manipurimale_01216,Manipuri,1,train_manipurimale
train_manipurimale_06923,Manipuri,0,train_manipurimale
train_manipurimale_02605,Manipuri,1,train_manipurimale
train_manipurimale_02794,Manipuri,1,train_manipurimale
train_manipurimale_04961,Manipuri,1,train_manipurimale
train_manipurimale_01325,Manipuri,1,train_manipurimale
train_manipurimale_07547,Manipuri,0,train_manipurimale
train_manipurimale_08429,Manipuri,1,train_manipurimale
train_manipurimale_04515,Manipuri,1,train_manipurimale
train_manipurimale_01496,Manipuri,1,train_manipurimale
train_manipurimale_05776,Manipuri,1,train_manipurimale
train_manipurimale_02120,Manipuri,1,train_manipurimale
train_manipurimale_01394,Manipuri,0,train_manipurimale
train_manipurimale_08231,Manipuri,0,train_manipurimale
train_manipurimale_05782,Manipuri,1,train_manipurimale
train_manipurimale_03765,Manipuri,1,train_manipurimale
train_manipurimale_03710,Manipuri,1,train_manipurimale
train_manipurimale_07185,Manipuri,0,train_manipurimale
train_manipurimale_08872,Manipuri,0,train_manipurimale
train_manipurimale_06309,Manipuri,1,train_manipurimale
train_manipurimale_08291,Manipuri,0,train_manipurimale
train_manipurimale_02752,Manipuri,0,train_manipurimale
train_manipurimale_06575,Manipuri,1,train_manipurimale
train_manipurimale_05834,Manipuri,1,train_manipurimale
train_manipurimale_09007,Manipuri,1,train_manipurimale
train_manipurimale_00925,Manipuri,1,train_manipurimale
train_manipurimale_05033,Manipuri,1,train_manipurimale
train_manipurimale_08369,Manipuri,0,train_manipurimale
train_manipurimale_06180,Manipuri,0,train_manipurimale
train_manipurimale_07270,Manipuri,1,train_manipurimale
train_manipurimale_02079,Manipuri,0,train_manipurimale
train_manipurimale_05136,Manipuri,0,train_manipurimale
train_manipurimale_07682,Manipuri,0,train_manipurimale
train_manipurimale_02450,Manipuri,1,train_manipurimale
train_manipurimale_00321,Manipuri,1,train_manipurimale
train_manipurimale_09638,Manipuri,1,train_manipurimale
train_manipurimale_01382,Manipuri,0,train_manipurimale
train_manipurimale_06907,Manipuri,0,train_manipurimale
train_manipurimale_01201,Manipuri,0,train_manipurimale
train_manipurimale_06966,Manipuri,1,train_manipurimale
train_manipurimale_06543,Manipuri,0,train_manipurimale
train_manipurimale_03876,Manipuri,0,train_manipurimale
train_manipurimale_04147,Manipuri,1,train_manipurimale
train_manipurimale_07324,Manipuri,1,train_manipurimale
train_manipurimale_03820,Manipuri,0,train_manipurimale
train_manipurimale_03947,Manipuri,0,train_manipurimale
train_manipurimale_07180,Manipuri,1,train_manipurimale
train_manipurimale_08946,Manipuri,0,train_manipurimale
train_manipurimale_04141,Manipuri,1,train_manipurimale
train_manipurimale_07931,Manipuri,1,train_manipurimale
train_manipurimale_01087,Manipuri,0,train_manipurimale
train_manipurimale_01112,Manipuri,1,train_manipurimale
train_manipurimale_04943,Manipuri,0,train_manipurimale
train_manipurimale_07113,Manipuri,1,train_manipurimale
train_manipurimale_00780,Manipuri,1,train_manipurimale
train_manipurimale_02660,Manipuri,0,train_manipurimale
train_manipurimale_06673,Manipuri,1,train_manipurimale
train_manipurimale_07633,Manipuri,0,train_manipurimale
train_manipurimale_05349,Manipuri,1,train_manipurimale
train_manipurimale_02413,Manipuri,1,train_manipurimale
train_manipurimale_03635,Manipuri,1,train_manipurimale
train_manipurimale_08923,Manipuri,0,train_manipurimale
train_manipurimale_07402,Manipuri,0,train_manipurimale
train_manipurimale_08936,Manipuri,1,train_manipurimale
train_manipurimale_08876,Manipuri,0,train_manipurimale
train_manipurimale_02602,Manipuri,0,train_manipurimale
train_manipurimale_03079,Manipuri,0,train_manipurimale
train_manipurimale_01827,Manipuri,1,train_manipurimale
train_manipurimale_06122,Manipuri,1,train_manipurimale
train_manipurimale_09479,Manipuri,0,train_manipurimale
train_manipurimale_04571,Manipuri,1,train_manipurimale
train_manipurimale_09219,Manipuri,1,train_manipurimale
train_manipurimale_03046,Manipuri,0,train_manipurimale
train_manipurimale_01825,Manipuri,0,train_manipurimale
train_manipurimale_03736,Manipuri,1,train_manipurimale
train_manipurimale_05247,Manipuri,1,train_manipurimale
train_manipurimale_00040,Manipuri,1,train_manipurimale
train_manipurimale_07675,Manipuri,0,train_manipurimale
train_manipurimale_01517,Manipuri,0,train_manipurimale
train_manipurimale_00021,Manipuri,0,train_manipurimale
train_manipurimale_03432,Manipuri,0,train_manipurimale
train_manipurimale_01907,Manipuri,1,train_manipurimale
train_manipurimale_04333,Manipuri,1,train_manipurimale
train_manipurimale_04023,Manipuri,1,train_manipurimale
train_manipurimale_01441,Manipuri,0,train_manipurimale
train_manipurimale_06772,Manipuri,1,train_manipurimale
train_manipurimale_00569,Manipuri,1,train_manipurimale
train_manipurimale_06465,Manipuri,1,train_manipurimale
train_manipurimale_07598,Manipuri,0,train_manipurimale
train_manipurimale_05475,Manipuri,1,train_manipurimale
train_manipurimale_06505,Manipuri,1,train_manipurimale
train_manipurimale_04740,Manipuri,0,train_manipurimale
train_manipurimale_02978,Manipuri,1,train_manipurimale
train_manipurimale_04037,Manipuri,1,train_manipurimale
train_manipurimale_00711,Manipuri,0,train_manipurimale
train_manipurimale_05674,Manipuri,0,train_manipurimale
train_manipurimale_03329,Manipuri,0,train_manipurimale
train_manipurimale_00367,Manipuri,0,train_manipurimale
train_manipurimale_01249,Manipuri,0,train_manipurimale
train_manipurimale_07078,Manipuri,1,train_manipurimale
train_manipurimale_03166,Manipuri,0,train_manipurimale
train_manipurimale_07530,Manipuri,0,train_manipurimale
train_manipurimale_08690,Manipuri,1,train_manipurimale
train_manipurimale_08605,Manipuri,1,train_manipurimale
train_manipurimale_07047,Manipuri,0,train_manipurimale
train_manipurimale_06692,Manipuri,1,train_manipurimale
train_manipurimale_06882,Manipuri,1,train_manipurimale
train_manipurimale_01258,Manipuri,1,train_manipurimale
train_manipurimale_03189,Manipuri,1,train_manipurimale
train_manipurimale_03544,Manipuri,1,train_manipurimale
train_manipurimale_03950,Manipuri,1,train_manipurimale
train_manipurimale_04684,Manipuri,0,train_manipurimale
train_manipurimale_01589,Manipuri,0,train_manipurimale
train_manipurimale_02791,Manipuri,0,train_manipurimale
train_manipurimale_03592,Manipuri,1,train_manipurimale
train_manipurimale_02755,Manipuri,0,train_manipurimale
train_manipurimale_03857,Manipuri,1,train_manipurimale
train_manipurimale_08973,Manipuri,0,train_manipurimale
train_manipurimale_06655,Manipuri,1,train_manipurimale
train_manipurimale_04065,Manipuri,1,train_manipurimale
train_manipurimale_04195,Manipuri,0,train_manipurimale
train_manipurimale_06931,Manipuri,1,train_manipurimale
train_manipurimale_09148,Manipuri,0,train_manipurimale
train_manipurimale_03887,Manipuri,0,train_manipurimale
train_manipurimale_02353,Manipuri,0,train_manipurimale
train_manipurimale_01204,Manipuri,0,train_manipurimale
train_manipurimale_05908,Manipuri,1,train_manipurimale
train_manipurimale_03319,Manipuri,0,train_manipurimale
train_manipurimale_05602,Manipuri,0,train_manipurimale
train_manipurimale_08839,Manipuri,0,train_manipurimale
train_manipurimale_00353,Manipuri,0,train_manipurimale
train_manipurimale_09387,Manipuri,1,train_manipurimale
train_manipurimale_03312,Manipuri,1,train_manipurimale
train_manipurimale_01016,Manipuri,0,train_manipurimale
train_manipurimale_02035,Manipuri,1,train_manipurimale
train_manipurimale_01340,Manipuri,0,train_manipurimale
train_manipurimale_05467,Manipuri,0,train_manipurimale
train_manipurimale_01748,Manipuri,0,train_manipurimale
train_manipurimale_08787,Manipuri,0,train_manipurimale
train_manipurimale_02498,Manipuri,1,train_manipurimale
train_manipurimale_02611,Manipuri,1,train_manipurimale
train_manipurimale_03201,Manipuri,1,train_manipurimale
train_manipurimale_01836,Manipuri,1,train_manipurimale
train_manipurimale_03489,Manipuri,1,train_manipurimale
train_manipurimale_06098,Manipuri,1,train_manipurimale
train_manipurimale_02124,Manipuri,0,train_manipurimale
train_manipurimale_05290,Manipuri,0,train_manipurimale
train_manipurimale_05963,Manipuri,0,train_manipurimale
train_manipurimale_02291,Manipuri,1,train_manipurimale
train_manipurimale_01999,Manipuri,1,train_manipurimale
train_manipurimale_01075,Manipuri,1,train_manipurimale
train_manipurimale_04287,Manipuri,1,train_manipurimale
train_manipurimale_04126,Manipuri,0,train_manipurimale
train_manipurimale_00025,Manipuri,0,train_manipurimale
train_manipurimale_01350,Manipuri,0,train_manipurimale
train_manipurimale_04087,Manipuri,1,train_manipurimale
train_manipurimale_01499,Manipuri,0,train_manipurimale
train_manipurimale_01403,Manipuri,0,train_manipurimale
train_manipurimale_01690,Manipuri,1,train_manipurimale
train_manipurimale_08769,Manipuri,0,train_manipurimale
train_manipurimale_09590,Manipuri,1,train_manipurimale
train_manipurimale_02882,Manipuri,1,train_manipurimale
train_manipurimale_05660,Manipuri,0,train_manipurimale
train_manipurimale_04875,Manipuri,0,train_manipurimale
train_manipurimale_04720,Manipuri,1,train_manipurimale
train_manipurimale_04973,Manipuri,1,train_manipurimale
train_manipurimale_03628,Manipuri,0,train_manipurimale
train_manipurimale_07992,Manipuri,1,train_manipurimale
train_manipurimale_04477,Manipuri,1,train_manipurimale
train_manipurimale_04257,Manipuri,1,train_manipurimale
train_manipurimale_03027,Manipuri,0,train_manipurimale
train_manipurimale_09735,Manipuri,0,train_manipurimale
train_manipurimale_06356,Manipuri,0,train_manipurimale
train_manipurimale_02204,Manipuri,1,train_manipurimale
train_manipurimale_03068,Manipuri,0,train_manipurimale
train_manipurimale_09421,Manipuri,1,train_manipurimale
train_manipurimale_04030,Manipuri,1,train_manipurimale
train_manipurimale_00524,Manipuri,1,train_manipurimale
train_manipurimale_03406,Manipuri,1,train_manipurimale
train_manipurimale_04414,Manipuri,1,train_manipurimale
train_manipurimale_05874,Manipuri,1,train_manipurimale
train_manipurimale_08268,Manipuri,1,train_manipurimale
train_manipurimale_08175,Manipuri,0,train_manipurimale
train_manipurimale_00035,Manipuri,1,train_manipurimale
train_manipurimale_09670,Manipuri,0,train_manipurimale
train_manipurimale_00053,Manipuri,1,train_manipurimale
train_manipurimale_05317,Manipuri,1,train_manipurimale
train_manipurimale_01897,Manipuri,0,train_manipurimale
train_manipurimale_02531,Manipuri,1,train_manipurimale
train_manipurimale_07281,Manipuri,1,train_manipurimale
train_manipurimale_07949,Manipuri,0,train_manipurimale
train_manipurimale_02290,Manipuri,0,train_manipurimale
train_manipurimale_00528,Manipuri,1,train_manipurimale
train_manipurimale_05435,Manipuri,1,train_manipurimale
train_manipurimale_07828,Manipuri,1,train_manipurimale
train_manipurimale_07343,Manipuri,0,train_manipurimale
train_manipurimale_05671,Manipuri,0,train_manipurimale
train_manipurimale_06121,Manipuri,1,train_manipurimale
train_manipurimale_04687,Manipuri,1,train_manipurimale
train_manipurimale_01360,Manipuri,1,train_manipurimale
train_manipurimale_09269,Manipuri,0,train_manipurimale
train_manipurimale_05940,Manipuri,0,train_manipurimale
train_manipurimale_09235,Manipuri,1,train_manipurimale
train_manipurimale_04879,Manipuri,0,train_manipurimale
train_manipurimale_08730,Manipuri,1,train_manipurimale
train_manipurimale_02138,Manipuri,1,train_manipurimale
train_manipurimale_00260,Manipuri,1,train_manipurimale
train_manipurimale_00158,Manipuri,0,train_manipurimale
train_manipurimale_06801,Manipuri,0,train_manipurimale
train_manipurimale_00195,Manipuri,1,train_manipurimale
train_manipurimale_09468,Manipuri,0,train_manipurimale
train_manipurimale_08339,Manipuri,1,train_manipurimale
train_manipurimale_07254,Manipuri,1,train_manipurimale
train_manipurimale_06811,Manipuri,0,train_manipurimale
train_manipurimale_04902,Manipuri,1,train_manipurimale
train_manipurimale_09657,Manipuri,0,train_manipurimale
train_manipurimale_06037,Manipuri,0,train_manipurimale
train_manipurimale_06299,Manipuri,0,train_manipurimale
train_manipurimale_05239,Manipuri,1,train_manipurimale
train_manipurimale_09389,Manipuri,1,train_manipurimale
train_manipurimale_04683,Manipuri,0,train_manipurimale
train_manipurimale_08297,Manipuri,1,train_manipurimale
train_manipurimale_02440,Manipuri,1,train_manipurimale
train_manipurimale_02254,Manipuri,0,train_manipurimale
train_manipurimale_00581,Manipuri,1,train_manipurimale
train_manipurimale_04474,Manipuri,1,train_manipurimale
train_manipurimale_08670,Manipuri,1,train_manipurimale
train_manipurimale_01126,Manipuri,0,train_manipurimale
train_manipurimale_07871,Manipuri,0,train_manipurimale
train_manipurimale_00019,Manipuri,1,train_manipurimale
train_manipurimale_01813,Manipuri,1,train_manipurimale
train_manipurimale_01092,Manipuri,0,train_manipurimale
train_manipurimale_03096,Manipuri,0,train_manipurimale
train_manipurimale_01171,Manipuri,1,train_manipurimale
train_manipurimale_03840,Manipuri,0,train_manipurimale
train_manipurimale_05587,Manipuri,1,train_manipurimale
train_manipurimale_01315,Manipuri,1,train_manipurimale
train_manipurimale_07019,Manipuri,0,train_manipurimale
train_manipurimale_06578,Manipuri,1,train_manipurimale
train_manipurimale_06210,Manipuri,1,train_manipurimale
train_manipurimale_03160,Manipuri,1,train_manipurimale
train_manipurimale_06475,Manipuri,0,train_manipurimale
train_manipurimale_03844,Manipuri,0,train_manipurimale
train_manipurimale_02196,Manipuri,0,train_manipurimale
train_manipurimale_06292,Manipuri,0,train_manipurimale
train_manipurimale_06690,Manipuri,0,train_manipurimale
train_manipurimale_06873,Manipuri,0,train_manipurimale
train_manipurimale_06116,Manipuri,0,train_manipurimale
train_manipurimale_03026,Manipuri,0,train_manipurimale
train_manipurimale_06040,Manipuri,0,train_manipurimale
train_manipurimale_00177,Manipuri,1,train_manipurimale
train_manipurimale_05156,Manipuri,0,train_manipurimale
train_manipurimale_07299,Manipuri,0,train_manipurimale
train_manipurimale_09275,Manipuri,1,train_manipurimale
train_manipurimale_00982,Manipuri,1,train_manipurimale
train_manipurimale_04274,Manipuri,0,train_manipurimale
train_manipurimale_07394,Manipuri,0,train_manipurimale
train_manipurimale_05426,Manipuri,1,train_manipurimale
train_manipurimale_09480,Manipuri,0,train_manipurimale
train_manipurimale_05934,Manipuri,0,train_manipurimale
train_manipurimale_05118,Manipuri,0,train_manipurimale
train_manipurimale_07963,Manipuri,0,train_manipurimale
train_manipurimale_07358,Manipuri,0,train_manipurimale
train_manipurimale_00755,Manipuri,1,train_manipurimale
train_manipurimale_06788,Manipuri,1,train_manipurimale
train_manipurimale_09587,Manipuri,0,train_manipurimale
train_manipurimale_02849,Manipuri,0,train_manipurimale
train_manipurimale_00515,Manipuri,0,train_manipurimale
train_manipurimale_02142,Manipuri,1,train_manipurimale
train_manipurimale_01107,Manipuri,0,train_manipurimale
train_manipurimale_08322,Manipuri,1,train_manipurimale
train_manipurimale_06025,Manipuri,1,train_manipurimale
train_manipurimale_01182,Manipuri,1,train_manipurimale
train_manipurimale_06670,Manipuri,0,train_manipurimale
train_manipurimale_04237,Manipuri,1,train_manipurimale
train_manipurimale_09297,Manipuri,1,train_manipurimale
train_manipurimale_08390,Manipuri,1,train_manipurimale
train_manipurimale_07819,Manipuri,0,train_manipurimale
train_manipurimale_04368,Manipuri,0,train_manipurimale
train_manipurimale_06511,Manipuri,1,train_manipurimale
train_manipurimale_09486,Manipuri,0,train_manipurimale
train_manipurimale_02237,Manipuri,1,train_manipurimale
train_manipurimale_05737,Manipuri,1,train_manipurimale
train_manipurimale_03005,Manipuri,1,train_manipurimale
train_manipurimale_08593,Manipuri,1,train_manipurimale
train_manipurimale_08838,Manipuri,1,train_manipurimale
train_manipurimale_07656,Manipuri,1,train_manipurimale
train_manipurimale_00374,Manipuri,1,train_manipurimale
train_manipurimale_03084,Manipuri,1,train_manipurimale
train_manipurimale_09012,Manipuri,0,train_manipurimale
train_manipurimale_00511,Manipuri,0,train_manipurimale
train_manipurimale_07665,Manipuri,1,train_manipurimale
train_manipurimale_02518,Manipuri,0,train_manipurimale
train_manipurimale_04681,Manipuri,1,train_manipurimale
train_manipurimale_06053,Manipuri,0,train_manipurimale
train_manipurimale_05906,Manipuri,1,train_manipurimale
train_manipurimale_05448,Manipuri,0,train_manipurimale
train_manipurimale_05551,Manipuri,0,train_manipurimale
train_manipurimale_02603,Manipuri,0,train_manipurimale
train_manipurimale_02250,Manipuri,1,train_manipurimale
train_manipurimale_09324,Manipuri,0,train_manipurimale
train_manipurimale_05445,Manipuri,0,train_manipurimale
train_manipurimale_01894,Manipuri,0,train_manipurimale
train_manipurimale_02316,Manipuri,1,train_manipurimale
train_manipurimale_06386,Manipuri,1,train_manipurimale
train_manipurimale_07022,Manipuri,0,train_manipurimale
train_manipurimale_02255,Manipuri,0,train_manipurimale
train_manipurimale_00481,Manipuri,1,train_manipurimale
train_manipurimale_00803,Manipuri,0,train_manipurimale
train_manipurimale_03294,Manipuri,0,train_manipurimale
train_manipurimale_06114,Manipuri,1,train_manipurimale
train_manipurimale_09300,Manipuri,0,train_manipurimale
train_manipurimale_07200,Manipuri,0,train_manipurimale
train_manipurimale_00717,Manipuri,0,train_manipurimale
train_manipurimale_09162,Manipuri,0,train_manipurimale
train_manipurimale_01824,Manipuri,1,train_manipurimale
train_manipurimale_06230,Manipuri,0,train_manipurimale
train_manipurimale_06597,Manipuri,1,train_manipurimale
train_manipurimale_02256,Manipuri,1,train_manipurimale
train_manipurimale_02777,Manipuri,0,train_manipurimale
train_manipurimale_09136,Manipuri,1,train_manipurimale
train_manipurimale_06232,Manipuri,0,train_manipurimale
train_manipurimale_08864,Manipuri,0,train_manipurimale
train_manipurimale_08659,Manipuri,1,train_manipurimale
train_manipurimale_02319,Manipuri,0,train_manipurimale
train_manipurimale_04971,Manipuri,0,train_manipurimale
train_manipurimale_09576,Manipuri,0,train_manipurimale
train_manipurimale_08782,Manipuri,0,train_manipurimale
train_manipurimale_02289,Manipuri,0,train_manipurimale
train_manipurimale_08018,Manipuri,1,train_manipurimale
train_manipurimale_07355,Manipuri,0,train_manipurimale
train_manipurimale_07873,Manipuri,0,train_manipurimale
train_manipurimale_08345,Manipuri,1,train_manipurimale
train_manipurimale_03665,Manipuri,1,train_manipurimale
train_manipurimale_01283,Manipuri,1,train_manipurimale
train_manipurimale_03929,Manipuri,1,train_manipurimale
train_manipurimale_08827,Manipuri,1,train_manipurimale
train_manipurimale_01868,Manipuri,1,train_manipurimale
train_manipurimale_07279,Manipuri,1,train_manipurimale
train_manipurimale_03562,Manipuri,1,train_manipurimale
train_manipurimale_01656,Manipuri,1,train_manipurimale
train_manipurimale_09371,Manipuri,0,train_manipurimale
train_manipurimale_07668,Manipuri,1,train_manipurimale
train_manipurimale_00455,Manipuri,1,train_manipurimale
train_manipurimale_09069,Manipuri,1,train_manipurimale
train_manipurimale_04456,Manipuri,1,train_manipurimale
train_manipurimale_09242,Manipuri,1,train_manipurimale
train_manipurimale_08977,Manipuri,1,train_manipurimale
train_manipurimale_02110,Manipuri,0,train_manipurimale
train_manipurimale_03059,Manipuri,0,train_manipurimale
train_manipurimale_02618,Manipuri,1,train_manipurimale
train_manipurimale_07634,Manipuri,0,train_manipurimale
train_manipurimale_00990,Manipuri,1,train_manipurimale
train_manipurimale_01133,Manipuri,1,train_manipurimale
train_manipurimale_01788,Manipuri,0,train_manipurimale
train_manipurimale_06294,Manipuri,1,train_manipurimale
train_manipurimale_06503,Manipuri,0,train_manipurimale
train_manipurimale_00671,Manipuri,0,train_manipurimale
train_manipurimale_05283,Manipuri,1,train_manipurimale
train_manipurimale_02721,Manipuri,0,train_manipurimale
train_manipurimale_00247,Manipuri,0,train_manipurimale
train_manipurimale_06173,Manipuri,1,train_manipurimale
train_manipurimale_02282,Manipuri,1,train_manipurimale
train_manipurimale_03474,Manipuri,0,train_manipurimale
train_manipurimale_07007,Manipuri,1,train_manipurimale
train_manipurimale_01213,Manipuri,1,train_manipurimale
train_manipurimale_06363,Manipuri,1,train_manipurimale
train_manipurimale_05082,Manipuri,0,train_manipurimale
train_manipurimale_02843,Manipuri,0,train_manipurimale
train_manipurimale_01131,Manipuri,1,train_manipurimale
train_manipurimale_04031,Manipuri,1,train_manipurimale
train_manipurimale_08270,Manipuri,1,train_manipurimale
train_manipurimale_03228,Manipuri,0,train_manipurimale
train_manipurimale_02154,Manipuri,0,train_manipurimale
train_manipurimale_05116,Manipuri,1,train_manipurimale
train_manipurimale_01704,Manipuri,1,train_manipurimale
train_manipurimale_01664,Manipuri,0,train_manipurimale
train_manipurimale_06716,Manipuri,0,train_manipurimale
train_manipurimale_07711,Manipuri,0,train_manipurimale
train_manipurimale_04936,Manipuri,1,train_manipurimale
train_manipurimale_03255,Manipuri,1,train_manipurimale
train_manipurimale_06227,Manipuri,1,train_manipurimale
train_manipurimale_08427,Manipuri,1,train_manipurimale
train_manipurimale_07791,Manipuri,1,train_manipurimale
train_manipurimale_03181,Manipuri,1,train_manipurimale
train_manipurimale_00107,Manipuri,1,train_manipurimale
train_manipurimale_00339,Manipuri,0,train_manipurimale
train_manipurimale_06183,Manipuri,1,train_manipurimale
train_manipurimale_01684,Manipuri,0,train_manipurimale
train_manipurimale_00658,Manipuri,1,train_manipurimale
train_manipurimale_08788,Manipuri,0,train_manipurimale
train_manipurimale_06971,Manipuri,1,train_manipurimale
train_manipurimale_06509,Manipuri,1,train_manipurimale
train_manipurimale_02327,Manipuri,0,train_manipurimale
train_manipurimale_04891,Manipuri,1,train_manipurimale
train_manipurimale_02585,Manipuri,0,train_manipurimale
train_manipurimale_01701,Manipuri,1,train_manipurimale
train_manipurimale_01710,Manipuri,1,train_manipurimale
train_manipurimale_08848,Manipuri,0,train_manipurimale
train_manipurimale_03149,Manipuri,0,train_manipurimale
train_manipurimale_09744,Manipuri,0,train_manipurimale
train_manipurimale_00354,Manipuri,0,train_manipurimale
train_manipurimale_05406,Manipuri,1,train_manipurimale
train_manipurimale_07891,Manipuri,1,train_manipurimale
train_manipurimale_02765,Manipuri,0,train_manipurimale
train_manipurimale_03822,Manipuri,0,train_manipurimale
train_manipurimale_02991,Manipuri,1,train_manipurimale
train_manipurimale_04645,Manipuri,1,train_manipurimale
train_manipurimale_00489,Manipuri,0,train_manipurimale
train_manipurimale_04494,Manipuri,0,train_manipurimale
train_manipurimale_01462,Manipuri,1,train_manipurimale
train_manipurimale_09370,Manipuri,1,train_manipurimale
train_manipurimale_01642,Manipuri,0,train_manipurimale
train_manipurimale_03728,Manipuri,0,train_manipurimale
train_manipurimale_00009,Manipuri,0,train_manipurimale
train_manipurimale_08207,Manipuri,1,train_manipurimale
train_manipurimale_00105,Manipuri,0,train_manipurimale
train_manipurimale_08763,Manipuri,0,train_manipurimale
train_manipurimale_01702,Manipuri,0,train_manipurimale
train_manipurimale_04569,Manipuri,0,train_manipurimale
train_manipurimale_09101,Manipuri,0,train_manipurimale
train_manipurimale_02993,Manipuri,1,train_manipurimale
train_manipurimale_01644,Manipuri,0,train_manipurimale
train_manipurimale_05004,Manipuri,0,train_manipurimale
train_manipurimale_08437,Manipuri,0,train_manipurimale
train_manipurimale_02718,Manipuri,0,train_manipurimale
train_manipurimale_00033,Manipuri,1,train_manipurimale
train_manipurimale_07475,Manipuri,0,train_manipurimale
train_manipurimale_04403,Manipuri,0,train_manipurimale
train_manipurimale_04239,Manipuri,0,train_manipurimale
train_manipurimale_07215,Manipuri,1,train_manipurimale
train_manipurimale_00910,Manipuri,0,train_manipurimale
train_manipurimale_05803,Manipuri,1,train_manipurimale
train_manipurimale_00795,Manipuri,0,train_manipurimale
train_manipurimale_09396,Manipuri,1,train_manipurimale
train_manipurimale_08092,Manipuri,0,train_manipurimale
train_manipurimale_00571,Manipuri,1,train_manipurimale
train_manipurimale_05219,Manipuri,1,train_manipurimale
train_manipurimale_03484,Manipuri,1,train_manipurimale
train_manipurimale_01208,Manipuri,1,train_manipurimale
train_manipurimale_03352,Manipuri,1,train_manipurimale
train_manipurimale_04557,Manipuri,1,train_manipurimale
train_manipurimale_08666,Manipuri,1,train_manipurimale
train_manipurimale_03998,Manipuri,0,train_manipurimale
train_manipurimale_09450,Manipuri,0,train_manipurimale
train_manipurimale_07602,Manipuri,1,train_manipurimale
train_manipurimale_07169,Manipuri,0,train_manipurimale
train_manipurimale_03117,Manipuri,0,train_manipurimale
train_manipurimale_01703,Manipuri,1,train_manipurimale
train_manipurimale_09257,Manipuri,0,train_manipurimale
train_manipurimale_02156,Manipuri,1,train_manipurimale
train_manipurimale_02829,Manipuri,0,train_manipurimale
train_manipurimale_02220,Manipuri,1,train_manipurimale
train_manipurimale_09132,Manipuri,1,train_manipurimale
train_manipurimale_09594,Manipuri,1,train_manipurimale
train_manipurimale_05633,Manipuri,0,train_manipurimale
train_manipurimale_07890,Manipuri,1,train_manipurimale
train_manipurimale_02386,Manipuri,1,train_manipurimale
train_manipurimale_05759,Manipuri,1,train_manipurimale
train_manipurimale_05919,Manipuri,1,train_manipurimale
train_manipurimale_09042,Manipuri,1,train_manipurimale
train_manipurimale_01759,Manipuri,1,train_manipurimale
train_manipurimale_06771,Manipuri,0,train_manipurimale
train_manipurimale_06621,Manipuri,1,train_manipurimale
train_manipurimale_02681,Manipuri,1,train_manipurimale
train_manipurimale_01111,Manipuri,0,train_manipurimale
train_manipurimale_01761,Manipuri,1,train_manipurimale
train_manipurimale_07032,Manipuri,0,train_manipurimale
train_manipurimale_01873,Manipuri,0,train_manipurimale
train_manipurimale_09507,Manipuri,0,train_manipurimale
train_manipurimale_06872,Manipuri,1,train_manipurimale
train_gujaratifemale_01049,Gujarati,1,train_gujaratifemale
train_gujaratifemale_01830,Gujarati,1,train_gujaratifemale
train_gujaratifemale_01517,Gujarati,0,train_gujaratifemale
train_gujaratifemale_01069,Gujarati,1,train_gujaratifemale
train_gujaratifemale_00942,Gujarati,1,train_gujaratifemale
train_gujaratifemale_02204,Gujarati,0,train_gujaratifemale
train_gujaratifemale_00625,Gujarati,1,train_gujaratifemale
train_gujaratifemale_02078,Gujarati,0,train_gujaratifemale
train_gujaratifemale_01117,Gujarati,1,train_gujaratifemale
train_gujaratifemale_01886,Gujarati,1,train_gujaratifemale
train_gujaratifemale_01359,Gujarati,1,train_gujaratifemale
train_gujaratifemale_01624,Gujarati,0,train_gujaratifemale
train_gujaratifemale_01876,Gujarati,0,train_gujaratifemale
train_gujaratifemale_01005,Gujarati,1,train_gujaratifemale
train_gujaratifemale_01709,Gujarati,0,train_gujaratifemale
train_gujaratifemale_01041,Gujarati,1,train_gujaratifemale
train_gujaratifemale_02146,Gujarati,1,train_gujaratifemale
train_gujaratifemale_01136,Gujarati,0,train_gujaratifemale
train_gujaratifemale_02144,Gujarati,1,train_gujaratifemale
train_gujaratifemale_01587,Gujarati,1,train_gujaratifemale
train_gujaratifemale_02325,Gujarati,0,train_gujaratifemale
train_gujaratifemale_01649,Gujarati,1,train_gujaratifemale
train_gujaratifemale_01916,Gujarati,0,train_gujaratifemale
train_gujaratifemale_01789,Gujarati,1,train_gujaratifemale
train_gujaratifemale_02392,Gujarati,1,train_gujaratifemale
train_gujaratifemale_01729,Gujarati,1,train_gujaratifemale
train_gujaratifemale_01305,Gujarati,1,train_gujaratifemale
train_gujaratifemale_01530,Gujarati,1,train_gujaratifemale
train_gujaratifemale_01216,Gujarati,1,train_gujaratifemale
train_gujaratifemale_01878,Gujarati,0,train_gujaratifemale
train_gujaratifemale_01599,Gujarati,1,train_gujaratifemale
train_gujaratifemale_00628,Gujarati,0,train_gujaratifemale
train_gujaratifemale_01465,Gujarati,1,train_gujaratifemale
train_gujaratifemale_02287,Gujarati,1,train_gujaratifemale
train_gujaratifemale_02009,Gujarati,1,train_gujaratifemale
train_gujaratifemale_01896,Gujarati,0,train_gujaratifemale
train_gujaratifemale_00845,Gujarati,0,train_gujaratifemale
train_gujaratifemale_01941,Gujarati,1,train_gujaratifemale
train_gujaratifemale_02174,Gujarati,1,train_gujaratifemale
train_gujaratifemale_01897,Gujarati,0,train_gujaratifemale
train_gujaratifemale_02200,Gujarati,1,train_gujaratifemale
train_gujaratifemale_02349,Gujarati,1,train_gujaratifemale
train_gujaratifemale_01301,Gujarati,1,train_gujaratifemale
train_gujaratifemale_02182,Gujarati,1,train_gujaratifemale
train_gujaratifemale_02013,Gujarati,1,train_gujaratifemale
train_gujaratifemale_02018,Gujarati,0,train_gujaratifemale
train_gujaratifemale_01440,Gujarati,1,train_gujaratifemale
train_gujaratifemale_01932,Gujarati,0,train_gujaratifemale
train_gujaratifemale_01909,Gujarati,1,train_gujaratifemale
train_gujaratifemale_02124,Gujarati,1,train_gujaratifemale
train_gujaratifemale_01230,Gujarati,0,train_gujaratifemale
train_gujaratifemale_01524,Gujarati,1,train_gujaratifemale
train_gujaratifemale_01738,Gujarati,1,train_gujaratifemale
train_gujaratifemale_02060,Gujarati,0,train_gujaratifemale
train_gujaratifemale_01601,Gujarati,0,train_gujaratifemale
train_gujaratifemale_00503,Gujarati,1,train_gujaratifemale
train_gujaratifemale_01434,Gujarati,0,train_gujaratifemale
train_gujaratifemale_02337,Gujarati,1,train_gujaratifemale
train_gujaratifemale_01652,Gujarati,0,train_gujaratifemale
train_gujaratifemale_02016,Gujarati,0,train_gujaratifemale
train_gujaratifemale_01637,Gujarati,0,train_gujaratifemale
train_gujaratifemale_01013,Gujarati,0,train_gujaratifemale
train_gujaratifemale_01697,Gujarati,0,train_gujaratifemale
train_gujaratifemale_01867,Gujarati,1,train_gujaratifemale
train_gujaratifemale_01816,Gujarati,1,train_gujaratifemale
train_gujaratifemale_01937,Gujarati,0,train_gujaratifemale
train_gujaratifemale_02334,Gujarati,0,train_gujaratifemale
train_gujaratifemale_00694,Gujarati,0,train_gujaratifemale
train_gujaratifemale_01347,Gujarati,0,train_gujaratifemale
train_gujaratifemale_00981,Gujarati,1,train_gujaratifemale
train_gujaratifemale_02011,Gujarati,1,train_gujaratifemale
train_gujaratifemale_00314,Gujarati,0,train_gujaratifemale
train_gujaratifemale_01741,Gujarati,1,train_gujaratifemale
train_gujaratifemale_02017,Gujarati,1,train_gujaratifemale
train_gujaratifemale_01064,Gujarati,1,train_gujaratifemale
train_gujaratifemale_02327,Gujarati,0,train_gujaratifemale
train_gujaratifemale_01898,Gujarati,1,train_gujaratifemale
train_gujaratifemale_02207,Gujarati,0,train_gujaratifemale
train_gujaratifemale_01766,Gujarati,0,train_gujaratifemale
train_gujaratifemale_02257,Gujarati,1,train_gujaratifemale
train_gujaratifemale_02004,Gujarati,0,train_gujaratifemale
train_gujaratifemale_01220,Gujarati,0,train_gujaratifemale
train_gujaratifemale_01336,Gujarati,0,train_gujaratifemale
train_gujaratifemale_01515,Gujarati,0,train_gujaratifemale
train_gujaratifemale_01868,Gujarati,1,train_gujaratifemale
train_gujaratifemale_01880,Gujarati,1,train_gujaratifemale
train_gujaratifemale_02252,Gujarati,0,train_gujaratifemale
train_gujaratifemale_01464,Gujarati,0,train_gujaratifemale
train_gujaratifemale_02206,Gujarati,0,train_gujaratifemale
train_gujaratifemale_01566,Gujarati,1,train_gujaratifemale
train_gujaratifemale_02249,Gujarati,0,train_gujaratifemale
train_gujaratifemale_02238,Gujarati,0,train_gujaratifemale
train_gujaratifemale_02290,Gujarati,1,train_gujaratifemale
train_gujaratifemale_01633,Gujarati,0,train_gujaratifemale
train_gujaratifemale_00803,Gujarati,1,train_gujaratifemale
train_gujaratifemale_02368,Gujarati,1,train_gujaratifemale
train_gujaratifemale_01362,Gujarati,1,train_gujaratifemale
train_gujaratifemale_02317,Gujarati,0,train_gujaratifemale
train_gujaratifemale_01299,Gujarati,0,train_gujaratifemale
train_gujaratifemale_01721,Gujarati,1,train_gujaratifemale
train_gujaratifemale_01918,Gujarati,1,train_gujaratifemale
train_gujaratifemale_00746,Gujarati,0,train_gujaratifemale
train_gujaratifemale_01208,Gujarati,1,train_gujaratifemale
train_gujaratifemale_00521,Gujarati,1,train_gujaratifemale
train_gujaratifemale_00894,Gujarati,1,train_gujaratifemale
train_gujaratifemale_01956,Gujarati,1,train_gujaratifemale
train_gujaratifemale_01132,Gujarati,1,train_gujaratifemale
train_gujaratifemale_02125,Gujarati,0,train_gujaratifemale
train_gujaratifemale_01893,Gujarati,1,train_gujaratifemale
train_gujaratifemale_00873,Gujarati,1,train_gujaratifemale
train_gujaratifemale_01160,Gujarati,0,train_gujaratifemale
train_gujaratifemale_01925,Gujarati,0,train_gujaratifemale
train_gujaratifemale_02049,Gujarati,0,train_gujaratifemale
train_gujaratifemale_01743,Gujarati,1,train_gujaratifemale
train_gujaratifemale_02164,Gujarati,1,train_gujaratifemale
train_gujaratifemale_01797,Gujarati,1,train_gujaratifemale
train_gujaratifemale_01552,Gujarati,0,train_gujaratifemale
train_gujaratifemale_01720,Gujarati,0,train_gujaratifemale
train_gujaratifemale_02329,Gujarati,1,train_gujaratifemale
train_gujaratifemale_01914,Gujarati,0,train_gujaratifemale
train_gujaratifemale_01409,Gujarati,0,train_gujaratifemale
train_gujaratifemale_00663,Gujarati,1,train_gujaratifemale
train_gujaratifemale_01151,Gujarati,1,train_gujaratifemale
train_gujaratifemale_01327,Gujarati,1,train_gujaratifemale
train_gujaratifemale_02342,Gujarati,1,train_gujaratifemale
train_gujaratifemale_00684,Gujarati,0,train_gujaratifemale
train_gujaratifemale_00788,Gujarati,0,train_gujaratifemale
train_gujaratifemale_01930,Gujarati,0,train_gujaratifemale
train_gujaratifemale_01775,Gujarati,1,train_gujaratifemale
train_gujaratifemale_02028,Gujarati,1,train_gujaratifemale
train_gujaratifemale_02255,Gujarati,0,train_gujaratifemale
train_gujaratifemale_02391,Gujarati,1,train_gujaratifemale
train_gujaratifemale_01040,Gujarati,0,train_gujaratifemale
train_gujaratifemale_02177,Gujarati,0,train_gujaratifemale
train_gujaratifemale_02250,Gujarati,0,train_gujaratifemale
train_gujaratifemale_01992,Gujarati,0,train_gujaratifemale
train_gujaratifemale_02271,Gujarati,1,train_gujaratifemale
train_gujaratifemale_02074,Gujarati,1,train_gujaratifemale
train_gujaratifemale_02118,Gujarati,1,train_gujaratifemale
train_gujaratifemale_02322,Gujarati,0,train_gujaratifemale
train_gujaratifemale_00347,Gujarati,1,train_gujaratifemale
train_gujaratifemale_01364,Gujarati,0,train_gujaratifemale
train_gujaratifemale_02320,Gujarati,1,train_gujaratifemale
train_gujaratifemale_01753,Gujarati,1,train_gujaratifemale
train_gujaratifemale_02373,Gujarati,0,train_gujaratifemale
train_gujaratifemale_01744,Gujarati,0,train_gujaratifemale
train_gujaratifemale_01348,Gujarati,0,train_gujaratifemale
train_gujaratifemale_02002,Gujarati,1,train_gujaratifemale
train_gujaratifemale_01879,Gujarati,1,train_gujaratifemale
train_gujaratifemale_02190,Gujarati,1,train_gujaratifemale
train_gujaratifemale_02029,Gujarati,0,train_gujaratifemale
train_gujaratifemale_02278,Gujarati,1,train_gujaratifemale
train_gujaratifemale_01433,Gujarati,1,train_gujaratifemale
train_gujaratifemale_02014,Gujarati,1,train_gujaratifemale
train_gujaratifemale_01033,Gujarati,0,train_gujaratifemale
train_gujaratifemale_02265,Gujarati,0,train_gujaratifemale
train_gujaratifemale_02132,Gujarati,1,train_gujaratifemale
train_gujaratifemale_01244,Gujarati,0,train_gujaratifemale
train_gujaratifemale_01984,Gujarati,1,train_gujaratifemale
train_gujaratifemale_00710,Gujarati,1,train_gujaratifemale
train_gujaratifemale_01962,Gujarati,0,train_gujaratifemale
train_gujaratifemale_01214,Gujarati,0,train_gujaratifemale
train_gujaratifemale_02199,Gujarati,0,train_gujaratifemale
train_gujaratifemale_01439,Gujarati,1,train_gujaratifemale
train_gujaratifemale_00999,Gujarati,1,train_gujaratifemale
train_gujaratifemale_02374,Gujarati,0,train_gujaratifemale
train_gujaratifemale_02033,Gujarati,0,train_gujaratifemale
train_gujaratifemale_02005,Gujarati,0,train_gujaratifemale
train_gujaratifemale_02123,Gujarati,1,train_gujaratifemale
train_gujaratifemale_02087,Gujarati,0,train_gujaratifemale
train_gujaratifemale_02378,Gujarati,1,train_gujaratifemale
train_gujaratifemale_02114,Gujarati,0,train_gujaratifemale
train_gujaratifemale_01934,Gujarati,1,train_gujaratifemale
train_gujaratifemale_01655,Gujarati,1,train_gujaratifemale
train_gujaratifemale_01894,Gujarati,1,train_gujaratifemale
train_gujaratifemale_01376,Gujarati,0,train_gujaratifemale
train_gujaratifemale_01728,Gujarati,1,train_gujaratifemale
train_gujaratifemale_01718,Gujarati,0,train_gujaratifemale
train_gujaratifemale_01539,Gujarati,1,train_gujaratifemale
train_gujaratifemale_02105,Gujarati,1,train_gujaratifemale
train_gujaratifemale_02098,Gujarati,1,train_gujaratifemale
train_gujaratifemale_02283,Gujarati,1,train_gujaratifemale
train_gujaratifemale_01487,Gujarati,1,train_gujaratifemale
train_gujaratifemale_01681,Gujarati,0,train_gujaratifemale
train_gujaratifemale_02221,Gujarati,1,train_gujaratifemale
train_gujaratifemale_01784,Gujarati,1,train_gujaratifemale
train_gujaratifemale_02126,Gujarati,0,train_gujaratifemale
train_gujaratifemale_01606,Gujarati,1,train_gujaratifemale
train_gujaratifemale_02166,Gujarati,0,train_gujaratifemale
train_gujaratifemale_01412,Gujarati,1,train_gujaratifemale
train_gujaratifemale_01711,Gujarati,0,train_gujaratifemale
train_gujaratifemale_02161,Gujarati,0,train_gujaratifemale
train_gujaratifemale_02069,Gujarati,1,train_gujaratifemale
train_gujaratifemale_01411,Gujarati,0,train_gujaratifemale
train_gujaratifemale_02191,Gujarati,1,train_gujaratifemale
train_gujaratifemale_01090,Gujarati,0,train_gujaratifemale
train_gujaratifemale_01922,Gujarati,1,train_gujaratifemale
train_gujaratifemale_01839,Gujarati,1,train_gujaratifemale
train_gujaratifemale_01507,Gujarati,1,train_gujaratifemale
train_gujaratifemale_01940,Gujarati,0,train_gujaratifemale
train_gujaratifemale_02395,Gujarati,1,train_gujaratifemale
train_gujaratifemale_01732,Gujarati,0,train_gujaratifemale
train_gujaratifemale_02093,Gujarati,1,train_gujaratifemale
train_gujaratifemale_02116,Gujarati,0,train_gujaratifemale
train_gujaratifemale_01371,Gujarati,1,train_gujaratifemale
train_gujaratifemale_02268,Gujarati,1,train_gujaratifemale
train_gujaratifemale_01767,Gujarati,0,train_gujaratifemale
train_gujaratifemale_02110,Gujarati,0,train_gujaratifemale
train_gujaratifemale_01133,Gujarati,1,train_gujaratifemale
train_gujaratifemale_01793,Gujarati,0,train_gujaratifemale
train_gujaratifemale_01449,Gujarati,1,train_gujaratifemale
train_gujaratifemale_01835,Gujarati,1,train_gujaratifemale
train_gujaratifemale_01343,Gujarati,0,train_gujaratifemale
train_gujaratifemale_01289,Gujarati,1,train_gujaratifemale
train_gujaratifemale_01120,Gujarati,0,train_gujaratifemale
train_gujaratifemale_01761,Gujarati,1,train_gujaratifemale
train_gujaratifemale_01562,Gujarati,1,train_gujaratifemale
train_gujaratifemale_01535,Gujarati,0,train_gujaratifemale
train_gujaratifemale_02071,Gujarati,1,train_gujaratifemale
train_gujaratifemale_01322,Gujarati,0,train_gujaratifemale
train_gujaratifemale_02293,Gujarati,0,train_gujaratifemale
train_gujaratifemale_01171,Gujarati,0,train_gujaratifemale
train_gujaratifemale_02070,Gujarati,1,train_gujaratifemale
train_gujaratifemale_01122,Gujarati,1,train_gujaratifemale
train_gujaratifemale_01298,Gujarati,1,train_gujaratifemale
train_gujaratifemale_01617,Gujarati,1,train_gujaratifemale
train_gujaratifemale_01883,Gujarati,0,train_gujaratifemale
train_gujaratifemale_01656,Gujarati,1,train_gujaratifemale
train_gujaratifemale_02326,Gujarati,0,train_gujaratifemale
train_gujaratifemale_02142,Gujarati,0,train_gujaratifemale
train_gujaratifemale_01179,Gujarati,0,train_gujaratifemale
train_gujaratifemale_01180,Gujarati,0,train_gujaratifemale
train_gujaratifemale_02222,Gujarati,0,train_gujaratifemale
train_gujaratifemale_01913,Gujarati,1,train_gujaratifemale
train_gujaratifemale_01997,Gujarati,0,train_gujaratifemale
train_gujaratifemale_02115,Gujarati,1,train_gujaratifemale
train_gujaratifemale_02340,Gujarati,1,train_gujaratifemale
train_gujaratifemale_01191,Gujarati,1,train_gujaratifemale
train_gujaratifemale_01790,Gujarati,0,train_gujaratifemale
train_gujaratifemale_01569,Gujarati,1,train_gujaratifemale
train_gujaratifemale_02072,Gujarati,1,train_gujaratifemale
train_gujaratifemale_01499,Gujarati,0,train_gujaratifemale
train_gujaratifemale_02092,Gujarati,1,train_gujaratifemale
train_gujaratifemale_02026,Gujarati,0,train_gujaratifemale
train_gujaratifemale_01581,Gujarati,1,train_gujaratifemale
train_gujaratifemale_01470,Gujarati,0,train_gujaratifemale
train_gujaratifemale_02129,Gujarati,0,train_gujaratifemale
train_gujaratifemale_01863,Gujarati,1,train_gujaratifemale
train_gujaratifemale_00711,Gujarati,0,train_gujaratifemale
train_gujaratifemale_00401,Gujarati,1,train_gujaratifemale
train_gujaratifemale_02141,Gujarati,0,train_gujaratifemale
train_gujaratifemale_01349,Gujarati,0,train_gujaratifemale
train_gujaratifemale_01772,Gujarati,1,train_gujaratifemale
train_gujaratifemale_01194,Gujarati,0,train_gujaratifemale
train_gujaratifemale_00815,Gujarati,1,train_gujaratifemale
train_gujaratifemale_01109,Gujarati,0,train_gujaratifemale
train_gujaratifemale_02162,Gujarati,1,train_gujaratifemale
train_gujaratifemale_02043,Gujarati,0,train_gujaratifemale
train_gujaratifemale_01801,Gujarati,0,train_gujaratifemale
train_gujaratifemale_01806,Gujarati,1,train_gujaratifemale
train_gujaratifemale_01058,Gujarati,1,train_gujaratifemale
train_gujaratifemale_01391,Gujarati,1,train_gujaratifemale
train_gujaratifemale_01088,Gujarati,0,train_gujaratifemale
train_gujaratifemale_01197,Gujarati,0,train_gujaratifemale
train_gujaratifemale_02210,Gujarati,1,train_gujaratifemale
train_gujaratifemale_01222,Gujarati,1,train_gujaratifemale
train_gujaratifemale_02173,Gujarati,1,train_gujaratifemale
train_gujaratifemale_02035,Gujarati,1,train_gujaratifemale
train_gujaratifemale_02384,Gujarati,1,train_gujaratifemale
train_gujaratifemale_01931,Gujarati,0,train_gujaratifemale
train_gujaratifemale_01317,Gujarati,0,train_gujaratifemale
train_gujaratifemale_02183,Gujarati,0,train_gujaratifemale
train_gujaratifemale_01890,Gujarati,0,train_gujaratifemale
train_gujaratifemale_01715,Gujarati,0,train_gujaratifemale
train_gujaratifemale_02291,Gujarati,0,train_gujaratifemale
train_gujaratifemale_02159,Gujarati,0,train_gujaratifemale
train_gujaratifemale_00718,Gujarati,0,train_gujaratifemale
train_gujaratifemale_01408,Gujarati,1,train_gujaratifemale
train_gujaratifemale_01694,Gujarati,1,train_gujaratifemale
train_gujaratifemale_01834,Gujarati,0,train_gujaratifemale
train_gujaratifemale_00660,Gujarati,1,train_gujaratifemale
train_gujaratifemale_01381,Gujarati,1,train_gujaratifemale
train_gujaratifemale_01542,Gujarati,1,train_gujaratifemale
train_gujaratifemale_01903,Gujarati,0,train_gujaratifemale
train_gujaratifemale_01948,Gujarati,0,train_gujaratifemale
train_gujaratifemale_00794,Gujarati,0,train_gujaratifemale
train_gujaratifemale_01942,Gujarati,0,train_gujaratifemale
train_gujaratifemale_00589,Gujarati,0,train_gujaratifemale
train_gujaratifemale_01246,Gujarati,0,train_gujaratifemale
train_gujaratifemale_01211,Gujarati,1,train_gujaratifemale
train_gujaratifemale_00772,Gujarati,0,train_gujaratifemale
train_gujaratifemale_01951,Gujarati,0,train_gujaratifemale
train_gujaratifemale_01578,Gujarati,0,train_gujaratifemale
train_gujaratifemale_01280,Gujarati,0,train_gujaratifemale
train_gujaratifemale_02068,Gujarati,0,train_gujaratifemale
train_gujaratifemale_01095,Gujarati,0,train_gujaratifemale
train_gujaratifemale_01302,Gujarati,1,train_gujaratifemale
train_gujaratifemale_01479,Gujarati,0,train_gujaratifemale
train_gujaratifemale_01613,Gujarati,1,train_gujaratifemale
train_gujaratifemale_01130,Gujarati,0,train_gujaratifemale
train_gujaratifemale_00604,Gujarati,0,train_gujaratifemale
train_gujaratifemale_02371,Gujarati,0,train_gujaratifemale
train_gujaratifemale_02267,Gujarati,1,train_gujaratifemale
train_gujaratifemale_02023,Gujarati,1,train_gujaratifemale
train_gujaratifemale_02180,Gujarati,0,train_gujaratifemale
train_gujaratifemale_02094,Gujarati,0,train_gujaratifemale
train_gujaratifemale_01551,Gujarati,1,train_gujaratifemale
train_gujaratifemale_02145,Gujarati,0,train_gujaratifemale
train_gujaratifemale_02113,Gujarati,1,train_gujaratifemale
train_gujaratifemale_01203,Gujarati,0,train_gujaratifemale
train_gujaratifemale_02353,Gujarati,1,train_gujaratifemale
train_gujaratifemale_01448,Gujarati,1,train_gujaratifemale
train_gujaratifemale_01270,Gujarati,1,train_gujaratifemale
train_gujaratifemale_00740,Gujarati,1,train_gujaratifemale
train_gujaratifemale_02307,Gujarati,0,train_gujaratifemale
train_gujaratifemale_01980,Gujarati,0,train_gujaratifemale
train_gujaratifemale_01779,Gujarati,1,train_gujaratifemale
train_gujaratifemale_02178,Gujarati,1,train_gujaratifemale
train_gujaratifemale_00618,Gujarati,0,train_gujaratifemale
train_gujaratifemale_01611,Gujarati,1,train_gujaratifemale
train_gujaratifemale_01757,Gujarati,0,train_gujaratifemale
train_gujaratifemale_02131,Gujarati,1,train_gujaratifemale
train_gujaratifemale_01891,Gujarati,1,train_gujaratifemale
train_gujaratifemale_01166,Gujarati,0,train_gujaratifemale
train_gujaratifemale_01664,Gujarati,0,train_gujaratifemale
train_gujaratifemale_02382,Gujarati,1,train_gujaratifemale
train_gujaratifemale_00798,Gujarati,1,train_gujaratifemale
train_gujaratifemale_02147,Gujarati,0,train_gujaratifemale
train_gujaratifemale_02198,Gujarati,0,train_gujaratifemale
train_gujaratifemale_01123,Gujarati,0,train_gujaratifemale
train_gujaratifemale_01190,Gujarati,0,train_gujaratifemale
train_gujaratifemale_01646,Gujarati,0,train_gujaratifemale
train_gujaratifemale_01582,Gujarati,1,train_gujaratifemale
train_gujaratifemale_01842,Gujarati,0,train_gujaratifemale
train_gujaratifemale_01501,Gujarati,1,train_gujaratifemale
train_gujaratifemale_01320,Gujarati,0,train_gujaratifemale
train_gujaratifemale_02331,Gujarati,0,train_gujaratifemale
train_gujaratifemale_01657,Gujarati,1,train_gujaratifemale
train_gujaratifemale_00779,Gujarati,1,train_gujaratifemale
train_gujaratifemale_02134,Gujarati,1,train_gujaratifemale
train_gujaratifemale_01511,Gujarati,0,train_gujaratifemale
train_gujaratifemale_01700,Gujarati,1,train_gujaratifemale
train_gujaratifemale_02108,Gujarati,1,train_gujaratifemale
train_gujaratifemale_02136,Gujarati,0,train_gujaratifemale
train_gujaratifemale_02356,Gujarati,0,train_gujaratifemale
train_gujaratifemale_02063,Gujarati,0,train_gujaratifemale
train_gujaratifemale_00844,Gujarati,1,train_gujaratifemale
train_gujaratifemale_02274,Gujarati,1,train_gujaratifemale
train_gujaratifemale_01895,Gujarati,1,train_gujaratifemale
train_gujaratifemale_01096,Gujarati,0,train_gujaratifemale
train_gujaratifemale_02366,Gujarati,0,train_gujaratifemale
train_gujaratifemale_01128,Gujarati,0,train_gujaratifemale
train_gujaratifemale_02106,Gujarati,1,train_gujaratifemale
train_gujaratifemale_01943,Gujarati,1,train_gujaratifemale
train_gujaratifemale_02292,Gujarati,1,train_gujaratifemale
train_gujaratifemale_02385,Gujarati,0,train_gujaratifemale
train_gujaratifemale_01099,Gujarati,1,train_gujaratifemale
train_gujaratifemale_02008,Gujarati,1,train_gujaratifemale
train_gujaratifemale_01912,Gujarati,1,train_gujaratifemale
train_gujaratifemale_01422,Gujarati,1,train_gujaratifemale
train_gujaratifemale_01518,Gujarati,1,train_gujaratifemale
train_gujaratifemale_01300,Gujarati,1,train_gujaratifemale
train_gujaratifemale_02208,Gujarati,1,train_gujaratifemale
train_gujaratifemale_01849,Gujarati,0,train_gujaratifemale
train_gujaratifemale_02036,Gujarati,0,train_gujaratifemale
train_gujaratifemale_02365,Gujarati,1,train_gujaratifemale
train_gujaratifemale_00968,Gujarati,1,train_gujaratifemale
train_gujaratifemale_01198,Gujarati,1,train_gujaratifemale
train_gujaratifemale_01826,Gujarati,1,train_gujaratifemale
train_gujaratifemale_02197,Gujarati,0,train_gujaratifemale
train_gujaratifemale_01543,Gujarati,0,train_gujaratifemale
train_gujaratifemale_00913,Gujarati,1,train_gujaratifemale
train_gujaratifemale_01023,Gujarati,0,train_gujaratifemale
train_gujaratifemale_01345,Gujarati,0,train_gujaratifemale
train_gujaratifemale_01822,Gujarati,0,train_gujaratifemale
train_gujaratifemale_01643,Gujarati,0,train_gujaratifemale
train_gujaratifemale_02073,Gujarati,0,train_gujaratifemale
train_gujaratifemale_01675,Gujarati,1,train_gujaratifemale
train_gujaratifemale_00632,Gujarati,1,train_gujaratifemale
train_gujaratifemale_02312,Gujarati,1,train_gujaratifemale
train_gujaratifemale_01958,Gujarati,0,train_gujaratifemale
train_gujaratifemale_02306,Gujarati,1,train_gujaratifemale
train_gujaratifemale_01278,Gujarati,0,train_gujaratifemale
train_gujaratifemale_01374,Gujarati,0,train_gujaratifemale
train_gujaratifemale_01616,Gujarati,1,train_gujaratifemale
train_gujaratifemale_00544,Gujarati,0,train_gujaratifemale
train_gujaratifemale_01631,Gujarati,0,train_gujaratifemale
train_gujaratifemale_01484,Gujarati,1,train_gujaratifemale
train_gujaratifemale_02187,Gujarati,0,train_gujaratifemale
train_gujaratifemale_01988,Gujarati,1,train_gujaratifemale
train_gujaratifemale_01814,Gujarati,1,train_gujaratifemale
train_gujaratifemale_02032,Gujarati,0,train_gujaratifemale
train_gujaratifemale_01795,Gujarati,0,train_gujaratifemale
train_gujaratifemale_01232,Gujarati,0,train_gujaratifemale
train_gujaratifemale_00765,Gujarati,1,train_gujaratifemale
train_gujaratifemale_01751,Gujarati,0,train_gujaratifemale
train_gujaratifemale_00474,Gujarati,0,train_gujaratifemale
train_gujaratifemale_02297,Gujarati,0,train_gujaratifemale
train_gujaratifemale_01010,Gujarati,1,train_gujaratifemale
train_gujaratifemale_02064,Gujarati,1,train_gujaratifemale
train_gujaratifemale_02061,Gujarati,0,train_gujaratifemale
train_gujaratifemale_01796,Gujarati,0,train_gujaratifemale
train_gujaratifemale_01092,Gujarati,1,train_gujaratifemale
train_gujaratifemale_02080,Gujarati,0,train_gujaratifemale
train_gujaratifemale_01927,Gujarati,1,train_gujaratifemale
train_gujaratifemale_00953,Gujarati,0,train_gujaratifemale
train_gujaratifemale_01788,Gujarati,1,train_gujaratifemale
train_gujaratifemale_01717,Gujarati,1,train_gujaratifemale
train_gujaratifemale_02256,Gujarati,1,train_gujaratifemale
train_gujaratifemale_02310,Gujarati,0,train_gujaratifemale
train_gujaratifemale_02165,Gujarati,0,train_gujaratifemale
train_gujaratifemale_01746,Gujarati,0,train_gujaratifemale
train_gujaratifemale_01871,Gujarati,0,train_gujaratifemale
train_gujaratifemale_02185,Gujarati,0,train_gujaratifemale
train_gujaratifemale_01993,Gujarati,1,train_gujaratifemale
train_gujaratifemale_01699,Gujarati,0,train_gujaratifemale
train_gujaratifemale_02195,Gujarati,0,train_gujaratifemale
train_gujaratifemale_01533,Gujarati,1,train_gujaratifemale
train_gujaratifemale_01521,Gujarati,0,train_gujaratifemale
train_gujaratifemale_00858,Gujarati,1,train_gujaratifemale
train_gujaratifemale_02052,Gujarati,1,train_gujaratifemale
train_gujaratifemale_00613,Gujarati,0,train_gujaratifemale
train_gujaratifemale_01271,Gujarati,1,train_gujaratifemale
train_gujaratifemale_01749,Gujarati,1,train_gujaratifemale
train_gujaratifemale_01844,Gujarati,0,train_gujaratifemale
train_gujaratifemale_01503,Gujarati,1,train_gujaratifemale
train_gujaratifemale_02235,Gujarati,0,train_gujaratifemale
train_gujaratifemale_01726,Gujarati,0,train_gujaratifemale
train_gujaratifemale_00649,Gujarati,1,train_gujaratifemale
train_gujaratifemale_01889,Gujarati,1,train_gujaratifemale
train_gujaratifemale_01906,Gujarati,0,train_gujaratifemale
train_gujaratifemale_02020,Gujarati,0,train_gujaratifemale
train_gujaratifemale_01080,Gujarati,1,train_gujaratifemale
train_gujaratifemale_02192,Gujarati,0,train_gujaratifemale
train_gujaratifemale_00764,Gujarati,1,train_gujaratifemale
train_gujaratifemale_01293,Gujarati,0,train_gujaratifemale
train_gujaratifemale_01149,Gujarati,0,train_gujaratifemale
train_gujaratifemale_02264,Gujarati,1,train_gujaratifemale
train_gujaratifemale_01415,Gujarati,1,train_gujaratifemale
train_gujaratifemale_02140,Gujarati,1,train_gujaratifemale
train_gujaratifemale_02044,Gujarati,0,train_gujaratifemale
train_gujaratifemale_00949,Gujarati,0,train_gujaratifemale
train_gujaratifemale_01952,Gujarati,0,train_gujaratifemale
train_gujaratifemale_01257,Gujarati,1,train_gujaratifemale
train_gujaratifemale_02130,Gujarati,1,train_gujaratifemale
train_gujaratifemale_01242,Gujarati,1,train_gujaratifemale
train_gujaratifemale_01315,Gujarati,0,train_gujaratifemale
train_gujaratifemale_01950,Gujarati,1,train_gujaratifemale
train_gujaratifemale_00667,Gujarati,0,train_gujaratifemale
train_gujaratifemale_01224,Gujarati,1,train_gujaratifemale
train_gujaratifemale_01634,Gujarati,1,train_gujaratifemale
train_gujaratifemale_01921,Gujarati,0,train_gujaratifemale
train_gujaratifemale_01926,Gujarati,1,train_gujaratifemale
train_gujaratifemale_01619,Gujarati,1,train_gujaratifemale
train_gujaratifemale_01575,Gujarati,0,train_gujaratifemale
train_gujaratifemale_01138,Gujarati,1,train_gujaratifemale
train_gujaratifemale_02390,Gujarati,1,train_gujaratifemale
train_gujaratifemale_00928,Gujarati,0,train_gujaratifemale
train_gujaratifemale_01283,Gujarati,0,train_gujaratifemale
train_gujaratifemale_01012,Gujarati,0,train_gujaratifemale
train_gujaratifemale_02226,Gujarati,1,train_gujaratifemale
train_gujaratifemale_01969,Gujarati,0,train_gujaratifemale
train_gujaratifemale_01124,Gujarati,0,train_gujaratifemale
train_gujaratifemale_01856,Gujarati,0,train_gujaratifemale
train_gujaratifemale_01250,Gujarati,1,train_gujaratifemale
train_gujaratifemale_01686,Gujarati,1,train_gujaratifemale
train_gujaratifemale_00300,Gujarati,0,train_gujaratifemale
train_gujaratifemale_01936,Gujarati,0,train_gujaratifemale
train_gujaratifemale_01781,Gujarati,0,train_gujaratifemale
train_gujaratifemale_01150,Gujarati,0,train_gujaratifemale
train_gujaratifemale_01184,Gujarati,0,train_gujaratifemale
train_gujaratifemale_00974,Gujarati,0,train_gujaratifemale
train_gujaratifemale_01354,Gujarati,0,train_gujaratifemale
train_gujaratifemale_01405,Gujarati,1,train_gujaratifemale
train_gujaratifemale_01972,Gujarati,0,train_gujaratifemale
train_gujaratifemale_01837,Gujarati,0,train_gujaratifemale
train_gujaratifemale_01963,Gujarati,1,train_gujaratifemale
train_gujaratifemale_01622,Gujarati,1,train_gujaratifemale
train_gujaratifemale_02350,Gujarati,0,train_gujaratifemale
train_gujaratifemale_01676,Gujarati,1,train_gujaratifemale
train_gujaratifemale_02157,Gujarati,1,train_gujaratifemale
train_gujaratifemale_00399,Gujarati,1,train_gujaratifemale
train_gujaratifemale_01275,Gujarati,0,train_gujaratifemale
train_gujaratifemale_01983,Gujarati,1,train_gujaratifemale
train_gujaratifemale_02261,Gujarati,0,train_gujaratifemale
train_gujaratifemale_02273,Gujarati,1,train_gujaratifemale
train_gujaratifemale_01928,Gujarati,0,train_gujaratifemale
train_gujaratifemale_01172,Gujarati,0,train_gujaratifemale
train_gujaratifemale_02248,Gujarati,0,train_gujaratifemale
train_gujaratifemale_02006,Gujarati,0,train_gujaratifemale
train_gujaratifemale_02050,Gujarati,0,train_gujaratifemale
train_gujaratifemale_02217,Gujarati,1,train_gujaratifemale
train_gujaratifemale_01855,Gujarati,0,train_gujaratifemale
train_gujaratifemale_00406,Gujarati,0,train_gujaratifemale
train_gujaratifemale_01462,Gujarati,1,train_gujaratifemale
train_gujaratifemale_01106,Gujarati,0,train_gujaratifemale
train_gujaratifemale_01178,Gujarati,0,train_gujaratifemale
train_gujaratifemale_01375,Gujarati,0,train_gujaratifemale
train_gujaratifemale_01427,Gujarati,0,train_gujaratifemale
train_gujaratifemale_01538,Gujarati,1,train_gujaratifemale
train_gujaratifemale_01060,Gujarati,1,train_gujaratifemale
train_gujaratifemale_01773,Gujarati,1,train_gujaratifemale
train_gujaratifemale_02120,Gujarati,0,train_gujaratifemale
train_gujaratifemale_01831,Gujarati,1,train_gujaratifemale
train_gujaratifemale_01872,Gujarati,0,train_gujaratifemale
train_gujaratifemale_00985,Gujarati,1,train_gujaratifemale
train_gujaratifemale_00996,Gujarati,0,train_gujaratifemale
train_gujaratifemale_00972,Gujarati,1,train_gujaratifemale
train_gujaratifemale_02231,Gujarati,1,train_gujaratifemale
train_gujaratifemale_01847,Gujarati,1,train_gujaratifemale
train_gujaratifemale_01851,Gujarati,1,train_gujaratifemale
train_gujaratifemale_00688,Gujarati,0,train_gujaratifemale
train_gujaratifemale_01030,Gujarati,0,train_gujaratifemale
train_gujaratifemale_01458,Gujarati,1,train_gujaratifemale
train_gujaratifemale_02163,Gujarati,0,train_gujaratifemale
train_gujaratifemale_01584,Gujarati,0,train_gujaratifemale
train_gujaratifemale_01417,Gujarati,0,train_gujaratifemale
train_gujaratifemale_01740,Gujarati,1,train_gujaratifemale
train_gujaratifemale_02313,Gujarati,0,train_gujaratifemale
train_gujaratifemale_01579,Gujarati,1,train_gujaratifemale
train_gujaratifemale_02270,Gujarati,1,train_gujaratifemale
train_gujaratifemale_01039,Gujarati,0,train_gujaratifemale
train_gujaratifemale_01630,Gujarati,0,train_gujaratifemale
train_gujaratifemale_01586,Gujarati,1,train_gujaratifemale
train_gujaratifemale_01452,Gujarati,1,train_gujaratifemale
train_gujaratifemale_01229,Gujarati,1,train_gujaratifemale
train_gujaratifemale_01985,Gujarati,1,train_gujaratifemale
train_gujaratifemale_02377,Gujarati,0,train_gujaratifemale
train_gujaratifemale_01158,Gujarati,0,train_gujaratifemale
train_gujaratifemale_01991,Gujarati,0,train_gujaratifemale
train_gujaratifemale_01346,Gujarati,0,train_gujaratifemale
train_gujaratifemale_02285,Gujarati,1,train_gujaratifemale
train_gujaratifemale_01086,Gujarati,1,train_gujaratifemale
train_gujaratifemale_01285,Gujarati,1,train_gujaratifemale
train_gujaratifemale_01954,Gujarati,1,train_gujaratifemale
train_gujaratifemale_01682,Gujarati,1,train_gujaratifemale
train_gujaratifemale_02196,Gujarati,0,train_gujaratifemale
train_gujaratifemale_01536,Gujarati,1,train_gujaratifemale
train_gujaratifemale_02151,Gujarati,0,train_gujaratifemale
train_gujaratifemale_01016,Gujarati,1,train_gujaratifemale
train_gujaratifemale_00854,Gujarati,0,train_gujaratifemale
train_gujaratifemale_02363,Gujarati,0,train_gujaratifemale
train_gujaratifemale_01885,Gujarati,0,train_gujaratifemale
train_gujaratifemale_01976,Gujarati,0,train_gujaratifemale
train_gujaratifemale_01960,Gujarati,1,train_gujaratifemale
train_gujaratifemale_00947,Gujarati,0,train_gujaratifemale
train_gujaratifemale_02372,Gujarati,1,train_gujaratifemale
train_gujaratifemale_01111,Gujarati,0,train_gujaratifemale
train_gujaratifemale_01356,Gujarati,1,train_gujaratifemale
train_gujaratifemale_00830,Gujarati,0,train_gujaratifemale
train_gujaratifemale_02027,Gujarati,0,train_gujaratifemale
train_gujaratifemale_01632,Gujarati,1,train_gujaratifemale
train_gujaratifemale_00653,Gujarati,1,train_gujaratifemale
train_gujaratifemale_01481,Gujarati,0,train_gujaratifemale
train_gujaratifemale_02237,Gujarati,1,train_gujaratifemale
train_gujaratifemale_01361,Gujarati,1,train_gujaratifemale
train_gujaratifemale_02148,Gujarati,0,train_gujaratifemale
train_gujaratifemale_01595,Gujarati,1,train_gujaratifemale
train_gujaratifemale_00393,Gujarati,1,train_gujaratifemale
train_gujaratifemale_00328,Gujarati,1,train_gujaratifemale
train_gujaratifemale_02091,Gujarati,0,train_gujaratifemale
train_gujaratifemale_01688,Gujarati,0,train_gujaratifemale
TAM_F_ANGER_00640,Tamil,0,TAM_F
TAM_F_ANGER_00165,Tamil,1,TAM_F
TAM_F_ANGER_00298,Tamil,1,TAM_F
TAM_F_ANGER_00585,Tamil,1,TAM_F
TAM_F_ANGER_00056,Tamil,1,TAM_F
TAM_F_ANGER_00089,Tamil,1,TAM_F
TAM_F_ANGER_00647,Tamil,1,TAM_F
TAM_F_ANGER_00081,Tamil,0,TAM_F
TAM_F_ANGER_00015,Tamil,0,TAM_F
TAM_F_ANGER_00606,Tamil,0,TAM_F
TAM_F_ANGER_00463,Tamil,1,TAM_F
TAM_F_ANGER_00645,Tamil,1,TAM_F
TAM_F_ANGER_00494,Tamil,0,TAM_F
TAM_F_ANGER_00558,Tamil,0,TAM_F
TAM_F_ANGER_00099,Tamil,1,TAM_F
TAM_F_ANGER_00343,Tamil,0,TAM_F
TAM_F_ANGER_00484,Tamil,1,TAM_F
TAM_F_ANGER_00094,Tamil,0,TAM_F
TAM_F_ANGER_00031,Tamil,1,TAM_F
TAM_F_ANGER_00305,Tamil,1,TAM_F
TAM_F_ANGER_00370,Tamil,0,TAM_F
TAM_F_ANGER_00686,Tamil,0,TAM_F
TAM_F_ANGER_00671,Tamil,1,TAM_F
TAM_F_ANGER_00230,Tamil,0,TAM_F
TAM_F_ANGER_00654,Tamil,1,TAM_F
TAM_F_ANGER_00162,Tamil,0,TAM_F
TAM_F_ANGER_00610,Tamil,1,TAM_F
TAM_F_ANGER_00532,Tamil,0,TAM_F
TAM_F_ALEXA_00632,Tamil,1,TAM_F
TAM_F_ALEXA_00558,Tamil,1,TAM_F
TAM_F_UMANG_00047,Tamil,0,TAM_F
TAM_F_ALEXA_00362,Tamil,1,TAM_F
TAM_F_ALEXA_00185,Tamil,0,TAM_F
TAM_F_ALEXA_00087,Tamil,0,TAM_F
TAM_F_ALEXA_00367,Tamil,0,TAM_F
TAM_F_ALEXA_00437,Tamil,0,TAM_F
TAM_F_ALEXA_00544,Tamil,1,TAM_F
TAM_F_ALEXA_00640,Tamil,1,TAM_F
TAM_F_UMANG_00012,Tamil,0,TAM_F
TAM_F_ALEXA_00379,Tamil,0,TAM_F
TAM_F_ALEXA_00287,Tamil,1,TAM_F
TAM_F_ALEXA_00107,Tamil,0,TAM_F
TAM_F_ALEXA_00548,Tamil,1,TAM_F
TAM_F_ALEXA_00395,Tamil,0,TAM_F
TAM_F_ALEXA_00312,Tamil,1,TAM_F
TAM_F_ALEXA_00260,Tamil,0,TAM_F
TAM_F_ALEXA_00175,Tamil,0,TAM_F
TAM_F_ALEXA_00625,Tamil,0,TAM_F
TAM_F_ALEXA_00044,Tamil,1,TAM_F
TAM_F_ALEXA_00116,Tamil,1,TAM_F
TAM_F_UMANG_00090,Tamil,1,TAM_F
TAM_F_ALEXA_00462,Tamil,1,TAM_F
TAM_F_ALEXA_00191,Tamil,0,TAM_F
TAM_F_ALEXA_00393,Tamil,1,TAM_F
TAM_F_ALEXA_00338,Tamil,1,TAM_F
TAM_F_ALEXA_00223,Tamil,0,TAM_F
TAM_F_ALEXA_00255,Tamil,1,TAM_F
TAM_F_ALEXA_00103,Tamil,0,TAM_F
TAM_F_ALEXA_00230,Tamil,1,TAM_F
TAM_F_ALEXA_00084,Tamil,0,TAM_F
TAM_F_ALEXA_00580,Tamil,1,TAM_F
TAM_F_ALEXA_00125,Tamil,1,TAM_F
TAM_F_UMANG_00081,Tamil,0,TAM_F
TAM_F_ALEXA_00434,Tamil,1,TAM_F
TAM_F_ALEXA_00496,Tamil,1,TAM_F
TAM_F_ALEXA_00373,Tamil,1,TAM_F
TAM_F_ALEXA_00165,Tamil,1,TAM_F
TAM_F_ALEXA_00572,Tamil,1,TAM_F
TAM_F_ALEXA_00036,Tamil,1,TAM_F
TAM_F_ALEXA_00271,Tamil,1,TAM_F
TAM_F_ALEXA_00374,Tamil,1,TAM_F
TAM_F_ALEXA_00082,Tamil,1,TAM_F
TAM_F_ALEXA_00478,Tamil,0,TAM_F
TAM_F_ALEXA_00071,Tamil,0,TAM_F
TAM_F_UMANG_00027,Tamil,0,TAM_F
TAM_F_ALEXA_00441,Tamil,0,TAM_F
TAM_F_ALEXA_00013,Tamil,0,TAM_F
TAM_F_ALEXA_00408,Tamil,1,TAM_F
TAM_F_ALEXA_00072,Tamil,1,TAM_F
TAM_F_ALEXA_00127,Tamil,1,TAM_F
TAM_F_UMANG_00103,Tamil,0,TAM_F
TAM_F_ALEXA_00209,Tamil,0,TAM_F
TAM_F_ALEXA_00406,Tamil,1,TAM_F
TAM_F_ALEXA_00553,Tamil,1,TAM_F
TAM_F_ALEXA_00081,Tamil,0,TAM_F
TAM_F_ALEXA_00060,Tamil,1,TAM_F
TAM_F_ALEXA_00347,Tamil,1,TAM_F
TAM_F_ALEXA_00306,Tamil,1,TAM_F
TAM_F_UMANG_00065,Tamil,0,TAM_F
TAM_F_ALEXA_00265,Tamil,1,TAM_F
TAM_F_ALEXA_00222,Tamil,0,TAM_F
TAM_F_ALEXA_00527,Tamil,1,TAM_F
TAM_F_ALEXA_00311,Tamil,1,TAM_F
TAM_F_ALEXA_00574,Tamil,0,TAM_F
TAM_F_ALEXA_00348,Tamil,0,TAM_F
TAM_F_ALEXA_00372,Tamil,0,TAM_F
TAM_F_ALEXA_00467,Tamil,1,TAM_F
TAM_F_ALEXA_00447,Tamil,1,TAM_F
TAM_F_ALEXA_00427,Tamil,0,TAM_F
TAM_F_ALEXA_00344,Tamil,1,TAM_F
TAM_F_ALEXA_00203,Tamil,1,TAM_F
TAM_F_ALEXA_00078,Tamil,1,TAM_F
TAM_F_ALEXA_00233,Tamil,1,TAM_F
TAM_F_ALEXA_00473,Tamil,0,TAM_F
TAM_F_ALEXA_00604,Tamil,0,TAM_F
TAM_F_ALEXA_00068,Tamil,0,TAM_F
TAM_F_ALEXA_00658,Tamil,0,TAM_F
TAM_F_ALEXA_00425,Tamil,0,TAM_F
TAM_F_ALEXA_00054,Tamil,0,TAM_F
TAM_F_ALEXA_00439,Tamil,0,TAM_F
TAM_F_ALEXA_00552,Tamil,0,TAM_F
TAM_F_ALEXA_00388,Tamil,1,TAM_F
TAM_F_UMANG_00031,Tamil,1,TAM_F
TAM_F_ALEXA_00605,Tamil,1,TAM_F
TAM_F_ALEXA_00503,Tamil,0,TAM_F
TAM_F_ALEXA_00025,Tamil,1,TAM_F
TAM_F_ALEXA_00418,Tamil,0,TAM_F
TAM_F_UMANG_00100,Tamil,0,TAM_F
TAM_F_ALEXA_00465,Tamil,0,TAM_F
TAM_F_ALEXA_00172,Tamil,1,TAM_F
TAM_F_ALEXA_00302,Tamil,0,TAM_F
TAM_F_ALEXA_00409,Tamil,0,TAM_F
TAM_F_ALEXA_00278,Tamil,0,TAM_F
TAM_F_ALEXA_00092,Tamil,0,TAM_F
TAM_F_ALEXA_00615,Tamil,0,TAM_F
TAM_F_ALEXA_00008,Tamil,0,TAM_F
TAM_F_ALEXA_00365,Tamil,1,TAM_F
TAM_F_ALEXA_00628,Tamil,1,TAM_F
TAM_F_ALEXA_00034,Tamil,0,TAM_F
TAM_F_ALEXA_00638,Tamil,1,TAM_F
TAM_F_UMANG_00041,Tamil,0,TAM_F
TAM_F_ALEXA_00453,Tamil,1,TAM_F
TAM_F_ALEXA_00140,Tamil,0,TAM_F
TAM_F_ALEXA_00327,Tamil,0,TAM_F
TAM_F_ALEXA_00423,Tamil,1,TAM_F
TAM_F_UMANG_00015,Tamil,0,TAM_F
TAM_F_ALEXA_00443,Tamil,0,TAM_F
TAM_F_ALEXA_00258,Tamil,1,TAM_F
TAM_F_ALEXA_00659,Tamil,0,TAM_F
TAM_F_ALEXA_00206,Tamil,0,TAM_F
TAM_F_ALEXA_00241,Tamil,1,TAM_F
TAM_F_ALEXA_00499,Tamil,0,TAM_F
TAM_F_ALEXA_00089,Tamil,1,TAM_F
TAM_F_ALEXA_00085,Tamil,0,TAM_F
TAM_F_ALEXA_00243,Tamil,1,TAM_F
TAM_F_ALEXA_00309,Tamil,1,TAM_F
TAM_F_ALEXA_00411,Tamil,0,TAM_F
TAM_F_ALEXA_00169,Tamil,0,TAM_F
TAM_F_ALEXA_00033,Tamil,1,TAM_F
TAM_F_ALEXA_00157,Tamil,1,TAM_F
TAM_F_ALEXA_00673,Tamil,1,TAM_F
TAM_F_ALEXA_00430,Tamil,1,TAM_F
TAM_F_ALEXA_00446,Tamil,0,TAM_F
TAM_F_ALEXA_00520,Tamil,1,TAM_F
TAM_F_UMANG_00095,Tamil,1,TAM_F
TAM_F_ALEXA_00591,Tamil,1,TAM_F
TAM_F_ALEXA_00059,Tamil,1,TAM_F
TAM_F_ALEXA_00218,Tamil,0,TAM_F
TAM_F_ALEXA_00341,Tamil,1,TAM_F
TAM_F_ALEXA_00533,Tamil,1,TAM_F
TAM_F_ALEXA_00331,Tamil,0,TAM_F
TAM_F_ALEXA_00220,Tamil,1,TAM_F
TAM_F_ALEXA_00334,Tamil,0,TAM_F
TAM_F_ALEXA_00066,Tamil,0,TAM_F
TAM_F_ALEXA_00622,Tamil,1,TAM_F
TAM_F_ALEXA_00667,Tamil,0,TAM_F
TAM_F_UMANG_00067,Tamil,0,TAM_F
TAM_F_ALEXA_00610,Tamil,1,TAM_F
TAM_F_ALEXA_00226,Tamil,1,TAM_F
TAM_F_ALEXA_00257,Tamil,1,TAM_F
TAM_F_ALEXA_00096,Tamil,0,TAM_F
TAM_F_ALEXA_00613,Tamil,0,TAM_F
TAM_F_ALEXA_00416,Tamil,1,TAM_F
TAM_F_ALEXA_00075,Tamil,0,TAM_F
TAM_F_UMANG_00068,Tamil,0,TAM_F
TAM_F_ALEXA_00138,Tamil,1,TAM_F
TAM_F_ALEXA_00048,Tamil,0,TAM_F
TAM_F_ALEXA_00077,Tamil,1,TAM_F
TAM_F_ALEXA_00621,Tamil,0,TAM_F
TAM_F_ALEXA_00214,Tamil,0,TAM_F
TAM_F_ALEXA_00277,Tamil,0,TAM_F
TAM_F_ALEXA_00489,Tamil,0,TAM_F
TAM_F_ALEXA_00143,Tamil,1,TAM_F
TAM_F_ALEXA_00643,Tamil,1,TAM_F
TAM_F_ALEXA_00032,Tamil,1,TAM_F
TAM_F_ALEXA_00358,Tamil,0,TAM_F
TAM_F_ALEXA_00523,Tamil,0,TAM_F
TAM_F_ALEXA_00674,Tamil,1,TAM_F
TAM_F_ALEXA_00144,Tamil,1,TAM_F
TAM_F_ALEXA_00570,Tamil,1,TAM_F
TAM_F_ALEXA_00010,Tamil,0,TAM_F
TAM_F_ALEXA_00345,Tamil,0,TAM_F
TAM_F_ALEXA_00079,Tamil,0,TAM_F
TAM_F_ALEXA_00597,Tamil,0,TAM_F
TAM_F_UMANG_00055,Tamil,0,TAM_F
TAM_F_CONV_02870,Tamil,0,TAM_F
TAM_F_CONV_02730,Tamil,1,TAM_F
TAM_F_CONV_01087,Tamil,0,TAM_F
TAM_F_CONV_00569,Tamil,0,TAM_F
TAM_F_CONV_02700,Tamil,0,TAM_F
TAM_F_CONV_00982,Tamil,1,TAM_F
TAM_F_CONV_00124,Tamil,0,TAM_F
TAM_F_CONV_01803,Tamil,1,TAM_F
TAM_F_CONV_00097,Tamil,1,TAM_F
TAM_F_CONV_01435,Tamil,1,TAM_F
TAM_F_CONV_00889,Tamil,1,TAM_F
TAM_F_CONV_01188,Tamil,1,TAM_F
TAM_F_CONV_02278,Tamil,0,TAM_F
TAM_F_CONV_00744,Tamil,1,TAM_F
TAM_F_CONV_02951,Tamil,0,TAM_F
TAM_F_CONV_00473,Tamil,0,TAM_F
TAM_F_CONV_00951,Tamil,0,TAM_F
TAM_F_CONV_01308,Tamil,1,TAM_F
TAM_F_CONV_00843,Tamil,0,TAM_F
TAM_F_CONV_02275,Tamil,1,TAM_F
TAM_F_CONV_01706,Tamil,1,TAM_F
TAM_F_CONV_00779,Tamil,1,TAM_F
TAM_F_CONV_01426,Tamil,0,TAM_F
TAM_F_CONV_00886,Tamil,1,TAM_F
TAM_F_CONV_01237,Tamil,0,TAM_F
TAM_F_CONV_01962,Tamil,0,TAM_F
TAM_F_CONV_01932,Tamil,1,TAM_F
TAM_F_CONV_00610,Tamil,0,TAM_F
TAM_F_CONV_00707,Tamil,1,TAM_F
TAM_F_CONV_02031,Tamil,0,TAM_F
TAM_F_CONV_01044,Tamil,1,TAM_F
TAM_F_CONV_00352,Tamil,1,TAM_F
TAM_F_CONV_01418,Tamil,1,TAM_F
TAM_F_CONV_02117,Tamil,0,TAM_F
TAM_F_CONV_01602,Tamil,0,TAM_F
TAM_F_CONV_01765,Tamil,0,TAM_F
TAM_F_CONV_01686,Tamil,1,TAM_F
TAM_F_CONV_00194,Tamil,0,TAM_F
TAM_F_CONV_00556,Tamil,1,TAM_F
TAM_F_CONV_00499,Tamil,1,TAM_F
TAM_F_CONV_02196,Tamil,0,TAM_F
TAM_F_CONV_01481,Tamil,0,TAM_F
TAM_F_CONV_01668,Tamil,1,TAM_F
TAM_F_CONV_01608,Tamil,0,TAM_F
TAM_F_CONV_02593,Tamil,1,TAM_F
TAM_F_CONV_00521,Tamil,1,TAM_F
TAM_F_CONV_00698,Tamil,0,TAM_F
TAM_F_CONV_00570,Tamil,1,TAM_F
TAM_F_CONV_00691,Tamil,1,TAM_F
TAM_F_CONV_00644,Tamil,1,TAM_F
TAM_F_CONV_02073,Tamil,0,TAM_F
TAM_F_CONV_01816,Tamil,1,TAM_F
TAM_F_CONV_00175,Tamil,1,TAM_F
TAM_F_CONV_01373,Tamil,1,TAM_F
TAM_F_CONV_02027,Tamil,0,TAM_F
TAM_F_CONV_00386,Tamil,0,TAM_F
TAM_F_CONV_02332,Tamil,0,TAM_F
TAM_F_CONV_01134,Tamil,0,TAM_F
TAM_F_CONV_02613,Tamil,1,TAM_F
TAM_F_CONV_00858,Tamil,1,TAM_F
TAM_F_CONV_00623,Tamil,1,TAM_F
TAM_F_CONV_02411,Tamil,1,TAM_F
TAM_F_CONV_02725,Tamil,0,TAM_F
TAM_F_CONV_02093,Tamil,1,TAM_F
TAM_F_CONV_02282,Tamil,1,TAM_F
TAM_F_CONV_02375,Tamil,0,TAM_F
TAM_F_CONV_02961,Tamil,1,TAM_F
TAM_F_CONV_02090,Tamil,1,TAM_F
TAM_F_CONV_00121,Tamil,0,TAM_F
TAM_F_CONV_02817,Tamil,0,TAM_F
TAM_F_CONV_02461,Tamil,0,TAM_F
TAM_F_CONV_02755,Tamil,0,TAM_F
TAM_F_CONV_02385,Tamil,1,TAM_F
TAM_F_CONV_00695,Tamil,1,TAM_F
TAM_F_CONV_02288,Tamil,1,TAM_F
TAM_F_CONV_02191,Tamil,1,TAM_F
TAM_F_CONV_00407,Tamil,1,TAM_F
TAM_F_CONV_01206,Tamil,0,TAM_F
TAM_F_CONV_01364,Tamil,0,TAM_F
TAM_F_CONV_00229,Tamil,1,TAM_F
TAM_F_CONV_01027,Tamil,0,TAM_F
TAM_F_CONV_01380,Tamil,0,TAM_F
TAM_F_CONV_02771,Tamil,1,TAM_F
TAM_F_CONV_02241,Tamil,0,TAM_F
TAM_F_CONV_00583,Tamil,0,TAM_F
TAM_F_CONV_02824,Tamil,0,TAM_F
TAM_F_CONV_01747,Tamil,1,TAM_F
TAM_F_CONV_02850,Tamil,1,TAM_F
TAM_F_CONV_02562,Tamil,0,TAM_F
TAM_F_CONV_01824,Tamil,1,TAM_F
TAM_F_CONV_00399,Tamil,0,TAM_F
TAM_F_CONV_01345,Tamil,0,TAM_F
TAM_F_CONV_02576,Tamil,0,TAM_F
TAM_F_CONV_01972,Tamil,0,TAM_F
TAM_F_CONV_00330,Tamil,1,TAM_F
TAM_F_CONV_01648,Tamil,0,TAM_F
TAM_F_CONV_00935,Tamil,0,TAM_F
TAM_F_CONV_00877,Tamil,0,TAM_F
TAM_F_CONV_01154,Tamil,1,TAM_F
TAM_F_CONV_02896,Tamil,0,TAM_F
TAM_F_CONV_00565,Tamil,1,TAM_F
TAM_F_CONV_02648,Tamil,1,TAM_F
TAM_F_CONV_02815,Tamil,1,TAM_F
TAM_F_CONV_00624,Tamil,0,TAM_F
TAM_F_CONV_02672,Tamil,1,TAM_F
TAM_F_CONV_01446,Tamil,0,TAM_F
TAM_F_CONV_00111,Tamil,0,TAM_F
TAM_F_CONV_02303,Tamil,1,TAM_F
TAM_F_CONV_00413,Tamil,1,TAM_F
TAM_F_CONV_01331,Tamil,0,TAM_F
TAM_F_CONV_00418,Tamil,1,TAM_F
TAM_F_CONV_01736,Tamil,1,TAM_F
TAM_F_CONV_00049,Tamil,1,TAM_F
TAM_F_CONV_01272,Tamil,1,TAM_F
TAM_F_CONV_01916,Tamil,1,TAM_F
TAM_F_CONV_00487,Tamil,0,TAM_F
TAM_F_CONV_02692,Tamil,1,TAM_F
TAM_F_CONV_02604,Tamil,0,TAM_F
TAM_F_CONV_03094,Tamil,0,TAM_F
TAM_F_CONV_00685,Tamil,1,TAM_F
TAM_F_CONV_02542,Tamil,1,TAM_F
TAM_F_CONV_01382,Tamil,0,TAM_F
TAM_F_CONV_00444,Tamil,1,TAM_F
TAM_F_CONV_01784,Tamil,0,TAM_F
TAM_F_CONV_00599,Tamil,1,TAM_F
TAM_F_CONV_01369,Tamil,1,TAM_F
TAM_F_CONV_02254,Tamil,0,TAM_F
TAM_F_CONV_02121,Tamil,1,TAM_F
TAM_F_CONV_01975,Tamil,0,TAM_F
TAM_F_CONV_00822,Tamil,0,TAM_F
TAM_F_CONV_00210,Tamil,1,TAM_F
TAM_F_CONV_02119,Tamil,0,TAM_F
TAM_F_CONV_00963,Tamil,1,TAM_F
TAM_F_CONV_00778,Tamil,0,TAM_F
TAM_F_CONV_01286,Tamil,1,TAM_F
TAM_F_CONV_00242,Tamil,0,TAM_F
TAM_F_CONV_02972,Tamil,1,TAM_F
TAM_F_CONV_00389,Tamil,0,TAM_F
TAM_F_CONV_01204,Tamil,0,TAM_F
TAM_F_CONV_00819,Tamil,0,TAM_F
TAM_F_CONV_00377,Tamil,1,TAM_F
TAM_F_CONV_01283,Tamil,0,TAM_F
TAM_F_CONV_00190,Tamil,1,TAM_F
TAM_F_CONV_02464,Tamil,1,TAM_F
TAM_F_CONV_02569,Tamil,0,TAM_F
TAM_F_CONV_01043,Tamil,0,TAM_F
TAM_F_CONV_01909,Tamil,0,TAM_F
TAM_F_CONV_03006,Tamil,0,TAM_F
TAM_F_CONV_01476,Tamil,1,TAM_F
TAM_F_CONV_01878,Tamil,0,TAM_F
TAM_F_CONV_02665,Tamil,0,TAM_F
TAM_F_CONV_02499,Tamil,0,TAM_F
TAM_F_CONV_01725,Tamil,0,TAM_F
TAM_F_CONV_02981,Tamil,1,TAM_F
TAM_F_CONV_00692,Tamil,1,TAM_F
TAM_F_CONV_01118,Tamil,0,TAM_F
TAM_F_CONV_00906,Tamil,1,TAM_F
TAM_F_CONV_01768,Tamil,0,TAM_F
TAM_F_CONV_01729,Tamil,1,TAM_F
TAM_F_CONV_01420,Tamil,0,TAM_F
TAM_F_CONV_02458,Tamil,0,TAM_F
TAM_F_CONV_02145,Tamil,0,TAM_F
TAM_F_CONV_01678,Tamil,1,TAM_F
TAM_F_CONV_02544,Tamil,1,TAM_F
TAM_F_CONV_03091,Tamil,0,TAM_F
TAM_F_CONV_02621,Tamil,1,TAM_F
TAM_F_CONV_02847,Tamil,0,TAM_F
TAM_F_DISGUST_00279,Tamil,1,TAM_F
TAM_F_DISGUST_00450,Tamil,1,TAM_F
TAM_F_DISGUST_00196,Tamil,0,TAM_F
TAM_F_DISGUST_00313,Tamil,1,TAM_F
TAM_F_DISGUST_00126,Tamil,0,TAM_F
TAM_F_DISGUST_00273,Tamil,0,TAM_F
TAM_F_DISGUST_00257,Tamil,1,TAM_F
TAM_F_DISGUST_00255,Tamil,1,TAM_F
TAM_F_DISGUST_00518,Tamil,1,TAM_F
TAM_F_DISGUST_00168,Tamil,1,TAM_F
TAM_F_DISGUST_00379,Tamil,1,TAM_F
TAM_F_DISGUST_00462,Tamil,1,TAM_F
TAM_F_DISGUST_00263,Tamil,0,TAM_F
TAM_F_DISGUST_00057,Tamil,0,TAM_F
TAM_F_DISGUST_00003,Tamil,0,TAM_F
TAM_F_DISGUST_00694,Tamil,1,TAM_F
TAM_F_DISGUST_00603,Tamil,1,TAM_F
TAM_F_DISGUST_00220,Tamil,1,TAM_F
TAM_F_DISGUST_00277,Tamil,1,TAM_F
TAM_F_DISGUST_00164,Tamil,0,TAM_F
TAM_F_DISGUST_00465,Tamil,0,TAM_F
TAM_F_DISGUST_00262,Tamil,1,TAM_F
TAM_F_DISGUST_00198,Tamil,1,TAM_F
TAM_F_DISGUST_00159,Tamil,0,TAM_F
TAM_F_DISGUST_00545,Tamil,0,TAM_F
TAM_F_DISGUST_00304,Tamil,0,TAM_F
TAM_F_DISGUST_00637,Tamil,0,TAM_F
TAM_F_DISGUST_00290,Tamil,1,TAM_F
TAM_F_DISGUST_00266,Tamil,0,TAM_F
TAM_F_DISGUST_00174,Tamil,1,TAM_F
TAM_F_DISGUST_00589,Tamil,0,TAM_F
TAM_F_DISGUST_00448,Tamil,0,TAM_F
TAM_F_DISGUST_00625,Tamil,1,TAM_F
TAM_F_DISGUST_00093,Tamil,1,TAM_F
TAM_F_DISGUST_00100,Tamil,1,TAM_F
TAM_F_DISGUST_00063,Tamil,0,TAM_F
TAM_F_DISGUST_00659,Tamil,0,TAM_F
TAM_F_DISGUST_00345,Tamil,0,TAM_F
TAM_F_DISGUST_00314,Tamil,1,TAM_F
TAM_F_DISGUST_00046,Tamil,1,TAM_F
TAM_F_DISGUST_00369,Tamil,0,TAM_F
TAM_F_DISGUST_00507,Tamil,0,TAM_F
TAM_F_DISGUST_00649,Tamil,1,TAM_F
TAM_F_DISGUST_00685,Tamil,1,TAM_F
TAM_F_DISGUST_00179,Tamil,0,TAM_F
TAM_F_DISGUST_00611,Tamil,0,TAM_F
TAM_F_DISGUST_00088,Tamil,1,TAM_F
TAM_F_DISGUST_00089,Tamil,0,TAM_F
TAM_F_DISGUST_00409,Tamil,1,TAM_F
TAM_F_DISGUST_00311,Tamil,1,TAM_F
TAM_F_DISGUST_00013,Tamil,0,TAM_F
TAM_F_DISGUST_00602,Tamil,1,TAM_F
TAM_F_DISGUST_00480,Tamil,1,TAM_F
TAM_F_DISGUST_00428,Tamil,0,TAM_F
TAM_F_DISGUST_00149,Tamil,0,TAM_F
TAM_F_DISGUST_00682,Tamil,1,TAM_F
TAM_F_DISGUST_00035,Tamil,0,TAM_F
TAM_F_DISGUST_00648,Tamil,1,TAM_F
TAM_F_DISGUST_00335,Tamil,1,TAM_F
TAM_F_DISGUST_00135,Tamil,0,TAM_F
TAM_F_DISGUST_00566,Tamil,1,TAM_F
TAM_F_DISGUST_00571,Tamil,0,TAM_F
TAM_F_DISGUST_00667,Tamil,1,TAM_F
TAM_F_DISGUST_00615,Tamil,1,TAM_F
TAM_F_DISGUST_00064,Tamil,0,TAM_F
TAM_F_DISGUST_00697,Tamil,1,TAM_F
TAM_F_DISGUST_00104,Tamil,0,TAM_F
TAM_F_DISGUST_00492,Tamil,0,TAM_F
TAM_F_DISGUST_00495,Tamil,1,TAM_F
TAM_F_DISGUST_00028,Tamil,1,TAM_F
TAM_F_DISGUST_00582,Tamil,0,TAM_F
TAM_F_DISGUST_00623,Tamil,0,TAM_F
TAM_F_DISGUST_00278,Tamil,0,TAM_F
TAM_F_DISGUST_00241,Tamil,1,TAM_F
TAM_F_DISGUST_00524,Tamil,0,TAM_F
TAM_F_DISGUST_00078,Tamil,0,TAM_F
TAM_F_DISGUST_00395,Tamil,0,TAM_F
TAM_F_DISGUST_00199,Tamil,0,TAM_F
TAM_F_DISGUST_00096,Tamil,0,TAM_F
TAM_F_DISGUST_00068,Tamil,1,TAM_F
TAM_F_DISGUST_00542,Tamil,1,TAM_F
TAM_F_DISGUST_00370,Tamil,1,TAM_F
TAM_F_DISGUST_00228,Tamil,1,TAM_F
TAM_F_DISGUST_00665,Tamil,1,TAM_F
TAM_F_DISGUST_00229,Tamil,0,TAM_F
TAM_F_DISGUST_00594,Tamil,0,TAM_F
TAM_F_DISGUST_00115,Tamil,1,TAM_F
TAM_F_DISGUST_00333,Tamil,1,TAM_F
TAM_F_DISGUST_00034,Tamil,0,TAM_F
TAM_F_DISGUST_00377,Tamil,1,TAM_F
TAM_F_DISGUST_00496,Tamil,1,TAM_F
TAM_F_DISGUST_00239,Tamil,0,TAM_F
TAM_F_DISGUST_00548,Tamil,1,TAM_F
TAM_F_DISGUST_00153,Tamil,1,TAM_F
TAM_F_DISGUST_00323,Tamil,0,TAM_F
TAM_F_DISGUST_00513,Tamil,1,TAM_F
TAM_F_DISGUST_00185,Tamil,1,TAM_F
TAM_F_DISGUST_00236,Tamil,0,TAM_F
TAM_F_DISGUST_00609,Tamil,1,TAM_F
TAM_F_DISGUST_00095,Tamil,0,TAM_F
TAM_F_DISGUST_00125,Tamil,0,TAM_F
TAM_F_DISGUST_00624,Tamil,0,TAM_F
TAM_F_DISGUST_00597,Tamil,0,TAM_F
TAM_F_DISGUST_00243,Tamil,1,TAM_F
TAM_F_DISGUST_00072,Tamil,0,TAM_F
TAM_F_DISGUST_00388,Tamil,0,TAM_F
TAM_F_DISGUST_00084,Tamil,0,TAM_F
TAM_F_DISGUST_00486,Tamil,0,TAM_F
TAM_F_DISGUST_00371,Tamil,1,TAM_F
TAM_F_DISGUST_00381,Tamil,0,TAM_F
TAM_F_DISGUST_00653,Tamil,1,TAM_F
TAM_F_DISGUST_00206,Tamil,0,TAM_F
TAM_F_DISGUST_00291,Tamil,0,TAM_F
TAM_F_DISGUST_00259,Tamil,1,TAM_F
TAM_F_DISGUST_00382,Tamil,0,TAM_F
TAM_F_DISGUST_00309,Tamil,1,TAM_F
TAM_F_DISGUST_00238,Tamil,1,TAM_F
TAM_F_DISGUST_00447,Tamil,0,TAM_F
TAM_F_DISGUST_00216,Tamil,1,TAM_F
TAM_F_DISGUST_00367,Tamil,1,TAM_F
TAM_F_DISGUST_00007,Tamil,0,TAM_F
TAM_F_DISGUST_00120,Tamil,1,TAM_F
TAM_F_DISGUST_00130,Tamil,0,TAM_F
TAM_F_DISGUST_00396,Tamil,0,TAM_F
TAM_F_DISGUST_00150,Tamil,0,TAM_F
TAM_F_DISGUST_00235,Tamil,0,TAM_F
TAM_F_DISGUST_00347,Tamil,1,TAM_F
TAM_F_DISGUST_00564,Tamil,1,TAM_F
TAM_F_DISGUST_00563,Tamil,0,TAM_F
TAM_F_DISGUST_00434,Tamil,1,TAM_F
TAM_F_DISGUST_00476,Tamil,1,TAM_F
TAM_F_DISGUST_00336,Tamil,0,TAM_F
TAM_F_DISGUST_00460,Tamil,1,TAM_F
TAM_F_DISGUST_00482,Tamil,1,TAM_F
TAM_F_DISGUST_00320,Tamil,1,TAM_F
TAM_F_DISGUST_00287,Tamil,0,TAM_F
TAM_F_DISGUST_00306,Tamil,1,TAM_F
TAM_F_DISGUST_00523,Tamil,0,TAM_F
TAM_F_DISGUST_00049,Tamil,0,TAM_F
TAM_F_DISGUST_00086,Tamil,1,TAM_F
TAM_F_DISGUST_00607,Tamil,1,TAM_F
TAM_F_DISGUST_00076,Tamil,0,TAM_F
TAM_F_DISGUST_00012,Tamil,0,TAM_F
TAM_F_DISGUST_00499,Tamil,1,TAM_F
TAM_F_DISGUST_00186,Tamil,1,TAM_F
TAM_F_DISGUST_00237,Tamil,0,TAM_F
TAM_F_DISGUST_00360,Tamil,0,TAM_F
TAM_F_DISGUST_00098,Tamil,1,TAM_F
TAM_F_DISGUST_00322,Tamil,0,TAM_F
TAM_F_DISGUST_00444,Tamil,0,TAM_F
TAM_F_DISGUST_00092,Tamil,0,TAM_F
TAM_F_DISGUST_00027,Tamil,0,TAM_F
TAM_F_DISGUST_00203,Tamil,1,TAM_F
TAM_F_DISGUST_00337,Tamil,1,TAM_F
TAM_F_DISGUST_00627,Tamil,0,TAM_F
TAM_F_DISGUST_00406,Tamil,1,TAM_F
TAM_F_DISGUST_00210,Tamil,1,TAM_F
TAM_F_DISGUST_00234,Tamil,1,TAM_F
TAM_F_DISGUST_00156,Tamil,1,TAM_F
TAM_F_DISGUST_00299,Tamil,1,TAM_F
TAM_F_DISGUST_00652,Tamil,0,TAM_F
TAM_F_DISGUST_00292,Tamil,0,TAM_F
TAM_F_DISGUST_00011,Tamil,0,TAM_F
TAM_F_DISGUST_00572,Tamil,0,TAM_F
TAM_F_DISGUST_00326,Tamil,1,TAM_F
TAM_F_DISGUST_00358,Tamil,0,TAM_F
TAM_F_DISGUST_00681,Tamil,0,TAM_F
TAM_F_FEAR_00653,Tamil,1,TAM_F
TAM_F_FEAR_00646,Tamil,0,TAM_F
TAM_F_FEAR_00598,Tamil,1,TAM_F
TAM_F_FEAR_00706,Tamil,1,TAM_F
TAM_F_FEAR_00535,Tamil,0,TAM_F
TAM_F_FEAR_00234,Tamil,1,TAM_F
TAM_F_FEAR_00429,Tamil,1,TAM_F
TAM_F_FEAR_00580,Tamil,0,TAM_F
TAM_F_FEAR_00270,Tamil,1,TAM_F
TAM_F_FEAR_00640,Tamil,1,TAM_F
TAM_F_FEAR_00406,Tamil,1,TAM_F
TAM_F_FEAR_00694,Tamil,0,TAM_F
TAM_F_FEAR_00814,Tamil,0,TAM_F
TAM_F_FEAR_00842,Tamil,0,TAM_F
TAM_F_FEAR_00834,Tamil,0,TAM_F
TAM_F_FEAR_00171,Tamil,1,TAM_F
TAM_F_FEAR_00564,Tamil,0,TAM_F
TAM_F_FEAR_00074,Tamil,0,TAM_F
TAM_F_FEAR_00312,Tamil,0,TAM_F
TAM_F_FEAR_00122,Tamil,1,TAM_F
TAM_F_FEAR_00073,Tamil,0,TAM_F
TAM_F_FEAR_00211,Tamil,1,TAM_F
TAM_F_FEAR_00087,Tamil,1,TAM_F
TAM_F_FEAR_00567,Tamil,0,TAM_F
TAM_F_FEAR_00026,Tamil,1,TAM_F
TAM_F_FEAR_00637,Tamil,0,TAM_F
TAM_F_FEAR_00767,Tamil,1,TAM_F
TAM_F_FEAR_00492,Tamil,1,TAM_F
TAM_F_FEAR_00446,Tamil,1,TAM_F
TAM_F_FEAR_00046,Tamil,1,TAM_F
TAM_F_FEAR_00513,Tamil,0,TAM_F
TAM_F_FEAR_00095,Tamil,0,TAM_F
TAM_F_FEAR_00152,Tamil,1,TAM_F
TAM_F_FEAR_00667,Tamil,1,TAM_F
TAM_F_FEAR_00810,Tamil,0,TAM_F
TAM_F_FEAR_00329,Tamil,0,TAM_F
TAM_F_FEAR_00796,Tamil,0,TAM_F
TAM_F_FEAR_00565,Tamil,0,TAM_F
TAM_F_FEAR_00368,Tamil,0,TAM_F
TAM_F_FEAR_00607,Tamil,1,TAM_F
TAM_F_FEAR_00376,Tamil,0,TAM_F
TAM_F_FEAR_00846,Tamil,0,TAM_F
TAM_F_FEAR_00132,Tamil,0,TAM_F
TAM_F_FEAR_00711,Tamil,0,TAM_F
TAM_F_FEAR_00239,Tamil,0,TAM_F
TAM_F_FEAR_00845,Tamil,1,TAM_F
TAM_F_FEAR_00387,Tamil,1,TAM_F
TAM_F_FEAR_00447,Tamil,1,TAM_F
TAM_F_FEAR_00085,Tamil,0,TAM_F
TAM_F_FEAR_00806,Tamil,1,TAM_F
TAM_F_FEAR_00520,Tamil,1,TAM_F
TAM_F_FEAR_00742,Tamil,1,TAM_F
TAM_F_FEAR_00055,Tamil,0,TAM_F
TAM_F_FEAR_00715,Tamil,1,TAM_F
TAM_F_FEAR_00229,Tamil,0,TAM_F
TAM_F_FEAR_00371,Tamil,0,TAM_F
TAM_F_FEAR_00413,Tamil,1,TAM_F
TAM_F_FEAR_00666,Tamil,1,TAM_F
TAM_F_FEAR_00799,Tamil,0,TAM_F
TAM_F_FEAR_00641,Tamil,1,TAM_F
TAM_F_FEAR_00318,Tamil,1,TAM_F
TAM_F_FEAR_00034,Tamil,0,TAM_F
TAM_F_FEAR_00720,Tamil,0,TAM_F
TAM_F_FEAR_00038,Tamil,0,TAM_F
TAM_F_FEAR_00035,Tamil,1,TAM_F
TAM_F_FEAR_00553,Tamil,1,TAM_F
TAM_F_FEAR_00288,Tamil,1,TAM_F
TAM_F_FEAR_00343,Tamil,0,TAM_F
TAM_F_FEAR_00529,Tamil,1,TAM_F
TAM_F_FEAR_00671,Tamil,1,TAM_F
TAM_F_FEAR_00274,Tamil,0,TAM_F
TAM_F_FEAR_00737,Tamil,0,TAM_F
TAM_F_FEAR_00293,Tamil,1,TAM_F
TAM_F_FEAR_00256,Tamil,0,TAM_F
TAM_F_FEAR_00358,Tamil,1,TAM_F
TAM_F_FEAR_00563,Tamil,1,TAM_F
TAM_F_FEAR_00260,Tamil,1,TAM_F
TAM_F_FEAR_00809,Tamil,0,TAM_F
TAM_F_FEAR_00566,Tamil,0,TAM_F
TAM_F_FEAR_00294,Tamil,0,TAM_F
TAM_F_FEAR_00061,Tamil,1,TAM_F
TAM_F_FEAR_00798,Tamil,0,TAM_F
TAM_F_FEAR_00680,Tamil,1,TAM_F
TAM_F_FEAR_00107,Tamil,1,TAM_F
TAM_F_FEAR_00552,Tamil,1,TAM_F
TAM_F_FEAR_00324,Tamil,0,TAM_F
TAM_F_FEAR_00761,Tamil,1,TAM_F
TAM_F_FEAR_00813,Tamil,0,TAM_F
TAM_F_FEAR_00296,Tamil,0,TAM_F
TAM_F_FEAR_00424,Tamil,1,TAM_F
TAM_F_FEAR_00134,Tamil,0,TAM_F
TAM_F_FEAR_00483,Tamil,0,TAM_F
TAM_F_FEAR_00093,Tamil,0,TAM_F
TAM_F_FEAR_00011,Tamil,0,TAM_F
TAM_F_FEAR_00494,Tamil,1,TAM_F
TAM_F_FEAR_00719,Tamil,0,TAM_F
TAM_F_FEAR_00518,Tamil,1,TAM_F
TAM_F_FEAR_00365,Tamil,1,TAM_F
TAM_F_FEAR_00633,Tamil,1,TAM_F
TAM_F_FEAR_00033,Tamil,1,TAM_F
TAM_F_FEAR_00514,Tamil,0,TAM_F
TAM_F_FEAR_00613,Tamil,0,TAM_F
TAM_F_FEAR_00072,Tamil,1,TAM_F
TAM_F_FEAR_00259,Tamil,1,TAM_F
TAM_F_FEAR_00685,Tamil,0,TAM_F
TAM_F_FEAR_00367,Tamil,1,TAM_F
TAM_F_FEAR_00090,Tamil,1,TAM_F
TAM_F_FEAR_00531,Tamil,1,TAM_F
TAM_F_FEAR_00676,Tamil,0,TAM_F
TAM_F_FEAR_00532,Tamil,0,TAM_F
TAM_F_FEAR_00688,Tamil,0,TAM_F
TAM_F_FEAR_00217,Tamil,0,TAM_F
TAM_F_FEAR_00588,Tamil,0,TAM_F
TAM_F_FEAR_00803,Tamil,0,TAM_F
TAM_F_FEAR_00083,Tamil,1,TAM_F
TAM_F_FEAR_00286,Tamil,1,TAM_F
TAM_F_FEAR_00747,Tamil,0,TAM_F
TAM_F_FEAR_00332,Tamil,1,TAM_F
TAM_F_FEAR_00079,Tamil,1,TAM_F
TAM_F_FEAR_00805,Tamil,1,TAM_F
TAM_F_FEAR_00499,Tamil,0,TAM_F
TAM_F_FEAR_00710,Tamil,1,TAM_F
TAM_F_FEAR_00690,Tamil,0,TAM_F
TAM_F_FEAR_00069,Tamil,0,TAM_F
TAM_F_FEAR_00281,Tamil,0,TAM_F
TAM_F_FEAR_00733,Tamil,1,TAM_F
TAM_F_FEAR_00333,Tamil,1,TAM_F
TAM_F_FEAR_00233,Tamil,0,TAM_F
TAM_F_FEAR_00831,Tamil,1,TAM_F
TAM_F_FEAR_00573,Tamil,1,TAM_F
TAM_F_FEAR_00844,Tamil,1,TAM_F
TAM_F_FEAR_00306,Tamil,1,TAM_F
TAM_F_FEAR_00220,Tamil,1,TAM_F
TAM_F_FEAR_00008,Tamil,0,TAM_F
TAM_F_FEAR_00321,Tamil,0,TAM_F
TAM_F_FEAR_00113,Tamil,0,TAM_F
TAM_F_FEAR_00420,Tamil,1,TAM_F
TAM_F_FEAR_00235,Tamil,0,TAM_F
TAM_F_FEAR_00636,Tamil,0,TAM_F
TAM_F_FEAR_00003,Tamil,1,TAM_F
TAM_F_FEAR_00417,Tamil,0,TAM_F
TAM_F_FEAR_00435,Tamil,0,TAM_F
TAM_F_FEAR_00338,Tamil,0,TAM_F
TAM_F_FEAR_00571,Tamil,0,TAM_F
TAM_F_FEAR_00461,Tamil,1,TAM_F
TAM_F_FEAR_00791,Tamil,1,TAM_F
TAM_F_FEAR_00734,Tamil,1,TAM_F
TAM_F_FEAR_00495,Tamil,0,TAM_F
TAM_F_FEAR_00237,Tamil,1,TAM_F
TAM_F_FEAR_00469,Tamil,1,TAM_F
TAM_F_FEAR_00277,Tamil,0,TAM_F
TAM_F_FEAR_00388,Tamil,0,TAM_F
TAM_F_FEAR_00088,Tamil,0,TAM_F
TAM_F_FEAR_00163,Tamil,0,TAM_F
TAM_F_FEAR_00369,Tamil,1,TAM_F
TAM_F_FEAR_00184,Tamil,0,TAM_F
TAM_F_FEAR_00759,Tamil,0,TAM_F
TAM_F_FEAR_00700,Tamil,0,TAM_F
TAM_F_FEAR_00149,Tamil,1,TAM_F
TAM_F_FEAR_00392,Tamil,1,TAM_F
TAM_F_FEAR_00060,Tamil,0,TAM_F
TAM_F_FEAR_00453,Tamil,0,TAM_F
TAM_F_FEAR_00650,Tamil,0,TAM_F
TAM_F_FEAR_00405,Tamil,1,TAM_F
TAM_F_FEAR_00597,Tamil,1,TAM_F
TAM_F_FEAR_00394,Tamil,1,TAM_F
TAM_F_FEAR_00558,Tamil,1,TAM_F
TAM_F_HAPPY_00674,Tamil,0,TAM_F
TAM_F_HAPPY_00320,Tamil,1,TAM_F
TAM_F_HAPPY_00123,Tamil,1,TAM_F
TAM_F_HAPPY_00206,Tamil,1,TAM_F
TAM_F_HAPPY_00530,Tamil,1,TAM_F
TAM_F_HAPPY_00335,Tamil,0,TAM_F
TAM_F_HAPPY_00615,Tamil,1,TAM_F
TAM_F_HAPPY_00513,Tamil,1,TAM_F
TAM_F_HAPPY_00195,Tamil,1,TAM_F
TAM_F_HAPPY_00286,Tamil,0,TAM_F
TAM_F_HAPPY_00625,Tamil,1,TAM_F
TAM_F_HAPPY_00213,Tamil,0,TAM_F
TAM_F_HAPPY_00154,Tamil,1,TAM_F
TAM_F_HAPPY_00211,Tamil,0,TAM_F
TAM_F_HAPPY_00479,Tamil,0,TAM_F
TAM_F_HAPPY_00128,Tamil,0,TAM_F
TAM_F_HAPPY_00240,Tamil,0,TAM_F
TAM_F_HAPPY_00508,Tamil,1,TAM_F
TAM_F_HAPPY_00099,Tamil,0,TAM_F
TAM_F_HAPPY_00481,Tamil,1,TAM_F
TAM_F_HAPPY_00627,Tamil,1,TAM_F
TAM_F_HAPPY_00118,Tamil,0,TAM_F
TAM_F_HAPPY_00003,Tamil,1,TAM_F
TAM_F_HAPPY_00643,Tamil,0,TAM_F
TAM_F_HAPPY_00080,Tamil,1,TAM_F
TAM_F_HAPPY_00180,Tamil,0,TAM_F
TAM_F_HAPPY_00064,Tamil,0,TAM_F
TAM_F_HAPPY_00074,Tamil,0,TAM_F
TAM_F_HAPPY_00305,Tamil,1,TAM_F
TAM_F_HAPPY_00037,Tamil,0,TAM_F
TAM_F_HAPPY_00171,Tamil,0,TAM_F
TAM_F_HAPPY_00104,Tamil,1,TAM_F
TAM_F_HAPPY_00093,Tamil,0,TAM_F
TAM_F_HAPPY_00638,Tamil,1,TAM_F
TAM_F_HAPPY_00094,Tamil,0,TAM_F
TAM_F_HAPPY_00361,Tamil,1,TAM_F
TAM_F_HAPPY_00298,Tamil,1,TAM_F
TAM_F_HAPPY_00272,Tamil,0,TAM_F
TAM_F_HAPPY_00516,Tamil,0,TAM_F
TAM_F_HAPPY_00632,Tamil,0,TAM_F
TAM_F_HAPPY_00489,Tamil,1,TAM_F
TAM_F_HAPPY_00599,Tamil,1,TAM_F
TAM_F_HAPPY_00267,Tamil,1,TAM_F
TAM_F_HAPPY_00016,Tamil,0,TAM_F
TAM_F_HAPPY_00635,Tamil,0,TAM_F
TAM_F_HAPPY_00662,Tamil,1,TAM_F
TAM_F_HAPPY_00008,Tamil,0,TAM_F
TAM_F_HAPPY_00557,Tamil,0,TAM_F
TAM_F_HAPPY_00295,Tamil,1,TAM_F
TAM_F_HAPPY_00520,Tamil,1,TAM_F
TAM_F_HAPPY_00283,Tamil,1,TAM_F
TAM_F_HAPPY_00191,Tamil,1,TAM_F
TAM_F_HAPPY_00230,Tamil,0,TAM_F
TAM_F_HAPPY_00255,Tamil,1,TAM_F
TAM_F_HAPPY_00185,Tamil,1,TAM_F
TAM_F_HAPPY_00425,Tamil,1,TAM_F
TAM_F_HAPPY_00228,Tamil,1,TAM_F
TAM_F_HAPPY_00087,Tamil,0,TAM_F
TAM_F_HAPPY_00664,Tamil,0,TAM_F
TAM_F_HAPPY_00580,Tamil,0,TAM_F
TAM_F_HAPPY_00095,Tamil,0,TAM_F
TAM_F_HAPPY_00302,Tamil,0,TAM_F
TAM_F_HAPPY_00038,Tamil,1,TAM_F
TAM_F_HAPPY_00082,Tamil,0,TAM_F
TAM_F_HAPPY_00679,Tamil,0,TAM_F
TAM_F_HAPPY_00587,Tamil,1,TAM_F
TAM_F_HAPPY_00475,Tamil,0,TAM_F
TAM_F_HAPPY_00084,Tamil,0,TAM_F
TAM_F_HAPPY_00047,Tamil,0,TAM_F
TAM_F_HAPPY_00086,Tamil,1,TAM_F
TAM_F_HAPPY_00239,Tamil,1,TAM_F
TAM_F_HAPPY_00182,Tamil,1,TAM_F
TAM_F_HAPPY_00663,Tamil,0,TAM_F
TAM_F_HAPPY_00318,Tamil,0,TAM_F
TAM_F_HAPPY_00166,Tamil,1,TAM_F
TAM_F_HAPPY_00070,Tamil,1,TAM_F
TAM_F_HAPPY_00155,Tamil,1,TAM_F
TAM_F_HAPPY_00463,Tamil,1,TAM_F
TAM_F_HAPPY_00311,Tamil,1,TAM_F
TAM_F_HAPPY_00540,Tamil,0,TAM_F
TAM_F_HAPPY_00017,Tamil,0,TAM_F
TAM_F_HAPPY_00343,Tamil,0,TAM_F
TAM_F_HAPPY_00327,Tamil,1,TAM_F
TAM_F_HAPPY_00369,Tamil,0,TAM_F
TAM_F_HAPPY_00089,Tamil,0,TAM_F
TAM_F_HAPPY_00271,Tamil,1,TAM_F
TAM_F_HAPPY_00676,Tamil,0,TAM_F
TAM_F_HAPPY_00603,Tamil,1,TAM_F
TAM_F_HAPPY_00161,Tamil,0,TAM_F
TAM_F_HAPPY_00605,Tamil,0,TAM_F
TAM_F_HAPPY_00398,Tamil,1,TAM_F
TAM_F_HAPPY_00264,Tamil,0,TAM_F
TAM_F_HAPPY_00314,Tamil,1,TAM_F
TAM_F_HAPPY_00340,Tamil,0,TAM_F
TAM_F_HAPPY_00566,Tamil,1,TAM_F
TAM_F_HAPPY_00337,Tamil,1,TAM_F
TAM_F_HAPPY_00011,Tamil,1,TAM_F
TAM_F_HAPPY_00583,Tamil,1,TAM_F
TAM_F_HAPPY_00597,Tamil,0,TAM_F
TAM_F_HAPPY_00606,Tamil,1,TAM_F
TAM_F_HAPPY_00661,Tamil,1,TAM_F
TAM_F_HAPPY_00645,Tamil,0,TAM_F
TAM_F_HAPPY_00096,Tamil,1,TAM_F
TAM_F_HAPPY_00244,Tamil,1,TAM_F
TAM_F_HAPPY_00411,Tamil,1,TAM_F
TAM_F_HAPPY_00477,Tamil,0,TAM_F
TAM_F_HAPPY_00510,Tamil,0,TAM_F
TAM_F_HAPPY_00396,Tamil,0,TAM_F
TAM_F_HAPPY_00234,Tamil,0,TAM_F
TAM_F_HAPPY_00389,Tamil,0,TAM_F
TAM_F_HAPPY_00127,Tamil,0,TAM_F
TAM_F_HAPPY_00630,Tamil,1,TAM_F
TAM_F_HAPPY_00348,Tamil,0,TAM_F
TAM_F_HAPPY_00193,Tamil,0,TAM_F
TAM_F_HAPPY_00315,Tamil,1,TAM_F
TAM_F_HAPPY_00246,Tamil,0,TAM_F
TAM_F_HAPPY_00088,Tamil,0,TAM_F
TAM_F_HAPPY_00494,Tamil,0,TAM_F
TAM_F_HAPPY_00339,Tamil,1,TAM_F
TAM_F_HAPPY_00410,Tamil,0,TAM_F
TAM_F_HAPPY_00205,Tamil,1,TAM_F
TAM_F_HAPPY_00439,Tamil,1,TAM_F
TAM_F_HAPPY_00452,Tamil,0,TAM_F
TAM_F_HAPPY_00547,Tamil,1,TAM_F
TAM_F_HAPPY_00085,Tamil,1,TAM_F
TAM_F_HAPPY_00406,Tamil,0,TAM_F
TAM_F_HAPPY_00140,Tamil,0,TAM_F
TAM_F_HAPPY_00106,Tamil,0,TAM_F
TAM_F_HAPPY_00323,Tamil,1,TAM_F
TAM_F_HAPPY_00079,Tamil,0,TAM_F
TAM_F_HAPPY_00021,Tamil,0,TAM_F
TAM_F_HAPPY_00388,Tamil,1,TAM_F
TAM_F_HAPPY_00174,Tamil,0,TAM_F
TAM_F_HAPPY_00102,Tamil,0,TAM_F
TAM_F_HAPPY_00570,Tamil,1,TAM_F
TAM_F_HAPPY_00137,Tamil,1,TAM_F
TAM_F_HAPPY_00423,Tamil,1,TAM_F
TAM_F_HAPPY_00444,Tamil,0,TAM_F
TAM_F_HAPPY_00041,Tamil,0,TAM_F
TAM_F_HAPPY_00001,Tamil,1,TAM_F
TAM_F_HAPPY_00672,Tamil,1,TAM_F
TAM_F_HAPPY_00333,Tamil,1,TAM_F
TAM_F_HAPPY_00384,Tamil,0,TAM_F
TAM_F_HAPPY_00626,Tamil,1,TAM_F
TAM_F_HAPPY_00254,Tamil,0,TAM_F
TAM_F_HAPPY_00265,Tamil,0,TAM_F
TAM_F_HAPPY_00028,Tamil,1,TAM_F
TAM_F_HAPPY_00552,Tamil,0,TAM_F
TAM_F_HAPPY_00135,Tamil,0,TAM_F
TAM_F_HAPPY_00103,Tamil,1,TAM_F
TAM_F_HAPPY_00217,Tamil,1,TAM_F
TAM_F_HAPPY_00515,Tamil,1,TAM_F
TAM_F_HAPPY_00024,Tamil,1,TAM_F
TAM_F_HAPPY_00220,Tamil,1,TAM_F
TAM_F_HAPPY_00659,Tamil,1,TAM_F
TAM_F_HAPPY_00169,Tamil,1,TAM_F
TAM_F_HAPPY_00602,Tamil,1,TAM_F
TAM_F_HAPPY_00609,Tamil,1,TAM_F
TAM_F_HAPPY_00397,Tamil,0,TAM_F
TAM_F_HAPPY_00624,Tamil,0,TAM_F
TAM_F_HAPPY_00247,Tamil,0,TAM_F
TAM_F_HAPPY_00604,Tamil,1,TAM_F
TAM_F_HAPPY_00561,Tamil,0,TAM_F
TAM_F_HAPPY_00063,Tamil,0,TAM_F
TAM_F_HAPPY_00287,Tamil,1,TAM_F
TAM_F_HAPPY_00055,Tamil,1,TAM_F
TAM_F_HAPPY_00109,Tamil,0,TAM_F
TAM_F_INDIC_00169,Tamil,0,TAM_F
TAM_F_INDIC_00074,Tamil,1,TAM_F
TAM_F_INDIC_00153,Tamil,0,TAM_F
TAM_F_INDIC_00021,Tamil,1,TAM_F
TAM_F_INDIC_00172,Tamil,1,TAM_F
TAM_F_INDIC_00110,Tamil,1,TAM_F
TAM_F_INDIC_00089,Tamil,0,TAM_F
TAM_F_INDIC_00031,Tamil,0,TAM_F
TAM_F_INDIC_00128,Tamil,1,TAM_F
TAM_F_INDIC_00138,Tamil,1,TAM_F
TAM_F_INDIC_00117,Tamil,1,TAM_F
TAM_F_INDIC_00141,Tamil,1,TAM_F
TAM_F_INDIC_00162,Tamil,1,TAM_F
TAM_F_INDIC_00170,Tamil,0,TAM_F
TAM_F_INDIC_00033,Tamil,1,TAM_F
TAM_F_INDIC_00006,Tamil,0,TAM_F
TAM_F_INDIC_00032,Tamil,0,TAM_F
TAM_F_INDIC_00075,Tamil,1,TAM_F
TAM_F_INDIC_00003,Tamil,0,TAM_F
TAM_F_INDIC_00174,Tamil,0,TAM_F
TAM_F_INDIC_00039,Tamil,0,TAM_F
TAM_F_INDIC_00052,Tamil,1,TAM_F
TAM_F_INDIC_00096,Tamil,0,TAM_F
TAM_F_INDIC_00088,Tamil,1,TAM_F
TAM_F_INDIC_00047,Tamil,1,TAM_F
